record_id,old_path,content_type,methods,caller,proposed_action,replacement,reason,existing_route,source,sitemap,validation
R0001,/,static HTML; sitemap entry,GET|HEAD,src/data/navigation.ts；src/components/HomeHeader.astro；src/components/HomeFooter.astro；站内语言/内容链接；外部推广链接未知,keep,/,品牌首页或品牌说明，按新版内容更新；保持语言,dist/index.html 已生成；Worker/Access 门禁可能先响应，不能认定 HTTP 200,src/pages/index.astro:1; scripts/generate-sitemap.mjs:11; scripts/generate-sitemap.mjs:99,yes,代码/构建定义已核对；HTTP 状态未验证，留 T20；生产配置/schema 未核验
R0002,/%6dusic/:descendant,music normalization variant,GET|HEAD,src/data/navigation.ts；src/components/HomeHeader.astro；src/components/HomeFooter.astro；站内语言/内容链接；外部推广链接未知,retire,404 对非法/未知后代；合法新路径先解析,解码/反斜线/重复斜线影响 namespace 命中；不当作新增作品；T20 必须测试 raw 请求与真实路由顺序,见源代码；不是线上 HTTP 记录,src/music/pagePaths.js:4; src/music/pageHttp.js:19,no,代码/构建定义已核对；HTTP 状态未验证，留 T20；生产配置/schema 未核验
R0003,/.well-known/apple-app-site-association,runtime/association/static asset family,GET|HEAD,src/mobile/http.js；原生 App/系统回调（正式客户端版本未核验）；不是网页 localStorage,service,/.well-known/apple-app-site-association,保留系统关联、实际游戏/依赖资源与必要静态能力；原鉴权/缓存/CSP不降低；静态资源范围不覆盖 Worker 私有资源拒绝规则,见源代码；不是线上 HTTP 记录,src/mobile/productionAssociation.js:4,no,代码/构建定义已核对；HTTP 状态未验证，留 T20；生产配置/schema 未核验
R0004,/_astro/*,runtime/association/static asset family,GET|HEAD,src/data/navigation.ts；src/components/HomeHeader.astro；src/components/HomeFooter.astro；站内语言/内容链接；外部推广链接未知,service,/_astro/*,保留系统关联、实际游戏/依赖资源与必要静态能力；原鉴权/缓存/CSP不降低；静态资源范围不覆盖 Worker 私有资源拒绝规则,见源代码；不是线上 HTTP 记录,public/_headers:7,no,代码/构建定义已核对；HTTP 状态未验证，留 T20；生产配置/schema 未核验
R0005,/about,slashless variant,GET|HEAD,src/data/navigation.ts；src/components/HomeHeader.astro；src/components/HomeFooter.astro；站内语言/内容链接；外部推广链接未知,redirect,/about/,品牌首页或品牌说明，按新版内容更新；保持语言,静态 slash 需 ASSETS 存在才 301；音乐受独立 gate/302；待 T20,src/pages/about.astro:1; src/worker.js:23362,no,代码/构建定义已核对；HTTP 状态未验证，留 T20；生产配置/schema 未核验
R0006,/about/,static HTML; sitemap entry,GET|HEAD,src/data/navigation.ts；src/components/HomeHeader.astro；src/components/HomeFooter.astro；站内语言/内容链接；外部推广链接未知,keep,/about/,品牌首页或品牌说明，按新版内容更新；保持语言,dist/index.html 已生成；Worker/Access 门禁可能先响应，不能认定 HTTP 200,src/pages/about.astro:1; scripts/generate-sitemap.mjs:11; scripts/generate-sitemap.mjs:99,yes,代码/构建定义已核对；HTTP 状态未验证，留 T20；生产配置/schema 未核验
R0007,/admin,slashless variant,GET|HEAD,src/pages/admin.astro；src/pages/admin-v2/index.astro；后台页面/客户端,service,/admin/,保留既有方法、鉴权/资源开关、回调与历史客户端契约；必要公开内容过滤单列,静态 slash 需 ASSETS 存在才 301；音乐受独立 gate/302；待 T20,src/pages/admin.astro:1; src/worker.js:23362,no,代码/构建定义已核对；HTTP 状态未验证，留 T20；生产配置/schema 未核验
R0008,/admin-v2,slashless variant,GET|HEAD,src/pages/admin.astro；src/pages/admin-v2/index.astro；后台页面/客户端,service,/admin-v2/,保留既有方法、鉴权/资源开关、回调与历史客户端契约；必要公开内容过滤单列,静态 slash 需 ASSETS 存在才 301；音乐受独立 gate/302；待 T20,src/pages/admin-v2/index.astro:1; src/worker.js:23362,no,代码/构建定义已核对；HTTP 状态未验证，留 T20；生产配置/schema 未核验
R0009,/admin-v2/,static HTML,GET|HEAD,src/pages/admin.astro；src/pages/admin-v2/index.astro；后台页面/客户端,service,/admin-v2/,保留既有方法、鉴权/资源开关、回调与历史客户端契约；必要公开内容过滤单列,dist/index.html 已生成；Worker/Access 门禁可能先响应，不能认定 HTTP 200,src/pages/admin-v2/index.astro:1,no,代码/构建定义已核对；HTTP 状态未验证，留 T20；生产配置/schema 未核验
R0010,/admin/,static HTML,GET|HEAD,src/pages/admin.astro；src/pages/admin-v2/index.astro；后台页面/客户端,service,/admin/,保留既有方法、鉴权/资源开关、回调与历史客户端契约；必要公开内容过滤单列,dist/index.html 已生成；Worker/Access 门禁可能先响应，不能认定 HTTP 200,src/pages/admin.astro:1,no,代码/构建定义已核对；HTTP 状态未验证，留 T20；生产配置/schema 未核验
R0011,/admin/api/content/audit-logs,Worker endpoint,GET,src/pages/admin-v2/index.astro:5426,service,/admin/api/content/audit-logs,保留既有方法、鉴权/资源开关、回调与历史客户端契约；必要公开内容过滤单列,见源代码；不是线上 HTTP 记录,src/worker.js:23249,no,代码/构建定义已核对；HTTP 状态未验证，留 T20；生产配置/schema 未核验
R0012,/admin/api/content/body,Worker endpoint,GET,src/pages/admin-v2/index.astro:3383; src/pages/admin-v2/index.astro:4070,service,/admin/api/content/body,保留既有方法、鉴权/资源开关、回调与历史客户端契约；必要公开内容过滤单列,见源代码；不是线上 HTTP 记录,src/worker.js:23234,no,代码/构建定义已核对；HTTP 状态未验证，留 T20；生产配置/schema 未核验
R0013,/admin/api/content/entries,Worker endpoint,GET|POST,src/pages/admin-v2/index.astro:3395; src/pages/admin-v2/index.astro:4056; src/pages/admin-v2/index.astro:4167,service,/admin/api/content/entries,保留既有方法、鉴权/资源开关、回调与历史客户端契约；必要公开内容过滤单列,见源代码；不是线上 HTTP 记录,src/worker.js:23334,no,代码/构建定义已核对；HTTP 状态未验证，留 T20；生产配置/schema 未核验
R0014,/admin/api/content/imports,Worker endpoint,GET,src/pages/admin-v2/index.astro:3898,service,/admin/api/content/imports,保留既有方法、鉴权/资源开关、回调与历史客户端契约；必要公开内容过滤单列,见源代码；不是线上 HTTP 记录,src/worker.js:23265,no,代码/构建定义已核对；HTTP 状态未验证，留 T20；生产配置/schema 未核验
R0015,/admin/api/content/imports/review,Worker endpoint,POST,src/pages/admin-v2/index.astro:3938; src/pages/admin-v2/index.astro:3971,service,/admin/api/content/imports/review,保留既有方法、鉴权/资源开关、回调与历史客户端契约；必要公开内容过滤单列,见源代码；不是线上 HTTP 记录,src/worker.js:23270,no,代码/构建定义已核对；HTTP 状态未验证，留 T20；生产配置/schema 未核验
R0016,/admin/api/content/media,Worker endpoint,POST,src/pages/admin-v2/index.astro:2300,service,/admin/api/content/media,保留既有方法、鉴权/资源开关、回调与历史客户端契约；必要公开内容过滤单列,见源代码；不是线上 HTTP 记录,src/worker.js:23239,no,代码/构建定义已核对；HTTP 状态未验证，留 T20；生产配置/schema 未核验
R0017,/admin/api/content/preview,Worker endpoint,POST,src/pages/admin-v2/index.astro:4207,service,/admin/api/content/preview,保留既有方法、鉴权/资源开关、回调与历史客户端契约；必要公开内容过滤单列,见源代码；不是线上 HTTP 记录,src/worker.js:23329,no,代码/构建定义已核对；HTTP 状态未验证，留 T20；生产配置/schema 未核验
R0018,/admin/api/content/pricing-defaults,Worker endpoint,GET|POST,src/pages/admin-v2/index.astro:4006; src/pages/admin-v2/index.astro:4026,service,/admin/api/content/pricing-defaults,保留既有方法、鉴权/资源开关、回调与历史客户端契约；必要公开内容过滤单列,见源代码；不是线上 HTTP 记录,src/worker.js:23259,no,代码/构建定义已核对；HTTP 状态未验证，留 T20；生产配置/schema 未核验
R0019,/admin/api/content/pricing-rules,Worker endpoint,GET,src/pages/admin.astro；src/pages/admin-v2/index.astro；后台页面/客户端,service,/admin/api/content/pricing-rules,保留既有方法、鉴权/资源开关、回调与历史客户端契约；必要公开内容过滤单列,见源代码；不是线上 HTTP 记录,src/worker.js:23254,no,代码/构建定义已核对；HTTP 状态未验证，留 T20；生产配置/schema 未核验
R0020,/admin/api/content/revisions,Worker endpoint,GET,src/pages/admin-v2/index.astro:4084,service,/admin/api/content/revisions,保留既有方法、鉴权/资源开关、回调与历史客户端契约；必要公开内容过滤单列,见源代码；不是线上 HTTP 记录,src/worker.js:23244,no,代码/构建定义已核对；HTTP 状态未验证，留 T20；生产配置/schema 未核验
R0021,/admin/api/content/schema,Worker endpoint,GET,src/pages/admin-v2/index.astro:3996,service,/admin/api/content/schema,保留既有方法、鉴权/资源开关、回调与历史客户端契约；必要公开内容过滤单列,见源代码；不是线上 HTTP 记录,src/worker.js:23229,no,代码/构建定义已核对；HTTP 状态未验证，留 T20；生产配置/schema 未核验
R0022,/admin/api/games/cat-life/entitlements,Worker endpoint,GET,src/pages/admin-v2/index.astro:4697,service,/admin/api/games/cat-life/entitlements,保留既有方法、鉴权/资源开关、回调与历史客户端契约；必要公开内容过滤单列,见源代码；不是线上 HTTP 记录,src/worker.js:23144,no,代码/构建定义已核对；HTTP 状态未验证，留 T20；生产配置/schema 未核验
R0023,/admin/api/games/cat-life/entitlements/grant,Worker endpoint,POST,src/pages/admin-v2/index.astro:4704,service,/admin/api/games/cat-life/entitlements/grant,保留既有方法、鉴权/资源开关、回调与历史客户端契约；必要公开内容过滤单列,见源代码；不是线上 HTTP 记录,src/worker.js:23149,no,代码/构建定义已核对；HTTP 状态未验证，留 T20；生产配置/schema 未核验
R0024,/admin/api/games/cat-life/entitlements/revoke,Worker endpoint,POST,src/pages/admin-v2/index.astro:4721,service,/admin/api/games/cat-life/entitlements/revoke,保留既有方法、鉴权/资源开关、回调与历史客户端契约；必要公开内容过滤单列,见源代码；不是线上 HTTP 记录,src/worker.js:23154,no,代码/构建定义已核对；HTTP 状态未验证，留 T20；生产配置/schema 未核验
R0025,/admin/api/games/cat-life/products,Worker endpoint,GET|POST,src/pages/admin-v2/index.astro:4501; src/pages/admin-v2/index.astro:4516,service,/admin/api/games/cat-life/products,保留既有方法、鉴权/资源开关、回调与历史客户端契约；必要公开内容过滤单列,见源代码；不是线上 HTTP 记录,src/worker.js:23129,no,代码/构建定义已核对；HTTP 状态未验证，留 T20；生产配置/schema 未核验
R0026,/admin/api/games/cat-life/purchases,Worker endpoint,GET,src/pages/admin-v2/index.astro:4613; src/pages/admin-v2/index.astro:4640,service,/admin/api/games/cat-life/purchases,保留既有方法、鉴权/资源开关、回调与历史客户端契约；必要公开内容过滤单列,见源代码；不是线上 HTTP 记录,src/worker.js:23134,no,代码/构建定义已核对；HTTP 状态未验证，留 T20；生产配置/schema 未核验
R0027,/admin/api/games/cat-life/purchases/reverse,Worker endpoint,POST,src/pages/admin-v2/index.astro:4648,service,/admin/api/games/cat-life/purchases/reverse,保留既有方法、鉴权/资源开关、回调与历史客户端契约；必要公开内容过滤单列,见源代码；不是线上 HTTP 记录,src/worker.js:23139,no,代码/构建定义已核对；HTTP 状态未验证，留 T20；生产配置/schema 未核验
R0028,/admin/api/music,Worker endpoint,see handler,src/scripts/musicAdminClient.js:3,service,/admin/api/music,保留既有方法、鉴权/资源开关、回调与历史客户端契约；必要公开内容过滤单列,见源代码；不是线上 HTTP 记录,src/music/adminHttp.js:20,no,代码/构建定义已核对；HTTP 状态未验证，留 T20；生产配置/schema 未核验
R0029,/admin/api/music/analytics,Worker endpoint,GET|HEAD,src/scripts/musicAdminClient.js:3；src/pages/admin/music*.astro,service,/admin/api/music/analytics,保留既有方法、鉴权/资源开关、回调与历史客户端契约；必要公开内容过滤单列,见源代码；不是线上 HTTP 记录,src/music/adminHttp.js:88,no,代码/构建定义已核对；HTTP 状态未验证，留 T20；生产配置/schema 未核验
R0030,/admin/api/music/audit,Worker endpoint,GET|HEAD,src/scripts/musicAdminClient.js:3；src/pages/admin/music*.astro,service,/admin/api/music/audit,保留既有方法、鉴权/资源开关、回调与历史客户端契约；必要公开内容过滤单列,见源代码；不是线上 HTTP 记录,src/music/adminHttp.js:125,no,代码/构建定义已核对；HTTP 状态未验证，留 T20；生产配置/schema 未核验
R0031,/admin/api/music/cleanup,Worker endpoint,GET|HEAD,src/scripts/musicAdminClient.js:3；src/pages/admin/music*.astro,service,/admin/api/music/cleanup,保留既有方法、鉴权/资源开关、回调与历史客户端契约；必要公开内容过滤单列,见源代码；不是线上 HTTP 记录,src/music/adminHttp.js:106,no,代码/构建定义已核对；HTTP 状态未验证，留 T20；生产配置/schema 未核验
R0032,/admin/api/music/collection-uploads,Worker endpoint,POST,src/scripts/musicAdminClient.js:3；src/pages/admin/music*.astro,service,/admin/api/music/collection-uploads,保留既有方法、鉴权/资源开关、回调与历史客户端契约；必要公开内容过滤单列,见源代码；不是线上 HTTP 记录,src/music/adminHttp.js:121,no,代码/构建定义已核对；HTTP 状态未验证，留 T20；生产配置/schema 未核验
R0033,/admin/api/music/collections,Worker endpoint,GET|HEAD|POST,src/scripts/musicAdminClient.js:3；src/pages/admin/music*.astro,service,/admin/api/music/collections,保留既有方法、鉴权/资源开关、回调与历史客户端契约；必要公开内容过滤单列,见源代码；不是线上 HTTP 记录,src/music/adminHttp.js:128,no,代码/构建定义已核对；HTTP 状态未验证，留 T20；生产配置/schema 未核验
R0034,/admin/api/music/diagnostics,Worker endpoint,GET|HEAD,src/scripts/musicAdminClient.js:3；src/pages/admin/music*.astro,service,/admin/api/music/diagnostics,保留既有方法、鉴权/资源开关、回调与历史客户端契约；必要公开内容过滤单列,见源代码；不是线上 HTTP 记录,src/music/adminHttp.js:84,no,代码/构建定义已核对；HTTP 状态未验证，留 T20；生产配置/schema 未核验
R0035,/admin/api/music/featured,Worker endpoint,GET|HEAD|PUT,src/scripts/musicAdminClient.js:3；src/pages/admin/music*.astro,service,/admin/api/music/featured,保留既有方法、鉴权/资源开关、回调与历史客户端契约；必要公开内容过滤单列,见源代码；不是线上 HTTP 记录,src/music/adminHttp.js:145,no,代码/构建定义已核对；HTTP 状态未验证，留 T20；生产配置/schema 未核验
R0036,/admin/api/music/status,Worker endpoint,GET|HEAD,src/scripts/musicAdminClient.js:3；src/pages/admin/music*.astro,service,/admin/api/music/status,保留既有方法、鉴权/资源开关、回调与历史客户端契约；必要公开内容过滤单列,见源代码；不是线上 HTTP 记录,src/music/adminHttp.js:97,no,代码/构建定义已核对；HTTP 状态未验证，留 T20；生产配置/schema 未核验
R0037,/admin/api/music/storage-quota,Worker endpoint,GET|HEAD|PUT,src/scripts/musicAdminClient.js:3；src/pages/admin/music*.astro,service,/admin/api/music/storage-quota,保留既有方法、鉴权/资源开关、回调与历史客户端契约；必要公开内容过滤单列,见源代码；不是线上 HTTP 记录,src/music/adminHttp.js:137,no,代码/构建定义已核对；HTTP 状态未验证，留 T20；生产配置/schema 未核验
R0038,/admin/api/music/tracks,Worker endpoint,GET|HEAD|POST,src/scripts/musicAdminClient.js:3；src/pages/admin/music*.astro,service,/admin/api/music/tracks,保留既有方法、鉴权/资源开关、回调与历史客户端契约；必要公开内容过滤单列,见源代码；不是线上 HTTP 记录,src/music/adminHttp.js:109,no,代码/构建定义已核对；HTTP 状态未验证，留 T20；生产配置/schema 未核验
R0039,/admin/api/music/uploads,Worker endpoint,POST,src/scripts/musicAdminClient.js:3；src/pages/admin/music*.astro,service,/admin/api/music/uploads,保留既有方法、鉴权/资源开关、回调与历史客户端契约；必要公开内容过滤单列,见源代码；不是线上 HTTP 记录,src/music/adminHttp.js:117,no,代码/构建定义已核对；HTTP 状态未验证，留 T20；生产配置/schema 未核验
R0040,/admin/api/novels/analytics/aggregate,Worker endpoint,POST,src/pages/admin-v2/index.astro:5080,service,/admin/api/novels/analytics/aggregate,保留既有方法、鉴权/资源开关、回调与历史客户端契约；必要公开内容过滤单列,见源代码；不是线上 HTTP 记录,src/worker.js:23164,no,代码/构建定义已核对；HTTP 状态未验证，留 T20；生产配置/schema 未核验
R0041,/admin/api/novels/analytics/insights,Worker endpoint,GET,src/pages/admin-v2/index.astro:5052,service,/admin/api/novels/analytics/insights,保留既有方法、鉴权/资源开关、回调与历史客户端契约；必要公开内容过滤单列,见源代码；不是线上 HTTP 记录,src/worker.js:23169,no,代码/构建定义已核对；HTTP 状态未验证，留 T20；生产配置/schema 未核验
R0042,/admin/api/novels/analytics/insights/generate,Worker endpoint,POST,src/pages/admin-v2/index.astro:5096,service,/admin/api/novels/analytics/insights/generate,保留既有方法、鉴权/资源开关、回调与历史客户端契约；必要公开内容过滤单列,见源代码；不是线上 HTTP 记录,src/worker.js:23174,no,代码/构建定义已核对；HTTP 状态未验证，留 T20；生产配置/schema 未核验
R0043,/admin/api/novels/analytics/stats,Worker endpoint,GET,src/pages/admin-v2/index.astro:5064,service,/admin/api/novels/analytics/stats,保留既有方法、鉴权/资源开关、回调与历史客户端契约；必要公开内容过滤单列,见源代码；不是线上 HTTP 记录,src/worker.js:23159,no,代码/构建定义已核对；HTTP 状态未验证，留 T20；生产配置/schema 未核验
R0044,/admin/api/novels/comments,Worker endpoint,GET,src/pages/admin-v2/index.astro:5199,service,/admin/api/novels/comments,保留既有方法、鉴权/资源开关、回调与历史客户端契约；必要公开内容过滤单列,见源代码；不是线上 HTTP 记录,src/worker.js:23179,no,代码/构建定义已核对；HTTP 状态未验证，留 T20；生产配置/schema 未核验
R0045,/admin/api/novels/comments/moderate,Worker endpoint,POST,src/pages/admin-v2/index.astro:5207,service,/admin/api/novels/comments/moderate,保留既有方法、鉴权/资源开关、回调与历史客户端契约；必要公开内容过滤单列,见源代码；不是线上 HTTP 记录,src/worker.js:23184,no,代码/构建定义已核对；HTTP 状态未验证，留 T20；生产配置/schema 未核验
R0046,/admin/api/novels/entitlements,Worker endpoint,GET,src/pages/admin-v2/index.astro:5358,service,/admin/api/novels/entitlements,保留既有方法、鉴权/资源开关、回调与历史客户端契约；必要公开内容过滤单列,见源代码；不是线上 HTTP 记录,src/worker.js:23340,no,代码/构建定义已核对；HTTP 状态未验证，留 T20；生产配置/schema 未核验
R0047,/admin/api/novels/entitlements/grant,Worker endpoint,POST,src/pages/admin-v2/index.astro:5402,service,/admin/api/novels/entitlements/grant,保留既有方法、鉴权/资源开关、回调与历史客户端契约；必要公开内容过滤单列,见源代码；不是线上 HTTP 记录,src/worker.js:23345,no,代码/构建定义已核对；HTTP 状态未验证，留 T20；生产配置/schema 未核验
R0048,/admin/api/novels/entitlements/revoke,Worker endpoint,POST,src/pages/admin-v2/index.astro:5413,service,/admin/api/novels/entitlements/revoke,保留既有方法、鉴权/资源开关、回调与历史客户端契约；必要公开内容过滤单列,见源代码；不是线上 HTTP 记录,src/worker.js:23349,no,代码/构建定义已核对；HTTP 状态未验证，留 T20；生产配置/schema 未核验
R0049,/admin/api/novels/payments/order,Worker endpoint,GET,src/pages/admin-v2/index.astro:4366,service,/admin/api/novels/payments/order,保留既有方法、鉴权/资源开关、回调与历史客户端契约；必要公开内容过滤单列,见源代码；不是线上 HTTP 记录,src/worker.js:23204,no,代码/构建定义已核对；HTTP 状态未验证，留 T20；生产配置/schema 未核验
R0050,/admin/api/novels/payments/orders,Worker endpoint,GET,src/pages/admin-v2/index.astro:4286,service,/admin/api/novels/payments/orders,保留既有方法、鉴权/资源开关、回调与历史客户端契约；必要公开内容过滤单列,见源代码；不是线上 HTTP 记录,src/worker.js:23199,no,代码/构建定义已核对；HTTP 状态未验证，留 T20；生产配置/schema 未核验
R0051,/admin/api/novels/payments/orders/fulfill,Worker endpoint,POST,src/pages/admin-v2/index.astro:4372,service,/admin/api/novels/payments/orders/fulfill,保留既有方法、鉴权/资源开关、回调与历史客户端契约；必要公开内容过滤单列,见源代码；不是线上 HTTP 记录,src/worker.js:23209,no,代码/构建定义已核对；HTTP 状态未验证，留 T20；生产配置/schema 未核验
R0052,/admin/api/novels/readers/account,Worker endpoint,GET,src/pages/admin-v2/index.astro:4859,service,/admin/api/novels/readers/account,保留既有方法、鉴权/资源开关、回调与历史客户端契约；必要公开内容过滤单列,见源代码；不是线上 HTTP 记录,src/worker.js:23219,no,代码/构建定义已核对；HTTP 状态未验证，留 T20；生产配置/schema 未核验
R0053,/admin/api/novels/readers/accounts,Worker endpoint,GET,src/pages/admin-v2/index.astro:4750,service,/admin/api/novels/readers/accounts,保留既有方法、鉴权/资源开关、回调与历史客户端契约；必要公开内容过滤单列,见源代码；不是线上 HTTP 记录,src/worker.js:23214,no,代码/构建定义已核对；HTTP 状态未验证，留 T20；生产配置/schema 未核验
R0054,/admin/api/novels/readers/credits/adjust,Worker endpoint,POST,src/pages/admin-v2/index.astro:4875,service,/admin/api/novels/readers/credits/adjust,保留既有方法、鉴权/资源开关、回调与历史客户端契约；必要公开内容过滤单列,见源代码；不是线上 HTTP 记录,src/worker.js:23224,no,代码/构建定义已核对；HTTP 状态未验证，留 T20；生产配置/schema 未核验
R0055,/admin/api/product-feedback,Worker endpoint,GET,src/pages/admin-v2/index.astro:5337,service,/admin/api/product-feedback,保留既有方法、鉴权/资源开关、回调与历史客户端契约；必要公开内容过滤单列,见源代码；不是线上 HTTP 记录,src/worker.js:23189,no,代码/构建定义已核对；HTTP 状态未验证，留 T20；生产配置/schema 未核验
R0056,/admin/api/product-feedback/update,Worker endpoint,POST,src/pages/admin-v2/index.astro:5345,service,/admin/api/product-feedback/update,保留既有方法、鉴权/资源开关、回调与历史客户端契约；必要公开内容过滤单列,见源代码；不是线上 HTTP 记录,src/worker.js:23194,no,代码/构建定义已核对；HTTP 状态未验证，留 T20；生产配置/schema 未核验
R0057,/admin/api/readers/membership-refund-reviews,Worker endpoint,see handler,src/scripts/adminMembershipRefunds.js:1,service,/admin/api/readers/membership-refund-reviews,保留既有方法、鉴权/资源开关、回调与历史客户端契约；必要公开内容过滤单列,见源代码；不是线上 HTTP 记录,src/worker.js:23125,no,代码/构建定义已核对；HTTP 状态未验证，留 T20；生产配置/schema 未核验
R0058,/admin/api/signal/candidates,Worker endpoint,GET|POST,src/pages/admin-v2/index.astro:3034; src/pages/admin-v2/index.astro:3059; src/pages/admin-v2/index.astro:3091,service,/admin/api/signal/candidates,保留既有方法、鉴权/资源开关、回调与历史客户端契约；必要公开内容过滤单列,见源代码；不是线上 HTTP 记录,src/worker.js:23318,no,代码/构建定义已核对；HTTP 状态未验证，留 T20；生产配置/schema 未核验
R0059,/admin/api/signal/collect,Worker endpoint,POST,src/pages/admin-v2/index.astro:3231,service,/admin/api/signal/collect,保留既有方法、鉴权/资源开关、回调与历史客户端契约；必要公开内容过滤单列,见源代码；不是线上 HTTP 记录,src/worker.js:23324,no,代码/构建定义已核对；HTTP 状态未验证，留 T20；生产配置/schema 未核验
R0060,/admin/api/signal/drafts,Worker endpoint,GET|POST,src/pages/admin-v2/index.astro:3114; src/pages/admin-v2/index.astro:3504; src/pages/admin-v2/index.astro:3636; src/pages/admin-v2/index.astro:3651,service,/admin/api/signal/drafts,保留既有方法、鉴权/资源开关、回调与历史客户端契约；必要公开内容过滤单列,见源代码；不是线上 HTTP 记录,src/worker.js:23289,no,代码/构建定义已核对；HTTP 状态未验证，留 T20；生产配置/schema 未核验
R0061,/admin/api/signal/drafts/generate,Worker endpoint,POST,src/pages/admin-v2/index.astro:3552; src/pages/admin-v2/index.astro:3562,service,/admin/api/signal/drafts/generate,保留既有方法、鉴权/资源开关、回调与历史客户端契约；必要公开内容过滤单列,见源代码；不是线上 HTTP 记录,src/worker.js:23284,no,代码/构建定义已核对；HTTP 状态未验证，留 T20；生产配置/schema 未核验
R0062,/admin/api/signal/import,Worker endpoint,POST,src/pages/admin-v2/index.astro:3715; src/pages/admin-v2/index.astro:3731,service,/admin/api/signal/import,保留既有方法、鉴权/资源开关、回调与历史客户端契约；必要公开内容过滤单列,见源代码；不是线上 HTTP 记录,src/worker.js:23279,no,代码/构建定义已核对；HTTP 状态未验证，留 T20；生产配置/schema 未核验
R0063,/admin/api/signal/model-rollout,Worker endpoint,GET|POST,src/pages/admin-v2/index.astro:2727; src/pages/admin-v2/index.astro:2744; src/pages/admin-v2/index.astro:2779; src/pages/admin-v2/index.astro:2810,service,/admin/api/signal/model-rollout,保留既有方法、鉴权/资源开关、回调与历史客户端契约；必要公开内容过滤单列,见源代码；不是线上 HTTP 记录,src/worker.js:23295,no,代码/构建定义已核对；HTTP 状态未验证，留 T20；生产配置/schema 未核验
R0064,/admin/api/signal/operations,Worker endpoint,GET|POST,src/pages/admin-v2/index.astro:3115; src/pages/admin-v2/index.astro:3191; src/pages/admin-v2/index.astro:3209,service,/admin/api/signal/operations,保留既有方法、鉴权/资源开关、回调与历史客户端契约；必要公开内容过滤单列,见源代码；不是线上 HTTP 记录,src/worker.js:23312,no,代码/构建定义已核对；HTTP 状态未验证，留 T20；生产配置/schema 未核验
R0065,/admin/api/signal/runs,Worker endpoint,GET,src/pages/admin-v2/index.astro:3113,service,/admin/api/signal/runs,保留既有方法、鉴权/资源开关、回调与历史客户端契约；必要公开内容过滤单列,见源代码；不是线上 HTTP 记录,src/worker.js:23307,no,代码/构建定义已核对；HTTP 状态未验证，留 T20；生产配置/schema 未核验
R0066,/admin/api/signal/sources,Worker endpoint,GET|POST,src/pages/admin-v2/index.astro:3112; src/pages/admin-v2/index.astro:3260; src/pages/admin-v2/index.astro:3278,service,/admin/api/signal/sources,保留既有方法、鉴权/资源开关、回调与历史客户端契约；必要公开内容过滤单列,见源代码；不是线上 HTTP 记录,src/worker.js:23301,no,代码/构建定义已核对；HTTP 状态未验证，留 T20；生产配置/schema 未核验
R0067,/admin/api/waitlist/settings,Worker endpoint,GET|POST,src/pages/admin/waitlist.astro:128; src/pages/admin/waitlist.astro:140,service,/admin/api/waitlist/settings,保留既有方法、鉴权/资源开关、回调与历史客户端契约；必要公开内容过滤单列,见源代码；不是线上 HTTP 记录,src/worker.js:23353,no,代码/构建定义已核对；HTTP 状态未验证，留 T20；生产配置/schema 未核验
R0068,/admin/articles,slashless variant,GET|HEAD,src/pages/admin.astro；src/pages/admin-v2/index.astro；后台页面/客户端,service,/admin/articles/,保留既有方法、鉴权/资源开关、回调与历史客户端契约；必要公开内容过滤单列,静态 slash 需 ASSETS 存在才 301；音乐受独立 gate/302；待 T20,src/pages/admin/articles.astro:1; src/worker.js:23362,no,代码/构建定义已核对；HTTP 状态未验证，留 T20；生产配置/schema 未核验
R0069,/admin/articles/,static HTML,GET|HEAD,src/pages/admin.astro；src/pages/admin-v2/index.astro；后台页面/客户端,service,/admin/articles/,保留既有方法、鉴权/资源开关、回调与历史客户端契约；必要公开内容过滤单列,dist/index.html 已生成；Worker/Access 门禁可能先响应，不能认定 HTTP 200,src/pages/admin/articles.astro:1,no,代码/构建定义已核对；HTTP 状态未验证，留 T20；生产配置/schema 未核验
R0070,/admin/membership-refunds,slashless variant,GET|HEAD,src/pages/admin.astro；src/pages/admin-v2/index.astro；后台页面/客户端,service,/admin/membership-refunds/,保留既有方法、鉴权/资源开关、回调与历史客户端契约；必要公开内容过滤单列,静态 slash 需 ASSETS 存在才 301；音乐受独立 gate/302；待 T20,src/pages/admin/membership-refunds.astro:1; src/worker.js:23362,no,代码/构建定义已核对；HTTP 状态未验证，留 T20；生产配置/schema 未核验
R0071,/admin/membership-refunds/,static HTML,GET|HEAD,src/pages/admin.astro；src/pages/admin-v2/index.astro；后台页面/客户端,service,/admin/membership-refunds/,保留既有方法、鉴权/资源开关、回调与历史客户端契约；必要公开内容过滤单列,dist/index.html 已生成；Worker/Access 门禁可能先响应，不能认定 HTTP 200,src/pages/admin/membership-refunds.astro:1,no,代码/构建定义已核对；HTTP 状态未验证，留 T20；生产配置/schema 未核验
R0072,/admin/music,slashless variant,GET|HEAD,src/pages/admin.astro；src/pages/admin-v2/index.astro；后台页面/客户端,service,/admin/music/,保留既有方法、鉴权/资源开关、回调与历史客户端契约；必要公开内容过滤单列,静态 slash 需 ASSETS 存在才 301；音乐受独立 gate/302；待 T20,src/pages/admin/music.astro:1; src/worker.js:23362,no,代码/构建定义已核对；HTTP 状态未验证，留 T20；生产配置/schema 未核验
R0073,/admin/music/,static HTML,GET|HEAD,src/pages/admin.astro；src/pages/admin-v2/index.astro；后台页面/客户端,service,/admin/music/,保留既有方法、鉴权/资源开关、回调与历史客户端契约；必要公开内容过滤单列,dist/index.html 已生成；Worker/Access 门禁可能先响应，不能认定 HTTP 200,src/pages/admin/music.astro:1,no,代码/构建定义已核对；HTTP 状态未验证，留 T20；生产配置/schema 未核验
R0074,/admin/music/collections,slashless variant,GET|HEAD,src/pages/admin.astro；src/pages/admin-v2/index.astro；后台页面/客户端,service,/admin/music/collections/,保留既有方法、鉴权/资源开关、回调与历史客户端契约；必要公开内容过滤单列,静态 slash 需 ASSETS 存在才 301；音乐受独立 gate/302；待 T20,src/pages/admin/music/collections.astro:1; src/worker.js:23362,no,代码/构建定义已核对；HTTP 状态未验证，留 T20；生产配置/schema 未核验
R0075,/admin/music/collections/,static HTML,GET|HEAD,src/pages/admin.astro；src/pages/admin-v2/index.astro；后台页面/客户端,service,/admin/music/collections/,保留既有方法、鉴权/资源开关、回调与历史客户端契约；必要公开内容过滤单列,dist/index.html 已生成；Worker/Access 门禁可能先响应，不能认定 HTTP 200,src/pages/admin/music/collections.astro:1,no,代码/构建定义已核对；HTTP 状态未验证，留 T20；生产配置/schema 未核验
R0076,/admin/music/collections/upload,slashless variant,GET|HEAD,src/pages/admin.astro；src/pages/admin-v2/index.astro；后台页面/客户端,service,/admin/music/collections/upload/,保留既有方法、鉴权/资源开关、回调与历史客户端契约；必要公开内容过滤单列,静态 slash 需 ASSETS 存在才 301；音乐受独立 gate/302；待 T20,src/pages/admin/music/collections/upload/index.astro:1; src/worker.js:23362,no,代码/构建定义已核对；HTTP 状态未验证，留 T20；生产配置/schema 未核验
R0077,/admin/music/collections/upload/,static HTML,GET|HEAD,src/pages/admin.astro；src/pages/admin-v2/index.astro；后台页面/客户端,service,/admin/music/collections/upload/,保留既有方法、鉴权/资源开关、回调与历史客户端契约；必要公开内容过滤单列,dist/index.html 已生成；Worker/Access 门禁可能先响应，不能认定 HTTP 200,src/pages/admin/music/collections/upload/index.astro:1,no,代码/构建定义已核对；HTTP 状态未验证，留 T20；生产配置/schema 未核验
R0078,/admin/music/featured,slashless variant,GET|HEAD,src/pages/admin.astro；src/pages/admin-v2/index.astro；后台页面/客户端,service,/admin/music/featured/,保留既有方法、鉴权/资源开关、回调与历史客户端契约；必要公开内容过滤单列,静态 slash 需 ASSETS 存在才 301；音乐受独立 gate/302；待 T20,src/pages/admin/music/featured.astro:1; src/worker.js:23362,no,代码/构建定义已核对；HTTP 状态未验证，留 T20；生产配置/schema 未核验
R0079,/admin/music/featured/,static HTML,GET|HEAD,src/pages/admin.astro；src/pages/admin-v2/index.astro；后台页面/客户端,service,/admin/music/featured/,保留既有方法、鉴权/资源开关、回调与历史客户端契约；必要公开内容过滤单列,dist/index.html 已生成；Worker/Access 门禁可能先响应，不能认定 HTTP 200,src/pages/admin/music/featured.astro:1,no,代码/构建定义已核对；HTTP 状态未验证，留 T20；生产配置/schema 未核验
R0080,/admin/waitlist,slashless variant,GET|HEAD,src/pages/admin.astro；src/pages/admin-v2/index.astro；后台页面/客户端,service,/admin/waitlist/,保留既有方法、鉴权/资源开关、回调与历史客户端契约；必要公开内容过滤单列,静态 slash 需 ASSETS 存在才 301；音乐受独立 gate/302；待 T20,src/pages/admin/waitlist.astro:1; src/worker.js:23362,no,代码/构建定义已核对；HTTP 状态未验证，留 T20；生产配置/schema 未核验
R0081,/admin/waitlist/,static HTML,GET|HEAD,src/pages/admin.astro；src/pages/admin-v2/index.astro；后台页面/客户端,service,/admin/waitlist/,保留既有方法、鉴权/资源开关、回调与历史客户端契约；必要公开内容过滤单列,dist/index.html 已生成；Worker/Access 门禁可能先响应，不能认定 HTTP 200,src/pages/admin/waitlist.astro:1,no,代码/构建定义已核对；HTTP 状态未验证，留 T20；生产配置/schema 未核验
R0082,/android,slashless variant,GET|HEAD,src/data/navigation.ts；src/components/HomeHeader.astro；src/components/HomeFooter.astro；站内语言/内容链接；外部推广链接未知,service,/android/,政策、售后、下载、登录、会员、余额/支付服务；退出旧栏目导航不等于删除服务,静态 slash 需 ASSETS 存在才 301；音乐受独立 gate/302；待 T20,src/pages/android.astro:1; src/worker.js:23362,no,代码/构建定义已核对；HTTP 状态未验证，留 T20；生产配置/schema 未核验
R0083,/android/,static HTML; sitemap entry,GET|HEAD,src/data/navigation.ts；src/components/HomeHeader.astro；src/components/HomeFooter.astro；站内语言/内容链接；外部推广链接未知,service,/android/,政策、售后、下载、登录、会员、余额/支付服务；退出旧栏目导航不等于删除服务,dist/index.html 已生成；Worker/Access 门禁可能先响应，不能认定 HTTP 200,src/pages/android.astro:1; scripts/generate-sitemap.mjs:11; scripts/generate-sitemap.mjs:99,yes,代码/构建定义已核对；HTTP 状态未验证，留 T20；生产配置/schema 未核验
R0084,/api/content/body,Worker endpoint,GET,站内客户端/后台兼容调用；具体外部调用清单未完整获取,service,原路径；T20 按内容类型/引用核验公开退出与服务例外,保留端点和必要资源/历史客户端契约；旧公开小说/文章类型查询须随退出限制，不能绕过退役页继续导出；受保护正文另走既有授权 API,见源代码；不是线上 HTTP 记录,src/worker.js:23063,no,代码/构建定义已核对；HTTP 状态未验证，留 T20；生产配置/schema 未核验
R0085,/api/content/entries,Worker endpoint,GET,src/components/BackendContentShelf.astro:134; src/components/SerialsHubPage.astro:335; src/components/SerialsHubPage.astro:454,service,原路径；T20 按内容类型/引用核验公开退出与服务例外,保留端点和必要资源/历史客户端契约；旧公开小说/文章类型查询须随退出限制，不能绕过退役页继续导出；受保护正文另走既有授权 API,见源代码；不是线上 HTTP 记录,src/worker.js:23059,no,代码/构建定义已核对；HTTP 状态未验证，留 T20；生产配置/schema 未核验
R0086,/api/content/media,Worker endpoint,GET|HEAD,src/articleMarkdown.js:22; src/articleMarkdown.js:24; src/components/SerialsHubPage.astro:55; src/pages/admin-v2/index.astro:2255; src/signalArticles.js:90,service,原路径；T20 按内容类型/引用核验公开退出与服务例外,保留端点和必要资源/历史客户端契约；旧公开小说/文章类型查询须随退出限制，不能绕过退役页继续导出；受保护正文另走既有授权 API,见源代码；不是线上 HTTP 记录,src/worker.js:23067,no,代码/构建定义已核对；HTTP 状态未验证，留 T20；生产配置/schema 未核验
R0087,/api/games/cat-life/catalog,Worker endpoint,GET,public/games/cat-life/commerce.js:2,service,/api/games/cat-life/catalog,保留既有方法、鉴权/资源开关、回调与历史客户端契约；必要公开内容过滤单列,见源代码；不是线上 HTTP 记录,src/worker.js:22997,no,代码/构建定义已核对；HTTP 状态未验证，留 T20；生产配置/schema 未核验
R0088,/api/games/cat-life/entitlements,Worker endpoint,GET,public/games/cat-life/commerce.js:3,service,/api/games/cat-life/entitlements,保留既有方法、鉴权/资源开关、回调与历史客户端契约；必要公开内容过滤单列,见源代码；不是线上 HTTP 记录,src/worker.js:23002,no,代码/构建定义已核对；HTTP 状态未验证，留 T20；生产配置/schema 未核验
R0089,/api/games/cat-life/redemptions,Worker endpoint,POST,public/games/cat-life/commerce.js:4,service,/api/games/cat-life/redemptions,保留既有方法、鉴权/资源开关、回调与历史客户端契约；必要公开内容过滤单列,见源代码；不是线上 HTTP 记录,src/worker.js:23007,no,代码/构建定义已核对；HTTP 状态未验证，留 T20；生产配置/schema 未核验
R0090,/api/mobile/v1/auth/logout,Worker endpoint,POST,src/mobile/http.js；原生 App/系统回调（正式客户端版本未核验）；不是网页 localStorage,service,/api/mobile/v1/auth/logout,保留既有方法、鉴权/资源开关、回调与历史客户端契约；必要公开内容过滤单列,见源代码；不是线上 HTTP 记录,src/mobile/http.js:105; src/mobile/http.js:118,no,代码/构建定义已核对；HTTP 状态未验证，留 T20；生产配置/schema 未核验
R0091,/api/mobile/v1/auth/reauth,Worker endpoint,POST,src/mobile/http.js；原生 App/系统回调（正式客户端版本未核验）；不是网页 localStorage,service,/api/mobile/v1/auth/reauth,保留既有方法、鉴权/资源开关、回调与历史客户端契约；必要公开内容过滤单列,见源代码；不是线上 HTTP 记录,src/mobile/http.js:121,no,代码/构建定义已核对；HTTP 状态未验证，留 T20；生产配置/schema 未核验
R0092,/api/mobile/v1/auth/refresh,Worker endpoint,POST,src/mobile/http.js；原生 App/系统回调（正式客户端版本未核验）；不是网页 localStorage,service,/api/mobile/v1/auth/refresh,保留既有方法、鉴权/资源开关、回调与历史客户端契约；必要公开内容过滤单列,见源代码；不是线上 HTTP 记录,src/mobile/http.js:104,no,代码/构建定义已核对；HTTP 状态未验证，留 T20；生产配置/schema 未核验
R0093,/api/mobile/v1/auth/token,Worker endpoint,POST,src/mobile/http.js；原生 App/系统回调（正式客户端版本未核验）；不是网页 localStorage,service,/api/mobile/v1/auth/token,保留既有方法、鉴权/资源开关、回调与历史客户端契约；必要公开内容过滤单列,见源代码；不是线上 HTTP 记录,src/mobile/http.js:103,no,代码/构建定义已核对；HTTP 状态未验证，留 T20；生产配置/schema 未核验
R0094,/api/mobile/v1/config,Worker endpoint,GET,src/mobile/http.js；原生 App/系统回调（正式客户端版本未核验）；不是网页 localStorage,service,/api/mobile/v1/config,保留既有方法、鉴权/资源开关、回调与历史客户端契约；必要公开内容过滤单列,见源代码；不是线上 HTTP 记录,src/mobile/http.js:61,no,代码/构建定义已核对；HTTP 状态未验证，留 T20；生产配置/schema 未核验
R0095,/api/mobile/v1/deletion-requests/:id/status,native dynamic endpoint,GET,src/mobile/http.js；原生 App/系统回调（正式客户端版本未核验）；不是网页 localStorage,service,/api/mobile/v1/deletion-requests/:id/status,保留原生认证、许可与账号删除服务的当前 gate；生产删除仍不能启用；不能用重定向改变 POST,见源代码；不是线上 HTTP 记录,src/mobile/http.js:113,no,代码/构建定义已核对；HTTP 状态未验证，留 T20；生产配置/schema 未核验
R0096,/api/mobile/v1/me,Worker endpoint,GET,src/mobile/http.js；原生 App/系统回调（正式客户端版本未核验）；不是网页 localStorage,service,/api/mobile/v1/me,保留既有方法、鉴权/资源开关、回调与历史客户端契约；必要公开内容过滤单列,见源代码；不是线上 HTTP 记录,src/mobile/http.js:117,no,代码/构建定义已核对；HTTP 状态未验证，留 T20；生产配置/schema 未核验
R0097,/api/mobile/v1/me/deletion-requests/:id/confirm,native dynamic endpoint,POST,src/mobile/http.js；原生 App/系统回调（正式客户端版本未核验）；不是网页 localStorage,service,/api/mobile/v1/me/deletion-requests/:id/confirm,保留原生认证、许可与账号删除服务的当前 gate；生产删除仍不能启用；不能用重定向改变 POST,见源代码；不是线上 HTTP 记录,src/mobile/http.js:130,no,代码/构建定义已核对；HTTP 状态未验证，留 T20；生产配置/schema 未核验
R0098,/api/mobile/v1/me/deletion-requests/prepare,Worker endpoint,POST,src/mobile/http.js；原生 App/系统回调（正式客户端版本未核验）；不是网页 localStorage,service,/api/mobile/v1/me/deletion-requests/prepare,保留既有方法、鉴权/资源开关、回调与历史客户端契约；必要公开内容过滤单列,见源代码；不是线上 HTTP 记录,src/mobile/http.js:129,no,代码/构建定义已核对；HTTP 状态未验证，留 T20；生产配置/schema 未核验
R0099,/api/mobile/v1/me/entitlements,Worker endpoint,GET|see handler,src/mobile/http.js；原生 App/系统回调（正式客户端版本未核验）；不是网页 localStorage,service,/api/mobile/v1/me/entitlements,保留既有方法、鉴权/资源开关、回调与历史客户端契约；必要公开内容过滤单列,见源代码；不是线上 HTTP 记录,src/mobile/http.js:63; src/mobile/music.js:83,no,代码/构建定义已核对；HTTP 状态未验证，留 T20；生产配置/schema 未核验
R0100,/api/mobile/v1/me/music/favorites,native account library,GET,src/mobile/http.js；原生 App/系统回调（正式客户端版本未核验）；不是网页 localStorage,service,/api/mobile/v1/me/music/favorites,原生账号资料库，认证/个人同步开关与版本/CAS独立；不能用 stationcat.music.v2 覆盖或替代,见源代码；不是线上 HTTP 记录,src/mobile/library.js:24; src/mobile/http.js:116,no,代码/构建定义已核对；HTTP 状态未验证，留 T20；生产配置/schema 未核验
R0101,/api/mobile/v1/me/music/favorites/:trackId,native account library,PUT,src/mobile/http.js；原生 App/系统回调（正式客户端版本未核验）；不是网页 localStorage,service,/api/mobile/v1/me/music/favorites/:trackId,原生账号资料库，认证/个人同步开关与版本/CAS独立；不能用 stationcat.music.v2 覆盖或替代,见源代码；不是线上 HTTP 记录,src/mobile/library.js:24; src/mobile/http.js:116,no,代码/构建定义已核对；HTTP 状态未验证，留 T20；生产配置/schema 未核验
R0102,/api/mobile/v1/me/music/listens,native account library,POST,src/mobile/http.js；原生 App/系统回调（正式客户端版本未核验）；不是网页 localStorage,service,/api/mobile/v1/me/music/listens,原生账号资料库，认证/个人同步开关与版本/CAS独立；不能用 stationcat.music.v2 覆盖或替代,见源代码；不是线上 HTTP 记录,src/mobile/library.js:24; src/mobile/http.js:116,no,代码/构建定义已核对；HTTP 状态未验证，留 T20；生产配置/schema 未核验
R0103,/api/mobile/v1/me/music/preferences,native account library,GET|PATCH,src/mobile/http.js；原生 App/系统回调（正式客户端版本未核验）；不是网页 localStorage,service,/api/mobile/v1/me/music/preferences,原生账号资料库，认证/个人同步开关与版本/CAS独立；不能用 stationcat.music.v2 覆盖或替代,见源代码；不是线上 HTTP 记录,src/mobile/library.js:24; src/mobile/http.js:116,no,代码/构建定义已核对；HTTP 状态未验证，留 T20；生产配置/schema 未核验
R0104,/api/mobile/v1/me/music/recent,native account library,GET|DELETE,src/mobile/http.js；原生 App/系统回调（正式客户端版本未核验）；不是网页 localStorage,service,/api/mobile/v1/me/music/recent,原生账号资料库，认证/个人同步开关与版本/CAS独立；不能用 stationcat.music.v2 覆盖或替代,见源代码；不是线上 HTTP 记录,src/mobile/library.js:24; src/mobile/http.js:116,no,代码/构建定义已核对；HTTP 状态未验证，留 T20；生产配置/schema 未核验
R0105,/api/mobile/v1/music/catalog,Worker endpoint,see handler,src/mobile/http.js；原生 App/系统回调（正式客户端版本未核验）；不是网页 localStorage,service,/api/mobile/v1/music/catalog,保留既有方法、鉴权/资源开关、回调与历史客户端契约；必要公开内容过滤单列,见源代码；不是线上 HTTP 记录,src/mobile/music.js:168,no,代码/构建定义已核对；HTTP 状态未验证，留 T20；生产配置/schema 未核验
R0106,/api/mobile/v1/music/collections/:slug,native dynamic endpoint,GET,src/mobile/http.js；原生 App/系统回调（正式客户端版本未核验）；不是网页 localStorage,service,/api/mobile/v1/music/collections/:slug,保留原生认证、许可与账号删除服务的当前 gate；生产删除仍不能启用；不能用重定向改变 POST,见源代码；不是线上 HTTP 记录,src/mobile/music.js:166,no,代码/构建定义已核对；HTTP 状态未验证，留 T20；生产配置/schema 未核验
R0107,/api/mobile/v1/music/featured,Worker endpoint,see handler,src/mobile/http.js；原生 App/系统回调（正式客户端版本未核验）；不是网页 localStorage,service,/api/mobile/v1/music/featured,保留既有方法、鉴权/资源开关、回调与历史客户端契约；必要公开内容过滤单列,见源代码；不是线上 HTTP 记录,src/mobile/music.js:180,no,代码/构建定义已核对；HTTP 状态未验证，留 T20；生产配置/schema 未核验
R0108,/api/mobile/v1/music/media/:playbackToken/audio,native dynamic endpoint,GET|HEAD,src/mobile/http.js；原生 App/系统回调（正式客户端版本未核验）；不是网页 localStorage,service,/api/mobile/v1/music/media/:playbackToken/audio,保留原生认证、许可与账号删除服务的当前 gate；生产删除仍不能启用；不能用重定向改变 POST,见源代码；不是线上 HTTP 记录,src/mobile/music.js:87,no,代码/构建定义已核对；HTTP 状态未验证，留 T20；生产配置/schema 未核验
R0109,/api/mobile/v1/music/tracks/:trackId,native dynamic endpoint,GET,src/mobile/http.js；原生 App/系统回调（正式客户端版本未核验）；不是网页 localStorage,service,/api/mobile/v1/music/tracks/:trackId,保留原生认证、许可与账号删除服务的当前 gate；生产删除仍不能启用；不能用重定向改变 POST,见源代码；不是线上 HTTP 记录,src/mobile/music.js:159,no,代码/构建定义已核对；HTTP 状态未验证，留 T20；生产配置/schema 未核验
R0110,/api/mobile/v1/music/tracks/:trackId/offline-permit,native dynamic endpoint,POST,src/mobile/http.js；原生 App/系统回调（正式客户端版本未核验）；不是网页 localStorage,service,/api/mobile/v1/music/tracks/:trackId/offline-permit,保留原生认证、许可与账号删除服务的当前 gate；生产删除仍不能启用；不能用重定向改变 POST,见源代码；不是线上 HTTP 记录,src/mobile/music.js:118,no,代码/构建定义已核对；HTTP 状态未验证，留 T20；生产配置/schema 未核验
R0111,/api/mobile/v1/music/tracks/:trackId/playback-grants,native dynamic endpoint,POST,src/mobile/http.js；原生 App/系统回调（正式客户端版本未核验）；不是网页 localStorage,service,/api/mobile/v1/music/tracks/:trackId/playback-grants,保留原生认证、许可与账号删除服务的当前 gate；生产删除仍不能启用；不能用重定向改变 POST,见源代码；不是线上 HTTP 记录,src/mobile/music.js:134,no,代码/构建定义已核对；HTTP 状态未验证，留 T20；生产配置/schema 未核验
R0112,/api/music/__cover-files/*,reserved private generated asset,all,src/scripts/musicPlayerClient.js；src/scripts/musicAnalytics.js；音乐浏览器模块,service,原路径继续直接拒绝 404；公开封面使用校验后的 cover API,保留私有生成文件拒绝规则，含多轮编码/反斜线变体；不得被静态图片或 API 保留名单放行,Worker 在音乐开关之前拒绝原始文件访问,src/music/coverDisplay.js:55; src/worker.js:22869,no,代码/构建定义已核对；HTTP 状态未验证，留 T20；生产配置/schema 未核验
R0113,/api/music/analytics/config,Worker endpoint,see handler,src/scripts/musicAnalytics.js:124,service,/api/music/analytics/config,保留既有方法、鉴权/资源开关、回调与历史客户端契约；必要公开内容过滤单列,见源代码；不是线上 HTTP 记录,src/music/analytics.js:173; src/music/analytics.js:176,no,代码/构建定义已核对；HTTP 状态未验证，留 T20；生产配置/schema 未核验
R0114,/api/music/catalog,Worker endpoint,GET|HEAD (handler),src/scripts/musicAccessLifecycle.js:126,service,/api/music/catalog,保留既有方法、鉴权/资源开关、回调与历史客户端契约；必要公开内容过滤单列,见源代码；不是线上 HTTP 记录,src/music/publicHttp.js:33,no,代码/构建定义已核对；HTTP 状态未验证，留 T20；生产配置/schema 未核验
R0115,/api/music/events,Worker endpoint,see handler,src/scripts/musicAnalytics.js:37,service,/api/music/events,保留既有方法、鉴权/资源开关、回调与历史客户端契约；必要公开内容过滤单列,见源代码；不是线上 HTTP 记录,src/music/analytics.js:173,no,代码/构建定义已核对；HTTP 状态未验证，留 T20；生产配置/schema 未核验
R0116,/api/music/me/capabilities,Worker endpoint,GET|HEAD (handler),src/scripts/musicAccessLifecycle.js:149,service,/api/music/me/capabilities,保留既有方法、鉴权/资源开关、回调与历史客户端契约；必要公开内容过滤单列,见源代码；不是线上 HTTP 记录,src/music/publicHttp.js:34,no,代码/构建定义已核对；HTTP 状态未验证，留 T20；生产配置/schema 未核验
R0117,/api/novelforge/analytics/chapter/:identifier,external client service template,GET,NovelForge 外部客户端（正式安装版本未核验）；Worker 专用 Bearer 鉴权,service,/api/novelforge/analytics/chapter/:identifier,保留既有方法、鉴权/资源开关、回调与历史客户端契约；必要公开内容过滤单列,segment parser；identifier 可含一/二段，具体约束见源代码,src/worker.js:16962; src/worker.js:16981,no,代码/构建定义已核对；HTTP 状态未验证，留 T20；生产配置/schema 未核验
R0118,/api/novelforge/analytics/insights/:identifier,external client service template,GET,NovelForge 外部客户端（正式安装版本未核验）；Worker 专用 Bearer 鉴权,service,/api/novelforge/analytics/insights/:identifier,保留既有方法、鉴权/资源开关、回调与历史客户端契约；必要公开内容过滤单列,segment parser；identifier 可含一/二段，具体约束见源代码,src/worker.js:16962; src/worker.js:16981,no,代码/构建定义已核对；HTTP 状态未验证，留 T20；生产配置/schema 未核验
R0119,/api/novelforge/analytics/trend/:identifier,external client service template,GET,NovelForge 外部客户端（正式安装版本未核验）；Worker 专用 Bearer 鉴权,service,/api/novelforge/analytics/trend/:identifier,保留既有方法、鉴权/资源开关、回调与历史客户端契约；必要公开内容过滤单列,segment parser；identifier 可含一/二段，具体约束见源代码,src/worker.js:16962; src/worker.js:16981,no,代码/构建定义已核对；HTTP 状态未验证，留 T20；生产配置/schema 未核验
R0120,/api/novelforge/chapters/:identifier/content,external client service template,GET,NovelForge 外部客户端（正式安装版本未核验）；Worker 专用 Bearer 鉴权,service,/api/novelforge/chapters/:identifier/content,保留既有方法、鉴权/资源开关、回调与历史客户端契约；必要公开内容过滤单列,segment parser；identifier 可含一/二段，具体约束见源代码,src/worker.js:16962; src/worker.js:16981,no,代码/构建定义已核对；HTTP 状态未验证，留 T20；生产配置/schema 未核验
R0121,/api/novelforge/import,Worker endpoint,POST,NovelForge 外部客户端（正式安装版本未核验）；Worker 专用 Bearer 鉴权,service,/api/novelforge/import,保留既有方法、鉴权/资源开关、回调与历史客户端契约；必要公开内容过滤单列,见源代码；不是线上 HTTP 记录,src/worker.js:23071,no,代码/构建定义已核对；HTTP 状态未验证，留 T20；生产配置/schema 未核验
R0122,/api/novelforge/translations/english,Worker endpoint,POST,NovelForge 外部客户端（正式安装版本未核验）；Worker 专用 Bearer 鉴权,service,/api/novelforge/translations/english,保留既有方法、鉴权/资源开关、回调与历史客户端契约；必要公开内容过滤单列,见源代码；不是线上 HTTP 记录,src/worker.js:23079,no,代码/构建定义已核对；HTTP 状态未验证，留 T20；生产配置/schema 未核验
R0123,/api/novels/access,Worker endpoint,GET,src/components/SerialChapterPage.astro:1133,service,/api/novels/access,保留既有方法、鉴权/资源开关、回调与历史客户端契约；必要公开内容过滤单列,见源代码；不是线上 HTTP 记录,src/worker.js:23031,no,代码/构建定义已核对；HTTP 状态未验证，留 T20；生产配置/schema 未核验
R0124,/api/novels/chapters/protected-content,Worker endpoint,GET,src/components/SerialChapterPage.astro:1105,service,/api/novels/chapters/protected-content,保留既有方法、鉴权/资源开关、回调与历史客户端契约；必要公开内容过滤单列,见源代码；不是线上 HTTP 记录,src/worker.js:23035,no,代码/构建定义已核对；HTTP 状态未验证，留 T20；生产配置/schema 未核验
R0125,/api/novels/comments,Worker endpoint,GET,src/components/SerialChapterPage.astro:614,service,/api/novels/comments,保留既有方法、鉴权/资源开关、回调与历史客户端契约；必要公开内容过滤单列,见源代码；不是线上 HTTP 记录,src/worker.js:23055,no,代码/构建定义已核对；HTTP 状态未验证，留 T20；生产配置/schema 未核验
R0126,/api/novels/credits/unlock,Worker endpoint,POST,src/components/SerialChapterPage.astro:1200,service,/api/novels/credits/unlock,保留既有方法、鉴权/资源开关、回调与历史客户端契约；必要公开内容过滤单列,见源代码；不是线上 HTTP 记录,src/worker.js:23105,no,代码/构建定义已核对；HTTP 状态未验证，留 T20；生产配置/schema 未核验
R0127,/api/novels/library,Worker endpoint,GET,src/components/ReaderLibraryPage.astro:1066,service,/api/novels/library,保留既有方法、鉴权/资源开关、回调与历史客户端契约；必要公开内容过滤单列,见源代码；不是线上 HTTP 记录,src/worker.js:23039,no,代码/构建定义已核对；HTTP 状态未验证，留 T20；生产配置/schema 未核验
R0128,/api/novels/payments/checkout,Worker endpoint,POST,src/components/ReaderLibraryPage.astro:1744; src/components/SerialChapterPage.astro:1253; src/components/SerialDetailPage.astro:273,service,/api/novels/payments/checkout,保留既有方法、鉴权/资源开关、回调与历史客户端契约；必要公开内容过滤单列,见源代码；不是线上 HTTP 记录,src/worker.js:23109,no,代码/构建定义已核对；HTTP 状态未验证，留 T20；生产配置/schema 未核验
R0129,/api/novels/payments/order,Worker endpoint,GET,src/components/ReaderLibraryPage.astro:1431; src/components/SerialChapterPage.astro:1158,service,/api/novels/payments/order,保留既有方法、鉴权/资源开关、回调与历史客户端契约；必要公开内容过滤单列,见源代码；不是线上 HTTP 记录,src/worker.js:23047,no,代码/构建定义已核对；HTTP 状态未验证，留 T20；生产配置/schema 未核验
R0130,/api/novels/payments/status,Worker endpoint,GET,src/components/ReaderLibraryPage.astro:1139; src/data/products/station-points.ts:4,service,/api/novels/payments/status,保留既有方法、鉴权/资源开关、回调与历史客户端契约；必要公开内容过滤单列,见源代码；不是线上 HTTP 记录,src/worker.js:23043,no,代码/构建定义已核对；HTTP 状态未验证，留 T20；生产配置/schema 未核验
R0131,/api/novels/pricing,Worker endpoint,GET,src/components/SerialChapterPage.astro:1052; src/components/SerialDetailPage.astro:240; src/pages/admin-v2/index.astro:2174,service,/api/novels/pricing,保留既有方法、鉴权/资源开关、回调与历史客户端契约；必要公开内容过滤单列,见源代码；不是线上 HTTP 记录,src/worker.js:23051,no,代码/构建定义已核对；HTTP 状态未验证，留 T20；生产配置/schema 未核验
R0132,/api/novels/reading-events,Worker endpoint,POST,src/components/SerialChapterPage.astro:803,service,/api/novels/reading-events,保留既有方法、鉴权/资源开关、回调与历史客户端契约；必要公开内容过滤单列,见源代码；不是线上 HTTP 记录,src/worker.js:23121,no,代码/构建定义已核对；HTTP 状态未验证，留 T20；生产配置/schema 未核验
R0133,/api/novels/webhooks/creem,Worker endpoint,POST,商户服务端回调（正式回调配置未核验）,service,/api/novels/webhooks/creem,保留既有方法、鉴权/资源开关、回调与历史客户端契约；必要公开内容过滤单列,见源代码；不是线上 HTTP 记录,src/worker.js:23117,no,代码/构建定义已核对；HTTP 状态未验证，留 T20；生产配置/schema 未核验
R0134,/api/novels/webhooks/nowpayments,Worker endpoint,POST,商户服务端回调（正式回调配置未核验）,service,/api/novels/webhooks/nowpayments,保留既有方法、鉴权/资源开关、回调与历史客户端契约；必要公开内容过滤单列,见源代码；不是线上 HTTP 记录,src/worker.js:23113,no,代码/构建定义已核对；HTTP 状态未验证，留 T20；生产配置/schema 未核验
R0135,/api/product-feedback,Worker endpoint,POST,src/components/PrivatePinyinLanding.astro:470,service,/api/product-feedback,保留既有方法、鉴权/资源开关、回调与历史客户端契约；必要公开内容过滤单列,见源代码；不是线上 HTTP 记录,src/worker.js:22933,no,代码/构建定义已核对；HTTP 状态未验证，留 T20；生产配置/schema 未核验
R0136,/api/readers/bookmarks,Worker endpoint,DELETE|GET|POST,src/components/ReaderLibraryPage.astro:1073; src/components/ReaderLibraryPage.astro:1103; src/components/SerialChapterPage.astro:547,service,/api/readers/bookmarks,保留既有方法、鉴权/资源开关、回调与历史客户端契约；必要公开内容过滤单列,见源代码；不是线上 HTTP 记录,src/worker.js:23016,no,代码/构建定义已核对；HTTP 状态未验证，留 T20；生产配置/schema 未核验
R0137,/api/readers/comments,Worker endpoint,POST,src/components/SerialChapterPage.astro:615,service,/api/readers/comments,保留既有方法、鉴权/资源开关、回调与历史客户端契约；必要公开内容过滤单列,见源代码；不是线上 HTTP 记录,src/worker.js:23023,no,代码/构建定义已核对；HTTP 状态未验证，留 T20；生产配置/schema 未核验
R0138,/api/readers/credits,Worker endpoint,GET,src/components/ReaderLibraryPage.astro:1384; src/components/SerialChapterPage.astro:1085,service,/api/readers/credits,保留既有方法、鉴权/资源开关、回调与历史客户端契约；必要公开内容过滤单列,见源代码；不是线上 HTTP 记录,src/worker.js:23012,no,代码/构建定义已核对；HTTP 状态未验证，留 T20；生产配置/schema 未核验
R0139,/api/readers/game-saves/cat-life,Worker endpoint,GET|PUT,public/games/cat-life/cloud-sync.js:2,service,/api/readers/game-saves/cat-life,保留既有方法、鉴权/资源开关、回调与历史客户端契约；必要公开内容过滤单列,见源代码；不是线上 HTTP 记录,src/worker.js:22985,no,代码/构建定义已核对；HTTP 状态未验证，留 T20；生产配置/schema 未核验
R0140,/api/readers/game-saves/cat-life/recovery,Worker endpoint,GET|POST,public/games/cat-life/cloud-sync.js；commerce.js；src/components/ReaderLibraryPage.astro,service,/api/readers/game-saves/cat-life/recovery,保留既有方法、鉴权/资源开关、回调与历史客户端契约；必要公开内容过滤单列,见源代码；不是线上 HTTP 记录,src/worker.js:22991,no,代码/构建定义已核对；HTTP 状态未验证，留 T20；生产配置/schema 未核验
R0141,/api/readers/login,Worker endpoint,POST,src/components/ReaderLibraryPage.astro:1542,service,/api/readers/login,保留既有方法、鉴权/资源开关、回调与历史客户端契约；必要公开内容过滤单列,见源代码；不是线上 HTTP 记录,src/worker.js:22945,no,代码/构建定义已核对；HTTP 状态未验证，留 T20；生产配置/schema 未核验
R0142,/api/readers/logout,Worker endpoint,POST,src/components/ReaderLibraryPage.astro:1602,service,/api/readers/logout,保留既有方法、鉴权/资源开关、回调与历史客户端契约；必要公开内容过滤单列,见源代码；不是线上 HTTP 记录,src/worker.js:22981,no,代码/构建定义已核对；HTTP 状态未验证，留 T20；生产配置/schema 未核验
R0143,/api/readers/magic-link,Worker endpoint,POST,src/components/ReaderLibraryPage.astro；src/data/reader-library-client.js；游戏/历史阅读与订单客户端,service,/api/readers/magic-link,保留既有方法、鉴权/资源开关、回调与历史客户端契约；必要公开内容过滤单列,见源代码；不是线上 HTTP 记录,src/worker.js:22937,no,代码/构建定义已核对；HTTP 状态未验证，留 T20；生产配置/schema 未核验
R0144,/api/readers/membership/redeem,Worker endpoint,POST,src/components/ReaderLibraryPage.astro:1788,service,/api/readers/membership/redeem,保留既有方法、鉴权/资源开关、回调与历史客户端契约；必要公开内容过滤单列,见源代码；不是线上 HTTP 记录,src/worker.js:23027,no,代码/构建定义已核对；HTTP 状态未验证，留 T20；生产配置/schema 未核验
R0145,/api/readers/password-reset/confirm,Worker endpoint,POST,src/components/ReaderLibraryPage.astro:1559; src/components/ReaderLibraryPage.astro:1567,service,/api/readers/password-reset/confirm,保留既有方法、鉴权/资源开关、回调与历史客户端契约；必要公开内容过滤单列,见源代码；不是线上 HTTP 记录,src/worker.js:22953,no,代码/构建定义已核对；HTTP 状态未验证，留 T20；生产配置/schema 未核验
R0146,/api/readers/password-reset/request,Worker endpoint,POST,src/components/ReaderLibraryPage.astro；src/data/reader-library-client.js；游戏/历史阅读与订单客户端,service,/api/readers/password-reset/request,保留既有方法、鉴权/资源开关、回调与历史客户端契约；必要公开内容过滤单列,见源代码；不是线上 HTTP 记录,src/worker.js:22949,no,代码/构建定义已核对；HTTP 状态未验证，留 T20；生产配置/schema 未核验
R0147,/api/readers/password/change,Worker endpoint,POST,src/components/ReaderLibraryPage.astro:1628,service,/api/readers/password/change,保留既有方法、鉴权/资源开关、回调与历史客户端契约；必要公开内容过滤单列,见源代码；不是线上 HTTP 记录,src/worker.js:22957,no,代码/构建定义已核对；HTTP 状态未验证，留 T20；生产配置/schema 未核验
R0148,/api/readers/register,Worker endpoint,POST,src/components/ReaderLibraryPage.astro:1550,service,/api/readers/register,保留既有方法、鉴权/资源开关、回调与历史客户端契约；必要公开内容过滤单列,见源代码；不是线上 HTTP 记录,src/worker.js:22941,no,代码/构建定义已核对；HTTP 状态未验证，留 T20；生产配置/schema 未核验
R0149,/api/readers/session,Worker endpoint,GET,public/games/cat-life/cloud-sync.js:621; src/components/ReaderLibraryPage.astro:1452; src/components/ReaderLibraryPage.astro:1783,service,/api/readers/session,保留既有方法、鉴权/资源开关、回调与历史客户端契约；必要公开内容过滤单列,见源代码；不是线上 HTTP 记录,src/worker.js:22977,no,代码/构建定义已核对；HTTP 状态未验证，留 T20；生产配置/schema 未核验
R0150,/api/readers/totp/confirm,Worker endpoint,POST,src/components/ReaderLibraryPage.astro:1688,service,/api/readers/totp/confirm,保留既有方法、鉴权/资源开关、回调与历史客户端契约；必要公开内容过滤单列,见源代码；不是线上 HTTP 记录,src/worker.js:22969,no,代码/构建定义已核对；HTTP 状态未验证，留 T20；生产配置/schema 未核验
R0151,/api/readers/totp/setup,Worker endpoint,POST,src/components/ReaderLibraryPage.astro:1657,service,/api/readers/totp/setup,保留既有方法、鉴权/资源开关、回调与历史客户端契约；必要公开内容过滤单列,见源代码；不是线上 HTTP 记录,src/worker.js:22965,no,代码/构建定义已核对；HTTP 状态未验证，留 T20；生产配置/schema 未核验
R0152,/api/readers/totp/status,Worker endpoint,GET,src/components/ReaderLibraryPage.astro:1337,service,/api/readers/totp/status,保留既有方法、鉴权/资源开关、回调与历史客户端契约；必要公开内容过滤单列,见源代码；不是线上 HTTP 记录,src/worker.js:22961,no,代码/构建定义已核对；HTTP 状态未验证，留 T20；生产配置/schema 未核验
R0153,/api/readers/verify,Worker endpoint,GET,src/components/ReaderLibraryPage.astro；src/data/reader-library-client.js；游戏/历史阅读与订单客户端,service,/api/readers/verify,保留既有方法、鉴权/资源开关、回调与历史客户端契约；必要公开内容过滤单列,见源代码；不是线上 HTTP 记录,src/worker.js:22973,no,代码/构建定义已核对；HTTP 状态未验证，留 T20；生产配置/schema 未核验
R0154,/api/waitlist,Worker endpoint,POST,src/data/products/caption-ai.ts:12; src/data/products/caption-ai.ts:17,service,/api/waitlist,保留既有方法、鉴权/资源开关、回调与历史客户端契约；必要公开内容过滤单列,见源代码；不是线上 HTTP 记录,src/worker.js:22929,no,代码/构建定义已核对；HTTP 状态未验证，留 T20；生产配置/schema 未核验
R0155,/apple-touch-icon.png,runtime/association/static asset family,GET|HEAD,src/data/navigation.ts；src/components/HomeHeader.astro；src/components/HomeFooter.astro；站内语言/内容链接；外部推广链接未知,service,/apple-touch-icon.png,保留系统关联、实际游戏/依赖资源与必要静态能力；原鉴权/缓存/CSP不降低；静态资源范围不覆盖 Worker 私有资源拒绝规则,见源代码；不是线上 HTTP 记录,public/_headers:22,no,代码/构建定义已核对；HTTP 状态未验证，留 T20；生产配置/schema 未核验
R0156,/apps,assets redirect,GET|HEAD,src/data/navigation.ts；src/components/HomeHeader.astro；src/components/HomeFooter.astro；站内语言/内容链接；外部推广链接未知,retire,—,被替代的旧公开栏目/介绍/文章/小说；新版上线后 410（无对应替代作品），从 sitemap 移除,现有 assets 301 -> /en/apps/；执行位置依 run_worker_first,public/_redirects:8,no,代码/构建定义已核对；HTTP 状态未验证，留 T20；生产配置/schema 未核验
R0157,/apps/,assets redirect,GET|HEAD,src/data/navigation.ts；src/components/HomeHeader.astro；src/components/HomeFooter.astro；站内语言/内容链接；外部推广链接未知,retire,—,被替代的旧公开栏目/介绍/文章/小说；新版上线后 410（无对应替代作品），从 sitemap 移除,现有 assets 301 -> /en/apps/；执行位置依 run_worker_first,public/_redirects:9,no,代码/构建定义已核对；HTTP 状态未验证，留 T20；生产配置/schema 未核验
R0158,/apps/*,assets redirect,GET|HEAD,src/data/navigation.ts；src/components/HomeHeader.astro；src/components/HomeFooter.astro；站内语言/内容链接；外部推广链接未知,retire,—,旧公开 Apps 剩余路径退出；游戏介绍与政策/售后/下载/账号服务精确例外优先，不能整段关闭,现有 assets 301 -> /en/apps/:splat；执行位置依 run_worker_first,public/_redirects:10,no,代码/构建定义已核对；HTTP 状态未验证，留 T20；生产配置/schema 未核验
R0159,/apps/anytls-desktop-manager,Worker exact redirect; assets redirect,GET|HEAD,src/data/navigation.ts；src/components/HomeHeader.astro；src/components/HomeFooter.astro；站内语言/内容链接；外部推广链接未知,retire,—,旧工具入口；不再跳向将退出的 NodePilot 介绍页,现有 assets 301 -> /en/apps/nodepilot/；执行位置依 run_worker_first,src/worker.js:22464; public/_redirects:6,no,代码/构建定义已核对；HTTP 状态未验证，留 T20；生产配置/schema 未核验
R0160,/apps/anytls-desktop-manager/,Worker exact redirect; assets redirect,GET|HEAD,src/data/navigation.ts；src/components/HomeHeader.astro；src/components/HomeFooter.astro；站内语言/内容链接；外部推广链接未知,retire,—,旧工具入口；不再跳向将退出的 NodePilot 介绍页,现有 assets 301 -> /en/apps/nodepilot/；执行位置依 run_worker_first,src/worker.js:22465; public/_redirects:7,no,代码/构建定义已核对；HTTP 状态未验证，留 T20；生产配置/schema 未核验
R0161,/apps/cat-life-game,unprefixed game introduction alias,GET|HEAD,src/data/navigation.ts；src/components/HomeHeader.astro；src/components/HomeFooter.astro；站内语言/内容链接；外部推广链接未知,redirect,/en/games/cat-life-game/,旧无语言前缀 Apps 规则为 en；游戏介绍作为 /apps/* 退役的精确例外，待 T12 新介绍完成后直接映射,见源代码；不是线上 HTTP 记录,public/_redirects:10; src/data/products/cat-life-game.ts:6,no,代码/构建定义已核对；HTTP 状态未验证，留 T20；生产配置/schema 未核验
R0162,/apps/cat-life-game/,unprefixed game introduction alias,GET|HEAD,src/data/navigation.ts；src/components/HomeHeader.astro；src/components/HomeFooter.astro；站内语言/内容链接；外部推广链接未知,redirect,/en/games/cat-life-game/,旧无语言前缀 Apps 规则为 en；游戏介绍作为 /apps/* 退役的精确例外，待 T12 新介绍完成后直接映射,见源代码；不是线上 HTTP 记录,public/_redirects:10; src/data/products/cat-life-game.ts:6,no,代码/构建定义已核对；HTTP 状态未验证，留 T20；生产配置/schema 未核验
R0163,/auth/mobile/authorize,Worker endpoint,GET|POST,src/mobile/http.js；原生 App/系统回调（正式客户端版本未核验）；不是网页 localStorage,service,/auth/mobile/authorize,保留既有方法、鉴权/资源开关、回调与历史客户端契约；必要公开内容过滤单列,见源代码；不是线上 HTTP 记录,src/mobile/http.js:65; src/mobile/http.js:88,no,代码/构建定义已核对；HTTP 状态未验证，留 T20；生产配置/schema 未核验
R0164,/auth/mobile/callback,Worker endpoint,GET,src/mobile/http.js；原生 App/系统回调（正式客户端版本未核验）；不是网页 localStorage,service,/auth/mobile/callback,保留既有方法、鉴权/资源开关、回调与历史客户端契约；必要公开内容过滤单列,见源代码；不是线上 HTTP 记录,src/mobile/http.js:64,no,代码/构建定义已核对；HTTP 状态未验证，留 T20；生产配置/schema 未核验
R0165,/auth/mobile/register,Worker endpoint,GET|POST,src/mobile/http.js；原生 App/系统回调（正式客户端版本未核验）；不是网页 localStorage,service,/auth/mobile/register,保留既有方法、鉴权/资源开关、回调与历史客户端契约；必要公开内容过滤单列,见源代码；不是线上 HTTP 记录,src/mobile/http.js:74; src/mobile/http.js:82,no,代码/构建定义已核对；HTTP 状态未验证，留 T20；生产配置/schema 未核验
R0166,/auth/mobile/reset,Worker endpoint,GET|POST,src/mobile/http.js；原生 App/系统回调（正式客户端版本未核验）；不是网页 localStorage,service,/auth/mobile/reset,保留既有方法、鉴权/资源开关、回调与历史客户端契约；必要公开内容过滤单列,见源代码；不是线上 HTTP 记录,src/mobile/http.js:74; src/mobile/http.js:82,no,代码/构建定义已核对；HTTP 状态未验证，留 T20；生产配置/schema 未核验
R0167,/auth/mobile/sign-in,Worker endpoint,GET,src/mobile/http.js；原生 App/系统回调（正式客户端版本未核验）；不是网页 localStorage,service,/auth/mobile/sign-in,保留既有方法、鉴权/资源开关、回调与历史客户端契约；必要公开内容过滤单列,见源代码；不是线上 HTTP 记录,src/mobile/http.js:74,no,代码/构建定义已核对；HTTP 状态未验证，留 T20；生产配置/schema 未核验
R0168,/devlog,slashless variant; dynamic slashless family,GET|HEAD,src/data/navigation.ts；src/components/HomeHeader.astro；src/components/HomeFooter.astro；站内语言/内容链接；外部推广链接未知,retire,—,被替代的旧公开栏目/介绍/文章/小说；新版上线后 410（无对应替代作品），从 sitemap 移除,现有永久补斜线跳转；未来在退出规则前阻止旧公开跳转链,src/pages/devlog/index.astro:1; src/worker.js:23362; src/worker.js:22474,no,代码/构建定义已核对；HTTP 状态未验证，留 T20；生产配置/schema 未核验
R0169,/devlog/,static HTML; dynamic public family,GET|HEAD,src/data/navigation.ts；src/components/HomeHeader.astro；src/components/HomeFooter.astro；站内语言/内容链接；外部推广链接未知,retire,—,被替代的旧公开栏目/介绍/文章/小说；新版上线后 410（无对应替代作品），从 sitemap 移除,按语言和 slug 动态解析；D1 实际 slug 未获取,src/pages/devlog/index.astro:1; src/worker.js:18969; src/worker.js:21501,no,代码/构建定义已核对；HTTP 状态未验证，留 T20；生产配置/schema 未核验
R0170,/devlog/2026-05-17-snapcopy-testing,slashless variant,GET|HEAD,src/data/navigation.ts；src/components/HomeHeader.astro；src/components/HomeFooter.astro；站内语言/内容链接；外部推广链接未知,retire,—,被替代的旧公开栏目/介绍/文章/小说；新版上线后 410（无对应替代作品），从 sitemap 移除,静态 slash 需 ASSETS 存在才 301；音乐受独立 gate/302；待 T20,src/pages/devlog/[slug].astro:1; src/worker.js:23362,no,代码/构建定义已核对；HTTP 状态未验证，留 T20；生产配置/schema 未核验
R0171,/devlog/2026-05-17-snapcopy-testing/,static HTML,GET|HEAD,src/data/navigation.ts；src/components/HomeHeader.astro；src/components/HomeFooter.astro；站内语言/内容链接；外部推广链接未知,retire,—,被替代的旧公开栏目/介绍/文章/小说；新版上线后 410（无对应替代作品），从 sitemap 移除,dist/index.html 已生成；Worker/Access 门禁可能先响应，不能认定 HTTP 200,src/pages/devlog/[slug].astro:1,no,代码/构建定义已核对；HTTP 状态未验证，留 T20；生产配置/schema 未核验
R0172,/devlog/2026-05-17-station-cat-homepage,slashless variant,GET|HEAD,src/data/navigation.ts；src/components/HomeHeader.astro；src/components/HomeFooter.astro；站内语言/内容链接；外部推广链接未知,retire,—,被替代的旧公开栏目/介绍/文章/小说；新版上线后 410（无对应替代作品），从 sitemap 移除,静态 slash 需 ASSETS 存在才 301；音乐受独立 gate/302；待 T20,src/pages/devlog/[slug].astro:1; src/worker.js:23362,no,代码/构建定义已核对；HTTP 状态未验证，留 T20；生产配置/schema 未核验
R0173,/devlog/2026-05-17-station-cat-homepage/,static HTML,GET|HEAD,src/data/navigation.ts；src/components/HomeHeader.astro；src/components/HomeFooter.astro；站内语言/内容链接；外部推广链接未知,retire,—,被替代的旧公开栏目/介绍/文章/小说；新版上线后 410（无对应替代作品），从 sitemap 移除,dist/index.html 已生成；Worker/Access 门禁可能先响应，不能认定 HTTP 200,src/pages/devlog/[slug].astro:1,no,代码/构建定义已核对；HTTP 状态未验证，留 T20；生产配置/schema 未核验
R0174,/devlog/2026-05-19-snapcopy-v1-4-devlog,slashless variant,GET|HEAD,src/data/navigation.ts；src/components/HomeHeader.astro；src/components/HomeFooter.astro；站内语言/内容链接；外部推广链接未知,retire,—,被替代的旧公开栏目/介绍/文章/小说；新版上线后 410（无对应替代作品），从 sitemap 移除,静态 slash 需 ASSETS 存在才 301；音乐受独立 gate/302；待 T20,src/pages/devlog/[slug].astro:1; src/worker.js:23362,no,代码/构建定义已核对；HTTP 状态未验证，留 T20；生产配置/schema 未核验
R0175,/devlog/2026-05-19-snapcopy-v1-4-devlog/,static HTML,GET|HEAD,src/data/navigation.ts；src/components/HomeHeader.astro；src/components/HomeFooter.astro；站内语言/内容链接；外部推广链接未知,retire,—,被替代的旧公开栏目/介绍/文章/小说；新版上线后 410（无对应替代作品），从 sitemap 移除,dist/index.html 已生成；Worker/Access 门禁可能先响应，不能认定 HTTP 200,src/pages/devlog/[slug].astro:1,no,代码/构建定义已核对；HTTP 状态未验证，留 T20；生产配置/schema 未核验
R0176,/devlog/2026-05-31-snapcopy-v1-64-devlog,slashless variant,GET|HEAD,src/data/navigation.ts；src/components/HomeHeader.astro；src/components/HomeFooter.astro；站内语言/内容链接；外部推广链接未知,retire,—,被替代的旧公开栏目/介绍/文章/小说；新版上线后 410（无对应替代作品），从 sitemap 移除,静态 slash 需 ASSETS 存在才 301；音乐受独立 gate/302；待 T20,src/pages/devlog/[slug].astro:1; src/worker.js:23362,no,代码/构建定义已核对；HTTP 状态未验证，留 T20；生产配置/schema 未核验
R0177,/devlog/2026-05-31-snapcopy-v1-64-devlog/,static HTML,GET|HEAD,src/data/navigation.ts；src/components/HomeHeader.astro；src/components/HomeFooter.astro；站内语言/内容链接；外部推广链接未知,retire,—,被替代的旧公开栏目/介绍/文章/小说；新版上线后 410（无对应替代作品），从 sitemap 移除,dist/index.html 已生成；Worker/Access 门禁可能先响应，不能认定 HTTP 200,src/pages/devlog/[slug].astro:1,no,代码/构建定义已核对；HTTP 状态未验证，留 T20；生产配置/schema 未核验
R0178,/devlog/2026-06-14-simplecut-pro-user-first-video-editing,slashless variant,GET|HEAD,src/data/navigation.ts；src/components/HomeHeader.astro；src/components/HomeFooter.astro；站内语言/内容链接；外部推广链接未知,retire,—,被替代的旧公开栏目/介绍/文章/小说；新版上线后 410（无对应替代作品），从 sitemap 移除,静态 slash 需 ASSETS 存在才 301；音乐受独立 gate/302；待 T20,src/pages/devlog/[slug].astro:1; src/worker.js:23362,no,代码/构建定义已核对；HTTP 状态未验证，留 T20；生产配置/schema 未核验
R0179,/devlog/2026-06-14-simplecut-pro-user-first-video-editing/,static HTML,GET|HEAD,src/data/navigation.ts；src/components/HomeHeader.astro；src/components/HomeFooter.astro；站内语言/内容链接；外部推广链接未知,retire,—,被替代的旧公开栏目/介绍/文章/小说；新版上线后 410（无对应替代作品），从 sitemap 移除,dist/index.html 已生成；Worker/Access 门禁可能先响应，不能认定 HTTP 200,src/pages/devlog/[slug].astro:1,no,代码/构建定义已核对；HTTP 状态未验证，留 T20；生产配置/schema 未核验
R0180,/devlog/2026-06-21-station-cat-serial-fiction-channel,slashless variant,GET|HEAD,src/data/navigation.ts；src/components/HomeHeader.astro；src/components/HomeFooter.astro；站内语言/内容链接；外部推广链接未知,retire,—,被替代的旧公开栏目/介绍/文章/小说；新版上线后 410（无对应替代作品），从 sitemap 移除,静态 slash 需 ASSETS 存在才 301；音乐受独立 gate/302；待 T20,src/pages/devlog/[slug].astro:1; src/worker.js:23362,no,代码/构建定义已核对；HTTP 状态未验证，留 T20；生产配置/schema 未核验
R0181,/devlog/2026-06-21-station-cat-serial-fiction-channel/,static HTML,GET|HEAD,src/data/navigation.ts；src/components/HomeHeader.astro；src/components/HomeFooter.astro；站内语言/内容链接；外部推广链接未知,retire,—,被替代的旧公开栏目/介绍/文章/小说；新版上线后 410（无对应替代作品），从 sitemap 移除,dist/index.html 已生成；Worker/Access 门禁可能先响应，不能认定 HTTP 200,src/pages/devlog/[slug].astro:1,no,代码/构建定义已核对；HTTP 状态未验证，留 T20；生产配置/schema 未核验
R0182,/devlog/:slug,dynamic slashless family,GET|HEAD,src/data/navigation.ts；src/components/HomeHeader.astro；src/components/HomeFooter.astro；站内语言/内容链接；外部推广链接未知,retire,—,被替代的旧公开栏目/介绍/文章/小说；新版上线后 410（无对应替代作品），从 sitemap 移除,现有永久补斜线跳转；未来在退出规则前阻止旧公开跳转链,src/worker.js:22474,no,代码/构建定义已核对；HTTP 状态未验证，留 T20；生产配置/schema 未核验
R0183,/devlog/:slug/,dynamic public family,GET|HEAD,src/data/navigation.ts；src/components/HomeHeader.astro；src/components/HomeFooter.astro；站内语言/内容链接；外部推广链接未知,retire,—,被替代的旧公开栏目/介绍/文章/小说；新版上线后 410（无对应替代作品），从 sitemap 移除,按语言和 slug 动态解析；D1 实际 slug 未获取,src/worker.js:18969; src/worker.js:21501,no,代码/构建定义已核对；HTTP 状态未验证，留 T20；生产配置/schema 未核验
R0184,/download,slashless variant,GET|HEAD,下载组件与产品页；外部 App/历史下载链接（完整外链未获取）,service,/download/,政策、售后、下载、登录、会员、余额/支付服务；退出旧栏目导航不等于删除服务,静态 slash 需 ASSETS 存在才 301；音乐受独立 gate/302；待 T20,src/pages/download.astro:1; src/worker.js:23362,no,代码/构建定义已核对；HTTP 状态未验证，留 T20；生产配置/schema 未核验
R0185,/download/,static HTML; sitemap entry,GET|HEAD,下载组件与产品页；外部 App/历史下载链接（完整外链未获取）,service,/download/,政策、售后、下载、登录、会员、余额/支付服务；退出旧栏目导航不等于删除服务,dist/index.html 已生成；Worker/Access 门禁可能先响应，不能认定 HTTP 200,src/pages/download.astro:1; scripts/generate-sitemap.mjs:11; scripts/generate-sitemap.mjs:99,yes,代码/构建定义已核对；HTTP 状态未验证，留 T20；生产配置/schema 未核验
R0186,/downloads/anytls-desktop-manager/AnyTLS-Desktop-Manager-0.2.0-arm64.dmg,R2 download,GET|HEAD,下载组件与产品页；外部 App/历史下载链接（完整外链未获取）,service,/downloads/anytls-desktop-manager/AnyTLS-Desktop-Manager-0.2.0-arm64.dmg,保留既有方法、鉴权/资源开关、回调与历史客户端契约；必要公开内容过滤单列,Worker 限流/Range/R2 下载，状态取决于资源，未经线上验证,src/worker.js:22394,no,代码/构建定义已核对；HTTP 状态未验证，留 T20；生产配置/schema 未核验
R0187,/downloads/anytls-desktop-manager/AnyTLS-Desktop-Manager-Setup-0.1.0-x64.exe,R2 download,GET|HEAD,下载组件与产品页；外部 App/历史下载链接（完整外链未获取）,service,/downloads/anytls-desktop-manager/AnyTLS-Desktop-Manager-Setup-0.1.0-x64.exe,保留既有方法、鉴权/资源开关、回调与历史客户端契约；必要公开内容过滤单列,Worker 限流/Range/R2 下载，状态取决于资源，未经线上验证,src/worker.js:22388,no,代码/构建定义已核对；HTTP 状态未验证，留 T20；生产配置/schema 未核验
R0188,/downloads/anytls-desktop-manager/NodePilot-0.2.13-arm64.dmg,R2 download,GET|HEAD,下载组件与产品页；外部 App/历史下载链接（完整外链未获取）,service,/downloads/anytls-desktop-manager/NodePilot-0.2.13-arm64.dmg,保留既有方法、鉴权/资源开关、回调与历史客户端契约；必要公开内容过滤单列,Worker 限流/Range/R2 下载，状态取决于资源，未经线上验证,src/worker.js:22274,no,代码/构建定义已核对；HTTP 状态未验证，留 T20；生产配置/schema 未核验
R0189,/downloads/anytls-desktop-manager/NodePilot-0.2.16-arm64.dmg,R2 download,GET|HEAD,下载组件与产品页；外部 App/历史下载链接（完整外链未获取）,service,/downloads/anytls-desktop-manager/NodePilot-0.2.16-arm64.dmg,保留既有方法、鉴权/资源开关、回调与历史客户端契约；必要公开内容过滤单列,Worker 限流/Range/R2 下载，状态取决于资源，未经线上验证,src/worker.js:22262,no,代码/构建定义已核对；HTTP 状态未验证，留 T20；生产配置/schema 未核验
R0190,/downloads/anytls-desktop-manager/NodePilot-0.2.17-arm64.dmg,R2 download,GET|HEAD,下载组件与产品页；外部 App/历史下载链接（完整外链未获取）,service,/downloads/anytls-desktop-manager/NodePilot-0.2.17-arm64.dmg,保留既有方法、鉴权/资源开关、回调与历史客户端契约；必要公开内容过滤单列,Worker 限流/Range/R2 下载，状态取决于资源，未经线上验证,src/worker.js:22250,no,代码/构建定义已核对；HTTP 状态未验证，留 T20；生产配置/schema 未核验
R0191,/downloads/anytls-desktop-manager/NodePilot-0.2.18-arm64.dmg,R2 download,GET|HEAD,下载组件与产品页；外部 App/历史下载链接（完整外链未获取）,service,/downloads/anytls-desktop-manager/NodePilot-0.2.18-arm64.dmg,保留既有方法、鉴权/资源开关、回调与历史客户端契约；必要公开内容过滤单列,Worker 限流/Range/R2 下载，状态取决于资源，未经线上验证,src/worker.js:22180,no,代码/构建定义已核对；HTTP 状态未验证，留 T20；生产配置/schema 未核验
R0192,/downloads/anytls-desktop-manager/NodePilot-0.2.18-mac-arm64.zip,R2 download,GET|HEAD,下载组件与产品页；外部 App/历史下载链接（完整外链未获取）,service,/downloads/anytls-desktop-manager/NodePilot-0.2.18-mac-arm64.zip,保留既有方法、鉴权/资源开关、回调与历史客户端契约；必要公开内容过滤单列,Worker 限流/Range/R2 下载，状态取决于资源，未经线上验证,src/worker.js:22238,no,代码/构建定义已核对；HTTP 状态未验证，留 T20；生产配置/schema 未核验
R0193,/downloads/anytls-desktop-manager/NodePilot-0.2.26-arm64.dmg,R2 download,GET|HEAD,下载组件与产品页；外部 App/历史下载链接（完整外链未获取）,service,/downloads/anytls-desktop-manager/NodePilot-0.2.26-arm64.dmg,保留既有方法、鉴权/资源开关、回调与历史客户端契约；必要公开内容过滤单列,Worker 限流/Range/R2 下载，状态取决于资源，未经线上验证,src/worker.js:22158,no,代码/构建定义已核对；HTTP 状态未验证，留 T20；生产配置/schema 未核验
R0194,/downloads/anytls-desktop-manager/NodePilot-0.2.26-arm64.dmg.blockmap,R2 download,GET|HEAD,下载组件与产品页；外部 App/历史下载链接（完整外链未获取）,service,/downloads/anytls-desktop-manager/NodePilot-0.2.26-arm64.dmg.blockmap,保留既有方法、鉴权/资源开关、回调与历史客户端契约；必要公开内容过滤单列,Worker 限流/Range/R2 下载，状态取决于资源，未经线上验证,src/worker.js:22169,no,代码/构建定义已核对；HTTP 状态未验证，留 T20；生产配置/schema 未核验
R0195,/downloads/anytls-desktop-manager/NodePilot-0.2.26-mac-arm64.zip,R2 download,GET|HEAD,下载组件与产品页；外部 App/历史下载链接（完整外链未获取）,service,/downloads/anytls-desktop-manager/NodePilot-0.2.26-mac-arm64.zip,保留既有方法、鉴权/资源开关、回调与历史客户端契约；必要公开内容过滤单列,Worker 限流/Range/R2 下载，状态取决于资源，未经线上验证,src/worker.js:22204,no,代码/构建定义已核对；HTTP 状态未验证，留 T20；生产配置/schema 未核验
R0196,/downloads/anytls-desktop-manager/NodePilot-0.2.26-mac-arm64.zip.blockmap,R2 download,GET|HEAD,下载组件与产品页；外部 App/历史下载链接（完整外链未获取）,service,/downloads/anytls-desktop-manager/NodePilot-0.2.26-mac-arm64.zip.blockmap,保留既有方法、鉴权/资源开关、回调与历史客户端契约；必要公开内容过滤单列,Worker 限流/Range/R2 下载，状态取决于资源，未经线上验证,src/worker.js:22215,no,代码/构建定义已核对；HTTP 状态未验证，留 T20；生产配置/schema 未核验
R0197,/downloads/anytls-desktop-manager/NodePilot-0.2.8-arm64.dmg,R2 download,GET|HEAD,下载组件与产品页；外部 App/历史下载链接（完整外链未获取）,service,/downloads/anytls-desktop-manager/NodePilot-0.2.8-arm64.dmg,保留既有方法、鉴权/资源开关、回调与历史客户端契约；必要公开内容过滤单列,Worker 限流/Range/R2 下载，状态取决于资源，未经线上验证,src/worker.js:22400,no,代码/构建定义已核对；HTTP 状态未验证，留 T20；生产配置/schema 未核验
R0198,/downloads/anytls-desktop-manager/NodePilot-0.2.9-arm64.dmg,R2 download,GET|HEAD,下载组件与产品页；外部 App/历史下载链接（完整外链未获取）,service,/downloads/anytls-desktop-manager/NodePilot-0.2.9-arm64.dmg,保留既有方法、鉴权/资源开关、回调与历史客户端契约；必要公开内容过滤单列,Worker 限流/Range/R2 下载，状态取决于资源，未经线上验证,src/worker.js:22424,no,代码/构建定义已核对；HTTP 状态未验证，留 T20；生产配置/schema 未核验
R0199,/downloads/anytls-desktop-manager/NodePilot-Setup-0.2.13-x64.exe,R2 download,GET|HEAD,下载组件与产品页；外部 App/历史下载链接（完整外链未获取）,service,/downloads/anytls-desktop-manager/NodePilot-Setup-0.2.13-x64.exe,保留既有方法、鉴权/资源开关、回调与历史客户端契约；必要公开内容过滤单列,Worker 限流/Range/R2 下载，状态取决于资源，未经线上验证,src/worker.js:22376,no,代码/构建定义已核对；HTTP 状态未验证，留 T20；生产配置/schema 未核验
R0200,/downloads/anytls-desktop-manager/NodePilot-Setup-0.2.16-x64.exe,R2 download,GET|HEAD,下载组件与产品页；外部 App/历史下载链接（完整外链未获取）,service,/downloads/anytls-desktop-manager/NodePilot-Setup-0.2.16-x64.exe,保留既有方法、鉴权/资源开关、回调与历史客户端契约；必要公开内容过滤单列,Worker 限流/Range/R2 下载，状态取决于资源，未经线上验证,src/worker.js:22364,no,代码/构建定义已核对；HTTP 状态未验证，留 T20；生产配置/schema 未核验
R0201,/downloads/anytls-desktop-manager/NodePilot-Setup-0.2.17-x64.exe,R2 download,GET|HEAD,下载组件与产品页；外部 App/历史下载链接（完整外链未获取）,service,/downloads/anytls-desktop-manager/NodePilot-Setup-0.2.17-x64.exe,保留既有方法、鉴权/资源开关、回调与历史客户端契约；必要公开内容过滤单列,Worker 限流/Range/R2 下载，状态取决于资源，未经线上验证,src/worker.js:22352,no,代码/构建定义已核对；HTTP 状态未验证，留 T20；生产配置/schema 未核验
R0202,/downloads/anytls-desktop-manager/NodePilot-Setup-0.2.18-x64.exe,R2 download,GET|HEAD,下载组件与产品页；外部 App/历史下载链接（完整外链未获取）,service,/downloads/anytls-desktop-manager/NodePilot-Setup-0.2.18-x64.exe,保留既有方法、鉴权/资源开关、回调与历史客户端契约；必要公开内容过滤单列,Worker 限流/Range/R2 下载，状态取决于资源，未经线上验证,src/worker.js:22340,no,代码/构建定义已核对；HTTP 状态未验证，留 T20；生产配置/schema 未核验
R0203,/downloads/anytls-desktop-manager/NodePilot-Setup-0.2.26-x64.exe,R2 download,GET|HEAD,下载组件与产品页；外部 App/历史下载链接（完整外链未获取）,service,/downloads/anytls-desktop-manager/NodePilot-Setup-0.2.26-x64.exe,保留既有方法、鉴权/资源开关、回调与历史客户端契约；必要公开内容过滤单列,Worker 限流/Range/R2 下载，状态取决于资源，未经线上验证,src/worker.js:22306,no,代码/构建定义已核对；HTTP 状态未验证，留 T20；生产配置/schema 未核验
R0204,/downloads/anytls-desktop-manager/NodePilot-Setup-0.2.26-x64.exe.blockmap,R2 download,GET|HEAD,下载组件与产品页；外部 App/历史下载链接（完整外链未获取）,service,/downloads/anytls-desktop-manager/NodePilot-Setup-0.2.26-x64.exe.blockmap,保留既有方法、鉴权/资源开关、回调与历史客户端契约；必要公开内容过滤单列,Worker 限流/Range/R2 下载，状态取决于资源，未经线上验证,src/worker.js:22317,no,代码/构建定义已核对；HTTP 状态未验证，留 T20；生产配置/schema 未核验
R0205,/downloads/anytls-desktop-manager/NodePilot-Setup-0.2.8-x64.exe,R2 download,GET|HEAD,下载组件与产品页；外部 App/历史下载链接（完整外链未获取）,service,/downloads/anytls-desktop-manager/NodePilot-Setup-0.2.8-x64.exe,保留既有方法、鉴权/资源开关、回调与历史客户端契约；必要公开内容过滤单列,Worker 限流/Range/R2 下载，状态取决于资源，未经线上验证,src/worker.js:22412,no,代码/构建定义已核对；HTTP 状态未验证，留 T20；生产配置/schema 未核验
R0206,/downloads/anytls-desktop-manager/NodePilot-Setup-0.2.9-x64.exe,R2 download,GET|HEAD,下载组件与产品页；外部 App/历史下载链接（完整外链未获取）,service,/downloads/anytls-desktop-manager/NodePilot-Setup-0.2.9-x64.exe,保留既有方法、鉴权/资源开关、回调与历史客户端契约；必要公开内容过滤单列,Worker 限流/Range/R2 下载，状态取决于资源，未经线上验证,src/worker.js:22436,no,代码/构建定义已核对；HTTP 状态未验证，留 T20；生产配置/schema 未核验
R0207,/downloads/anytls-desktop-manager/NodePilot-Setup-latest-x64.exe,R2 download,GET|HEAD,下载组件与产品页；外部 App/历史下载链接（完整外链未获取）,service,/downloads/anytls-desktop-manager/NodePilot-Setup-latest-x64.exe,保留既有方法、鉴权/资源开关、回调与历史客户端契约；必要公开内容过滤单列,Worker 限流/Range/R2 下载，状态取决于资源，未经线上验证,src/worker.js:22293,no,代码/构建定义已核对；HTTP 状态未验证，留 T20；生产配置/schema 未核验
R0208,/downloads/anytls-desktop-manager/NodePilot-latest-arm64.dmg,R2 download,GET|HEAD,下载组件与产品页；外部 App/历史下载链接（完整外链未获取）,service,/downloads/anytls-desktop-manager/NodePilot-latest-arm64.dmg,保留既有方法、鉴权/资源开关、回调与历史客户端契约；必要公开内容过滤单列,Worker 限流/Range/R2 下载，状态取决于资源，未经线上验证,src/worker.js:22145,no,代码/构建定义已核对；HTTP 状态未验证，留 T20；生产配置/schema 未核验
R0209,/downloads/anytls-desktop-manager/NodePilot-latest-mac-arm64.zip,R2 download,GET|HEAD,下载组件与产品页；外部 App/历史下载链接（完整外链未获取）,service,/downloads/anytls-desktop-manager/NodePilot-latest-mac-arm64.zip,保留既有方法、鉴权/资源开关、回调与历史客户端契约；必要公开内容过滤单列,Worker 限流/Range/R2 下载，状态取决于资源，未经线上验证,src/worker.js:22192,no,代码/构建定义已核对；HTTP 状态未验证，留 T20；生产配置/schema 未核验
R0210,/downloads/anytls-desktop-manager/latest-mac.yml,R2 download,GET|HEAD,下载组件与产品页；外部 App/历史下载链接（完整外链未获取）,service,/downloads/anytls-desktop-manager/latest-mac.yml,保留既有方法、鉴权/资源开关、回调与历史客户端契约；必要公开内容过滤单列,Worker 限流/Range/R2 下载，状态取决于资源，未经线上验证,src/worker.js:22226,no,代码/构建定义已核对；HTTP 状态未验证，留 T20；生产配置/schema 未核验
R0211,/downloads/anytls-desktop-manager/latest.yml,R2 download,GET|HEAD,下载组件与产品页；外部 App/历史下载链接（完整外链未获取）,service,/downloads/anytls-desktop-manager/latest.yml,保留既有方法、鉴权/资源开关、回调与历史客户端契约；必要公开内容过滤单列,Worker 限流/Range/R2 下载，状态取决于资源，未经线上验证,src/worker.js:22328,no,代码/构建定义已核对；HTTP 状态未验证，留 T20；生产配置/schema 未核验
R0212,/downloads/nodepilot/NodePilot-0.2.12-arm64.dmg,R2 download,GET|HEAD,下载组件与产品页；外部 App/历史下载链接（完整外链未获取）,service,/downloads/nodepilot/NodePilot-0.2.12-arm64.dmg,保留既有方法、鉴权/资源开关、回调与历史客户端契约；必要公开内容过滤单列,Worker 限流/Range/R2 下载，状态取决于资源，未经线上验证,src/worker.js:22280,no,代码/构建定义已核对；HTTP 状态未验证，留 T20；生产配置/schema 未核验
R0213,/downloads/nodepilot/NodePilot-0.2.13-arm64.dmg,R2 download,GET|HEAD,下载组件与产品页；外部 App/历史下载链接（完整外链未获取）,service,/downloads/nodepilot/NodePilot-0.2.13-arm64.dmg,保留既有方法、鉴权/资源开关、回调与历史客户端契约；必要公开内容过滤单列,Worker 限流/Range/R2 下载，状态取决于资源，未经线上验证,src/worker.js:22268,no,代码/构建定义已核对；HTTP 状态未验证，留 T20；生产配置/schema 未核验
R0214,/downloads/nodepilot/NodePilot-0.2.16-arm64.dmg,R2 download,GET|HEAD,下载组件与产品页；外部 App/历史下载链接（完整外链未获取）,service,/downloads/nodepilot/NodePilot-0.2.16-arm64.dmg,保留既有方法、鉴权/资源开关、回调与历史客户端契约；必要公开内容过滤单列,Worker 限流/Range/R2 下载，状态取决于资源，未经线上验证,src/worker.js:22256,no,代码/构建定义已核对；HTTP 状态未验证，留 T20；生产配置/schema 未核验
R0215,/downloads/nodepilot/NodePilot-0.2.17-arm64.dmg,R2 download,GET|HEAD,下载组件与产品页；外部 App/历史下载链接（完整外链未获取）,service,/downloads/nodepilot/NodePilot-0.2.17-arm64.dmg,保留既有方法、鉴权/资源开关、回调与历史客户端契约；必要公开内容过滤单列,Worker 限流/Range/R2 下载，状态取决于资源，未经线上验证,src/worker.js:22244,no,代码/构建定义已核对；HTTP 状态未验证，留 T20；生产配置/schema 未核验
R0216,/downloads/nodepilot/NodePilot-0.2.18-arm64.dmg,R2 download,GET|HEAD,下载组件与产品页；外部 App/历史下载链接（完整外链未获取）,service,/downloads/nodepilot/NodePilot-0.2.18-arm64.dmg,保留既有方法、鉴权/资源开关、回调与历史客户端契约；必要公开内容过滤单列,Worker 限流/Range/R2 下载，状态取决于资源，未经线上验证,src/worker.js:22174,no,代码/构建定义已核对；HTTP 状态未验证，留 T20；生产配置/schema 未核验
R0217,/downloads/nodepilot/NodePilot-0.2.18-mac-arm64.zip,R2 download,GET|HEAD,下载组件与产品页；外部 App/历史下载链接（完整外链未获取）,service,/downloads/nodepilot/NodePilot-0.2.18-mac-arm64.zip,保留既有方法、鉴权/资源开关、回调与历史客户端契约；必要公开内容过滤单列,Worker 限流/Range/R2 下载，状态取决于资源，未经线上验证,src/worker.js:22232,no,代码/构建定义已核对；HTTP 状态未验证，留 T20；生产配置/schema 未核验
R0218,/downloads/nodepilot/NodePilot-0.2.26-arm64.dmg,R2 download,GET|HEAD,下载组件与产品页；外部 App/历史下载链接（完整外链未获取）,service,/downloads/nodepilot/NodePilot-0.2.26-arm64.dmg,保留既有方法、鉴权/资源开关、回调与历史客户端契约；必要公开内容过滤单列,Worker 限流/Range/R2 下载，状态取决于资源，未经线上验证,src/worker.js:22152,no,代码/构建定义已核对；HTTP 状态未验证，留 T20；生产配置/schema 未核验
R0219,/downloads/nodepilot/NodePilot-0.2.26-arm64.dmg.blockmap,R2 download,GET|HEAD,下载组件与产品页；外部 App/历史下载链接（完整外链未获取）,service,/downloads/nodepilot/NodePilot-0.2.26-arm64.dmg.blockmap,保留既有方法、鉴权/资源开关、回调与历史客户端契约；必要公开内容过滤单列,Worker 限流/Range/R2 下载，状态取决于资源，未经线上验证,src/worker.js:22164,no,代码/构建定义已核对；HTTP 状态未验证，留 T20；生产配置/schema 未核验
R0220,/downloads/nodepilot/NodePilot-0.2.26-mac-arm64.zip,R2 download,GET|HEAD,下载组件与产品页；外部 App/历史下载链接（完整外链未获取）,service,/downloads/nodepilot/NodePilot-0.2.26-mac-arm64.zip,保留既有方法、鉴权/资源开关、回调与历史客户端契约；必要公开内容过滤单列,Worker 限流/Range/R2 下载，状态取决于资源，未经线上验证,src/worker.js:22198,no,代码/构建定义已核对；HTTP 状态未验证，留 T20；生产配置/schema 未核验
R0221,/downloads/nodepilot/NodePilot-0.2.26-mac-arm64.zip.blockmap,R2 download,GET|HEAD,下载组件与产品页；外部 App/历史下载链接（完整外链未获取）,service,/downloads/nodepilot/NodePilot-0.2.26-mac-arm64.zip.blockmap,保留既有方法、鉴权/资源开关、回调与历史客户端契约；必要公开内容过滤单列,Worker 限流/Range/R2 下载，状态取决于资源，未经线上验证,src/worker.js:22210,no,代码/构建定义已核对；HTTP 状态未验证，留 T20；生产配置/schema 未核验
R0222,/downloads/nodepilot/NodePilot-0.2.8-arm64.dmg,R2 download,GET|HEAD,下载组件与产品页；外部 App/历史下载链接（完整外链未获取）,service,/downloads/nodepilot/NodePilot-0.2.8-arm64.dmg,保留既有方法、鉴权/资源开关、回调与历史客户端契约；必要公开内容过滤单列,Worker 限流/Range/R2 下载，状态取决于资源，未经线上验证,src/worker.js:22406,no,代码/构建定义已核对；HTTP 状态未验证，留 T20；生产配置/schema 未核验
R0223,/downloads/nodepilot/NodePilot-0.2.9-arm64.dmg,R2 download,GET|HEAD,下载组件与产品页；外部 App/历史下载链接（完整外链未获取）,service,/downloads/nodepilot/NodePilot-0.2.9-arm64.dmg,保留既有方法、鉴权/资源开关、回调与历史客户端契约；必要公开内容过滤单列,Worker 限流/Range/R2 下载，状态取决于资源，未经线上验证,src/worker.js:22430,no,代码/构建定义已核对；HTTP 状态未验证，留 T20；生产配置/schema 未核验
R0224,/downloads/nodepilot/NodePilot-Setup-0.2.12-x64.exe,R2 download,GET|HEAD,下载组件与产品页；外部 App/历史下载链接（完整外链未获取）,service,/downloads/nodepilot/NodePilot-Setup-0.2.12-x64.exe,保留既有方法、鉴权/资源开关、回调与历史客户端契约；必要公开内容过滤单列,Worker 限流/Range/R2 下载，状态取决于资源，未经线上验证,src/worker.js:22382,no,代码/构建定义已核对；HTTP 状态未验证，留 T20；生产配置/schema 未核验
R0225,/downloads/nodepilot/NodePilot-Setup-0.2.13-x64.exe,R2 download,GET|HEAD,下载组件与产品页；外部 App/历史下载链接（完整外链未获取）,service,/downloads/nodepilot/NodePilot-Setup-0.2.13-x64.exe,保留既有方法、鉴权/资源开关、回调与历史客户端契约；必要公开内容过滤单列,Worker 限流/Range/R2 下载，状态取决于资源，未经线上验证,src/worker.js:22370,no,代码/构建定义已核对；HTTP 状态未验证，留 T20；生产配置/schema 未核验
R0226,/downloads/nodepilot/NodePilot-Setup-0.2.16-x64.exe,R2 download,GET|HEAD,下载组件与产品页；外部 App/历史下载链接（完整外链未获取）,service,/downloads/nodepilot/NodePilot-Setup-0.2.16-x64.exe,保留既有方法、鉴权/资源开关、回调与历史客户端契约；必要公开内容过滤单列,Worker 限流/Range/R2 下载，状态取决于资源，未经线上验证,src/worker.js:22358,no,代码/构建定义已核对；HTTP 状态未验证，留 T20；生产配置/schema 未核验
R0227,/downloads/nodepilot/NodePilot-Setup-0.2.17-x64.exe,R2 download,GET|HEAD,下载组件与产品页；外部 App/历史下载链接（完整外链未获取）,service,/downloads/nodepilot/NodePilot-Setup-0.2.17-x64.exe,保留既有方法、鉴权/资源开关、回调与历史客户端契约；必要公开内容过滤单列,Worker 限流/Range/R2 下载，状态取决于资源，未经线上验证,src/worker.js:22346,no,代码/构建定义已核对；HTTP 状态未验证，留 T20；生产配置/schema 未核验
R0228,/downloads/nodepilot/NodePilot-Setup-0.2.18-x64.exe,R2 download,GET|HEAD,下载组件与产品页；外部 App/历史下载链接（完整外链未获取）,service,/downloads/nodepilot/NodePilot-Setup-0.2.18-x64.exe,保留既有方法、鉴权/资源开关、回调与历史客户端契约；必要公开内容过滤单列,Worker 限流/Range/R2 下载，状态取决于资源，未经线上验证,src/worker.js:22334,no,代码/构建定义已核对；HTTP 状态未验证，留 T20；生产配置/schema 未核验
R0229,/downloads/nodepilot/NodePilot-Setup-0.2.26-x64.exe,R2 download,GET|HEAD,下载组件与产品页；外部 App/历史下载链接（完整外链未获取）,service,/downloads/nodepilot/NodePilot-Setup-0.2.26-x64.exe,保留既有方法、鉴权/资源开关、回调与历史客户端契约；必要公开内容过滤单列,Worker 限流/Range/R2 下载，状态取决于资源，未经线上验证,src/worker.js:22300,no,代码/构建定义已核对；HTTP 状态未验证，留 T20；生产配置/schema 未核验
R0230,/downloads/nodepilot/NodePilot-Setup-0.2.26-x64.exe.blockmap,R2 download,GET|HEAD,下载组件与产品页；外部 App/历史下载链接（完整外链未获取）,service,/downloads/nodepilot/NodePilot-Setup-0.2.26-x64.exe.blockmap,保留既有方法、鉴权/资源开关、回调与历史客户端契约；必要公开内容过滤单列,Worker 限流/Range/R2 下载，状态取决于资源，未经线上验证,src/worker.js:22312,no,代码/构建定义已核对；HTTP 状态未验证，留 T20；生产配置/schema 未核验
R0231,/downloads/nodepilot/NodePilot-Setup-0.2.8-x64.exe,R2 download,GET|HEAD,下载组件与产品页；外部 App/历史下载链接（完整外链未获取）,service,/downloads/nodepilot/NodePilot-Setup-0.2.8-x64.exe,保留既有方法、鉴权/资源开关、回调与历史客户端契约；必要公开内容过滤单列,Worker 限流/Range/R2 下载，状态取决于资源，未经线上验证,src/worker.js:22418,no,代码/构建定义已核对；HTTP 状态未验证，留 T20；生产配置/schema 未核验
R0232,/downloads/nodepilot/NodePilot-Setup-0.2.9-x64.exe,R2 download,GET|HEAD,下载组件与产品页；外部 App/历史下载链接（完整外链未获取）,service,/downloads/nodepilot/NodePilot-Setup-0.2.9-x64.exe,保留既有方法、鉴权/资源开关、回调与历史客户端契约；必要公开内容过滤单列,Worker 限流/Range/R2 下载，状态取决于资源，未经线上验证,src/worker.js:22442,no,代码/构建定义已核对；HTTP 状态未验证，留 T20；生产配置/schema 未核验
R0233,/downloads/nodepilot/NodePilot-Setup-latest-x64.exe,R2 download,GET|HEAD,src/data/products/anytls-desktop-manager.ts:27,service,/downloads/nodepilot/NodePilot-Setup-latest-x64.exe,保留既有方法、鉴权/资源开关、回调与历史客户端契约；必要公开内容过滤单列,Worker 限流/Range/R2 下载，状态取决于资源，未经线上验证,src/worker.js:22286,no,代码/构建定义已核对；HTTP 状态未验证，留 T20；生产配置/schema 未核验
R0234,/downloads/nodepilot/NodePilot-latest-arm64.dmg,R2 download,GET|HEAD,src/data/products/anytls-desktop-manager.ts:16,service,/downloads/nodepilot/NodePilot-latest-arm64.dmg,保留既有方法、鉴权/资源开关、回调与历史客户端契约；必要公开内容过滤单列,Worker 限流/Range/R2 下载，状态取决于资源，未经线上验证,src/worker.js:22138,no,代码/构建定义已核对；HTTP 状态未验证，留 T20；生产配置/schema 未核验
R0235,/downloads/nodepilot/NodePilot-latest-mac-arm64.zip,R2 download,GET|HEAD,下载组件与产品页；外部 App/历史下载链接（完整外链未获取）,service,/downloads/nodepilot/NodePilot-latest-mac-arm64.zip,保留既有方法、鉴权/资源开关、回调与历史客户端契约；必要公开内容过滤单列,Worker 限流/Range/R2 下载，状态取决于资源，未经线上验证,src/worker.js:22186,no,代码/构建定义已核对；HTTP 状态未验证，留 T20；生产配置/schema 未核验
R0236,/downloads/nodepilot/latest-mac.yml,R2 download,GET|HEAD,下载组件与产品页；外部 App/历史下载链接（完整外链未获取）,service,/downloads/nodepilot/latest-mac.yml,保留既有方法、鉴权/资源开关、回调与历史客户端契约；必要公开内容过滤单列,Worker 限流/Range/R2 下载，状态取决于资源，未经线上验证,src/worker.js:22220,no,代码/构建定义已核对；HTTP 状态未验证，留 T20；生产配置/schema 未核验
R0237,/downloads/nodepilot/latest.yml,R2 download,GET|HEAD,下载组件与产品页；外部 App/历史下载链接（完整外链未获取）,service,/downloads/nodepilot/latest.yml,保留既有方法、鉴权/资源开关、回调与历史客户端契约；必要公开内容过滤单列,Worker 限流/Range/R2 下载，状态取决于资源，未经线上验证,src/worker.js:22322,no,代码/构建定义已核对；HTTP 状态未验证，留 T20；生产配置/schema 未核验
R0238,/downloads/novelforge-ai/NovelForge-AI-0.1.110-mac-arm64.pkg,R2 download,GET|HEAD,下载组件与产品页；外部 App/历史下载链接（完整外链未获取）,service,/downloads/novelforge-ai/NovelForge-AI-0.1.110-mac-arm64.pkg,保留既有方法、鉴权/资源开关、回调与历史客户端契约；必要公开内容过滤单列,Worker 限流/Range/R2 下载，状态取决于资源，未经线上验证,src/worker.js:21635,no,代码/构建定义已核对；HTTP 状态未验证，留 T20；生产配置/schema 未核验
R0239,/downloads/novelforge-ai/NovelForge-AI-0.1.115-mac-arm64.pkg,external download,GET|HEAD,src/data/products/novelforge-ai.ts:17,service,https://downloads.wwwstationcat.org:8443/novelforge-ai/0.1.115/NovelForge-AI-0.1.115-mac-arm64.pkg,保留既有方法、鉴权/资源开关、回调与历史客户端契约；必要公开内容过滤单列,代码拟返回 302 到既有外部下载地址；外部资源可用性未知,src/worker.js:22451,no,代码/构建定义已核对；HTTP 状态未验证，留 T20；生产配置/schema 未核验
R0240,/downloads/privatepinyin/PrivatePinyin-0.1.10-setup.exe,R2 download,GET|HEAD,下载组件与产品页；外部 App/历史下载链接（完整外链未获取）,service,/downloads/privatepinyin/PrivatePinyin-0.1.10-setup.exe,保留既有方法、鉴权/资源开关、回调与历史客户端契约；必要公开内容过滤单列,Worker 限流/Range/R2 下载，状态取决于资源，未经线上验证,src/worker.js:21779,no,代码/构建定义已核对；HTTP 状态未验证，留 T20；生产配置/schema 未核验
R0241,/downloads/privatepinyin/PrivatePinyin-0.1.10.msi,R2 download,GET|HEAD,下载组件与产品页；外部 App/历史下载链接（完整外链未获取）,service,/downloads/privatepinyin/PrivatePinyin-0.1.10.msi,保留既有方法、鉴权/资源开关、回调与历史客户端契约；必要公开内容过滤单列,Worker 限流/Range/R2 下载，状态取决于资源，未经线上验证,src/worker.js:21803,no,代码/构建定义已核对；HTTP 状态未验证，留 T20；生产配置/schema 未核验
R0242,/downloads/privatepinyin/PrivatePinyin-0.1.10.pkg,R2 download,GET|HEAD,下载组件与产品页；外部 App/历史下载链接（完整外链未获取）,service,/downloads/privatepinyin/PrivatePinyin-0.1.10.pkg,保留既有方法、鉴权/资源开关、回调与历史客户端契约；必要公开内容过滤单列,Worker 限流/Range/R2 下载，状态取决于资源，未经线上验证,src/worker.js:21797,no,代码/构建定义已核对；HTTP 状态未验证，留 T20；生产配置/schema 未核验
R0243,/downloads/privatepinyin/PrivatePinyin-0.1.10.zip,R2 download,GET|HEAD,下载组件与产品页；外部 App/历史下载链接（完整外链未获取）,service,/downloads/privatepinyin/PrivatePinyin-0.1.10.zip,保留既有方法、鉴权/资源开关、回调与历史客户端契约；必要公开内容过滤单列,Worker 限流/Range/R2 下载，状态取决于资源，未经线上验证,src/worker.js:21809,no,代码/构建定义已核对；HTTP 状态未验证，留 T20；生产配置/schema 未核验
R0244,/downloads/privatepinyin/PrivatePinyin-0.1.11-setup.exe,R2 download,GET|HEAD,下载组件与产品页；外部 App/历史下载链接（完整外链未获取）,service,/downloads/privatepinyin/PrivatePinyin-0.1.11-setup.exe,保留既有方法、鉴权/资源开关、回调与历史客户端契约；必要公开内容过滤单列,Worker 限流/Range/R2 下载，状态取决于资源，未经线上验证,src/worker.js:21773,no,代码/构建定义已核对；HTTP 状态未验证，留 T20；生产配置/schema 未核验
R0245,/downloads/privatepinyin/PrivatePinyin-0.1.11.msi,R2 download,GET|HEAD,下载组件与产品页；外部 App/历史下载链接（完整外链未获取）,service,/downloads/privatepinyin/PrivatePinyin-0.1.11.msi,保留既有方法、鉴权/资源开关、回调与历史客户端契约；必要公开内容过滤单列,Worker 限流/Range/R2 下载，状态取决于资源，未经线上验证,src/worker.js:21785,no,代码/构建定义已核对；HTTP 状态未验证，留 T20；生产配置/schema 未核验
R0246,/downloads/privatepinyin/PrivatePinyin-0.1.11.zip,R2 download,GET|HEAD,下载组件与产品页；外部 App/历史下载链接（完整外链未获取）,service,/downloads/privatepinyin/PrivatePinyin-0.1.11.zip,保留既有方法、鉴权/资源开关、回调与历史客户端契约；必要公开内容过滤单列,Worker 限流/Range/R2 下载，状态取决于资源，未经线上验证,src/worker.js:21791,no,代码/构建定义已核对；HTTP 状态未验证，留 T20；生产配置/schema 未核验
R0247,/downloads/privatepinyin/PrivatePinyin-0.1.12-setup.exe,R2 download,GET|HEAD,下载组件与产品页；外部 App/历史下载链接（完整外链未获取）,service,/downloads/privatepinyin/PrivatePinyin-0.1.12-setup.exe,保留既有方法、鉴权/资源开关、回调与历史客户端契约；必要公开内容过滤单列,Worker 限流/Range/R2 下载，状态取决于资源，未经线上验证,src/worker.js:21767,no,代码/构建定义已核对；HTTP 状态未验证，留 T20；生产配置/schema 未核验
R0248,/downloads/privatepinyin/PrivatePinyin-0.1.12.pkg,R2 download,GET|HEAD,下载组件与产品页；外部 App/历史下载链接（完整外链未获取）,service,/downloads/privatepinyin/PrivatePinyin-0.1.12.pkg,保留既有方法、鉴权/资源开关、回调与历史客户端契约；必要公开内容过滤单列,Worker 限流/Range/R2 下载，状态取决于资源，未经线上验证,src/worker.js:21761,no,代码/构建定义已核对；HTTP 状态未验证，留 T20；生产配置/schema 未核验
R0249,/downloads/privatepinyin/PrivatePinyin-0.1.13-setup.exe,R2 download,GET|HEAD,下载组件与产品页；外部 App/历史下载链接（完整外链未获取）,service,/downloads/privatepinyin/PrivatePinyin-0.1.13-setup.exe,保留既有方法、鉴权/资源开关、回调与历史客户端契约；必要公开内容过滤单列,Worker 限流/Range/R2 下载，状态取决于资源，未经线上验证,src/worker.js:21737,no,代码/构建定义已核对；HTTP 状态未验证，留 T20；生产配置/schema 未核验
R0250,/downloads/privatepinyin/PrivatePinyin-0.1.13.pkg,R2 download,GET|HEAD,下载组件与产品页；外部 App/历史下载链接（完整外链未获取）,service,/downloads/privatepinyin/PrivatePinyin-0.1.13.pkg,保留既有方法、鉴权/资源开关、回调与历史客户端契约；必要公开内容过滤单列,Worker 限流/Range/R2 下载，状态取决于资源，未经线上验证,src/worker.js:21755,no,代码/构建定义已核对；HTTP 状态未验证，留 T20；生产配置/schema 未核验
R0251,/downloads/privatepinyin/PrivatePinyin-0.1.15.pkg,R2 download,GET|HEAD,下载组件与产品页；外部 App/历史下载链接（完整外链未获取）,service,/downloads/privatepinyin/PrivatePinyin-0.1.15.pkg,保留既有方法、鉴权/资源开关、回调与历史客户端契约；必要公开内容过滤单列,Worker 限流/Range/R2 下载，状态取决于资源，未经线上验证,src/worker.js:21749,no,代码/构建定义已核对；HTTP 状态未验证，留 T20；生产配置/schema 未核验
R0252,/downloads/privatepinyin/PrivatePinyin-0.1.16.pkg,R2 download,GET|HEAD,下载组件与产品页；外部 App/历史下载链接（完整外链未获取）,service,/downloads/privatepinyin/PrivatePinyin-0.1.16.pkg,保留既有方法、鉴权/资源开关、回调与历史客户端契约；必要公开内容过滤单列,Worker 限流/Range/R2 下载，状态取决于资源，未经线上验证,src/worker.js:21743,no,代码/构建定义已核对；HTTP 状态未验证，留 T20；生产配置/schema 未核验
R0253,/downloads/privatepinyin/PrivatePinyin-0.1.17.pkg,R2 download,GET|HEAD,下载组件与产品页；外部 App/历史下载链接（完整外链未获取）,service,/downloads/privatepinyin/PrivatePinyin-0.1.17.pkg,保留既有方法、鉴权/资源开关、回调与历史客户端契约；必要公开内容过滤单列,Worker 限流/Range/R2 下载，状态取决于资源，未经线上验证,src/worker.js:21731,no,代码/构建定义已核对；HTTP 状态未验证，留 T20；生产配置/schema 未核验
R0254,/downloads/privatepinyin/PrivatePinyin-0.1.18.pkg,R2 download,GET|HEAD,下载组件与产品页；外部 App/历史下载链接（完整外链未获取）,service,/downloads/privatepinyin/PrivatePinyin-0.1.18.pkg,保留既有方法、鉴权/资源开关、回调与历史客户端契约；必要公开内容过滤单列,Worker 限流/Range/R2 下载，状态取决于资源，未经线上验证,src/worker.js:21725,no,代码/构建定义已核对；HTTP 状态未验证，留 T20；生产配置/schema 未核验
R0255,/downloads/privatepinyin/PrivatePinyin-0.1.20-setup.exe,R2 download,GET|HEAD,下载组件与产品页；外部 App/历史下载链接（完整外链未获取）,service,/downloads/privatepinyin/PrivatePinyin-0.1.20-setup.exe,保留既有方法、鉴权/资源开关、回调与历史客户端契约；必要公开内容过滤单列,Worker 限流/Range/R2 下载，状态取决于资源，未经线上验证,src/worker.js:21707,no,代码/构建定义已核对；HTTP 状态未验证，留 T20；生产配置/schema 未核验
R0256,/downloads/privatepinyin/PrivatePinyin-0.1.21.pkg,R2 download,GET|HEAD,下载组件与产品页；外部 App/历史下载链接（完整外链未获取）,service,/downloads/privatepinyin/PrivatePinyin-0.1.21.pkg,保留既有方法、鉴权/资源开关、回调与历史客户端契约；必要公开内容过滤单列,Worker 限流/Range/R2 下载，状态取决于资源，未经线上验证,src/worker.js:21719,no,代码/构建定义已核对；HTTP 状态未验证，留 T20；生产配置/schema 未核验
R0257,/downloads/privatepinyin/PrivatePinyin-0.1.22.pkg,R2 download,GET|HEAD,下载组件与产品页；外部 App/历史下载链接（完整外链未获取）,service,/downloads/privatepinyin/PrivatePinyin-0.1.22.pkg,保留既有方法、鉴权/资源开关、回调与历史客户端契约；必要公开内容过滤单列,Worker 限流/Range/R2 下载，状态取决于资源，未经线上验证,src/worker.js:21713,no,代码/构建定义已核对；HTTP 状态未验证，留 T20；生产配置/schema 未核验
R0258,/downloads/privatepinyin/PrivatePinyin-0.1.23-setup.exe,R2 download,GET|HEAD,下载组件与产品页；外部 App/历史下载链接（完整外链未获取）,service,/downloads/privatepinyin/PrivatePinyin-0.1.23-setup.exe,保留既有方法、鉴权/资源开关、回调与历史客户端契约；必要公开内容过滤单列,Worker 限流/Range/R2 下载，状态取决于资源，未经线上验证,src/worker.js:21695,no,代码/构建定义已核对；HTTP 状态未验证，留 T20；生产配置/schema 未核验
R0259,/downloads/privatepinyin/PrivatePinyin-0.1.23.pkg,R2 download,GET|HEAD,下载组件与产品页；外部 App/历史下载链接（完整外链未获取）,service,/downloads/privatepinyin/PrivatePinyin-0.1.23.pkg,保留既有方法、鉴权/资源开关、回调与历史客户端契约；必要公开内容过滤单列,Worker 限流/Range/R2 下载，状态取决于资源，未经线上验证,src/worker.js:21701,no,代码/构建定义已核对；HTTP 状态未验证，留 T20；生产配置/schema 未核验
R0260,/downloads/privatepinyin/PrivatePinyin-0.1.24-setup.exe,R2 download,GET|HEAD,下载组件与产品页；外部 App/历史下载链接（完整外链未获取）,service,/downloads/privatepinyin/PrivatePinyin-0.1.24-setup.exe,保留既有方法、鉴权/资源开关、回调与历史客户端契约；必要公开内容过滤单列,Worker 限流/Range/R2 下载，状态取决于资源，未经线上验证,src/worker.js:21689,no,代码/构建定义已核对；HTTP 状态未验证，留 T20；生产配置/schema 未核验
R0261,/downloads/privatepinyin/PrivatePinyin-0.1.24.pkg,R2 download,GET|HEAD,下载组件与产品页；外部 App/历史下载链接（完整外链未获取）,service,/downloads/privatepinyin/PrivatePinyin-0.1.24.pkg,保留既有方法、鉴权/资源开关、回调与历史客户端契约；必要公开内容过滤单列,Worker 限流/Range/R2 下载，状态取决于资源，未经线上验证,src/worker.js:21677,no,代码/构建定义已核对；HTTP 状态未验证，留 T20；生产配置/schema 未核验
R0262,/downloads/privatepinyin/PrivatePinyin-0.1.25-setup.exe,R2 download,GET|HEAD,src/data/products/privatepinyin.ts:31,service,/downloads/privatepinyin/PrivatePinyin-0.1.25-setup.exe,保留既有方法、鉴权/资源开关、回调与历史客户端契约；必要公开内容过滤单列,Worker 限流/Range/R2 下载，状态取决于资源，未经线上验证,src/worker.js:21683,no,代码/构建定义已核对；HTTP 状态未验证，留 T20；生产配置/schema 未核验
R0263,/downloads/privatepinyin/PrivatePinyin-0.1.25.pkg,R2 download,GET|HEAD,下载组件与产品页；外部 App/历史下载链接（完整外链未获取）,service,/downloads/privatepinyin/PrivatePinyin-0.1.25.pkg,保留既有方法、鉴权/资源开关、回调与历史客户端契约；必要公开内容过滤单列,Worker 限流/Range/R2 下载，状态取决于资源，未经线上验证,src/worker.js:21671,no,代码/构建定义已核对；HTTP 状态未验证，留 T20；生产配置/schema 未核验
R0264,/downloads/privatepinyin/PrivatePinyin-0.1.26.pkg,R2 download,GET|HEAD,下载组件与产品页；外部 App/历史下载链接（完整外链未获取）,service,/downloads/privatepinyin/PrivatePinyin-0.1.26.pkg,保留既有方法、鉴权/资源开关、回调与历史客户端契约；必要公开内容过滤单列,Worker 限流/Range/R2 下载，状态取决于资源，未经线上验证,src/worker.js:21665,no,代码/构建定义已核对；HTTP 状态未验证，留 T20；生产配置/schema 未核验
R0265,/downloads/privatepinyin/PrivatePinyin-0.1.27.pkg,R2 download,GET|HEAD,下载组件与产品页；外部 App/历史下载链接（完整外链未获取）,service,/downloads/privatepinyin/PrivatePinyin-0.1.27.pkg,保留既有方法、鉴权/资源开关、回调与历史客户端契约；必要公开内容过滤单列,Worker 限流/Range/R2 下载，状态取决于资源，未经线上验证,src/worker.js:21659,no,代码/构建定义已核对；HTTP 状态未验证，留 T20；生产配置/schema 未核验
R0266,/downloads/privatepinyin/PrivatePinyin-0.1.28.pkg,R2 download,GET|HEAD,下载组件与产品页；外部 App/历史下载链接（完整外链未获取）,service,/downloads/privatepinyin/PrivatePinyin-0.1.28.pkg,保留既有方法、鉴权/资源开关、回调与历史客户端契约；必要公开内容过滤单列,Worker 限流/Range/R2 下载，状态取决于资源，未经线上验证,src/worker.js:21653,no,代码/构建定义已核对；HTTP 状态未验证，留 T20；生产配置/schema 未核验
R0267,/downloads/privatepinyin/PrivatePinyin-0.1.29.pkg,R2 download,GET|HEAD,下载组件与产品页；外部 App/历史下载链接（完整外链未获取）,service,/downloads/privatepinyin/PrivatePinyin-0.1.29.pkg,保留既有方法、鉴权/资源开关、回调与历史客户端契约；必要公开内容过滤单列,Worker 限流/Range/R2 下载，状态取决于资源，未经线上验证,src/worker.js:21647,no,代码/构建定义已核对；HTTP 状态未验证，留 T20；生产配置/schema 未核验
R0268,/downloads/privatepinyin/PrivatePinyin-0.1.30.pkg,R2 download,GET|HEAD,src/data/products/privatepinyin.ts:18,service,/downloads/privatepinyin/PrivatePinyin-0.1.30.pkg,保留既有方法、鉴权/资源开关、回调与历史客户端契约；必要公开内容过滤单列,Worker 限流/Range/R2 下载，状态取决于资源，未经线上验证,src/worker.js:21641,no,代码/构建定义已核对；HTTP 状态未验证，留 T20；生产配置/schema 未核验
R0269,/downloads/privatepinyin/PrivatePinyin-0.1.9.pkg,R2 download,GET|HEAD,下载组件与产品页；外部 App/历史下载链接（完整外链未获取）,service,/downloads/privatepinyin/PrivatePinyin-0.1.9.pkg,保留既有方法、鉴权/资源开关、回调与历史客户端契约；必要公开内容过滤单列,Worker 限流/Range/R2 下载，状态取决于资源，未经线上验证,src/worker.js:21815,no,代码/构建定义已核对；HTTP 状态未验证，留 T20；生产配置/schema 未核验
R0270,/downloads/simplecut-pro,Worker exact redirect,GET|HEAD,下载组件与产品页；外部 App/历史下载链接（完整外链未获取）,service,/zh-hans/apps/simplecut-pro/download/,保留既有方法、鉴权/资源开关、回调与历史客户端契约；必要公开内容过滤单列,现有 301 -> /zh-hans/apps/simplecut-pro/download/,src/worker.js:22462,no,代码/构建定义已核对；HTTP 状态未验证，留 T20；生产配置/schema 未核验
R0271,/downloads/simplecut-pro/,Worker exact redirect,GET|HEAD,下载组件与产品页；外部 App/历史下载链接（完整外链未获取）,service,/zh-hans/apps/simplecut-pro/download/,保留既有方法、鉴权/资源开关、回调与历史客户端契约；必要公开内容过滤单列,现有 301 -> /zh-hans/apps/simplecut-pro/download/,src/worker.js:22463,no,代码/构建定义已核对；HTTP 状态未验证，留 T20；生产配置/schema 未核验
R0272,/downloads/simplecut-pro/SimpleCut-Pro-0.1.10-mac-arm64.dmg,R2 download,GET|HEAD,下载组件与产品页；外部 App/历史下载链接（完整外链未获取）,service,/downloads/simplecut-pro/SimpleCut-Pro-0.1.10-mac-arm64.dmg,保留既有方法、鉴权/资源开关、回调与历史客户端契约；必要公开内容过滤单列,Worker 限流/Range/R2 下载，状态取决于资源，未经线上验证,src/worker.js:21960,no,代码/构建定义已核对；HTTP 状态未验证，留 T20；生产配置/schema 未核验
R0273,/downloads/simplecut-pro/SimpleCut-Pro-0.1.10-mac-arm64.dmg.blockmap,R2 download,GET|HEAD,下载组件与产品页；外部 App/历史下载链接（完整外链未获取）,service,/downloads/simplecut-pro/SimpleCut-Pro-0.1.10-mac-arm64.dmg.blockmap,保留既有方法、鉴权/资源开关、回调与历史客户端契约；必要公开内容过滤单列,Worker 限流/Range/R2 下载，状态取决于资源，未经线上验证,src/worker.js:21966,no,代码/构建定义已核对；HTTP 状态未验证，留 T20；生产配置/schema 未核验
R0274,/downloads/simplecut-pro/SimpleCut-Pro-0.1.10-mac-arm64.zip,R2 download,GET|HEAD,下载组件与产品页；外部 App/历史下载链接（完整外链未获取）,service,/downloads/simplecut-pro/SimpleCut-Pro-0.1.10-mac-arm64.zip,保留既有方法、鉴权/资源开关、回调与历史客户端契约；必要公开内容过滤单列,Worker 限流/Range/R2 下载，状态取决于资源，未经线上验证,src/worker.js:21971,no,代码/构建定义已核对；HTTP 状态未验证，留 T20；生产配置/schema 未核验
R0275,/downloads/simplecut-pro/SimpleCut-Pro-0.1.10-mac-arm64.zip.blockmap,R2 download,GET|HEAD,下载组件与产品页；外部 App/历史下载链接（完整外链未获取）,service,/downloads/simplecut-pro/SimpleCut-Pro-0.1.10-mac-arm64.zip.blockmap,保留既有方法、鉴权/资源开关、回调与历史客户端契约；必要公开内容过滤单列,Worker 限流/Range/R2 下载，状态取决于资源，未经线上验证,src/worker.js:21977,no,代码/构建定义已核对；HTTP 状态未验证，留 T20；生产配置/schema 未核验
R0276,/downloads/simplecut-pro/SimpleCut-Pro-0.1.10-win-x64.exe,R2 download,GET|HEAD,下载组件与产品页；外部 App/历史下载链接（完整外链未获取）,service,/downloads/simplecut-pro/SimpleCut-Pro-0.1.10-win-x64.exe,保留既有方法、鉴权/资源开关、回调与历史客户端契约；必要公开内容过滤单列,Worker 限流/Range/R2 下载，状态取决于资源，未经线上验证,src/worker.js:22099,no,代码/构建定义已核对；HTTP 状态未验证，留 T20；生产配置/schema 未核验
R0277,/downloads/simplecut-pro/SimpleCut-Pro-0.1.10-win-x64.exe.blockmap,R2 download,GET|HEAD,下载组件与产品页；外部 App/历史下载链接（完整外链未获取）,service,/downloads/simplecut-pro/SimpleCut-Pro-0.1.10-win-x64.exe.blockmap,保留既有方法、鉴权/资源开关、回调与历史客户端契约；必要公开内容过滤单列,Worker 限流/Range/R2 下载，状态取决于资源，未经线上验证,src/worker.js:22105,no,代码/构建定义已核对；HTTP 状态未验证，留 T20；生产配置/schema 未核验
R0278,/downloads/simplecut-pro/SimpleCut-Pro-0.1.11-mac-arm64.dmg,R2 download,GET|HEAD,下载组件与产品页；外部 App/历史下载链接（完整外链未获取）,service,/downloads/simplecut-pro/SimpleCut-Pro-0.1.11-mac-arm64.dmg,保留既有方法、鉴权/资源开关、回调与历史客户端契约；必要公开内容过滤单列,Worker 限流/Range/R2 下载，状态取决于资源，未经线上验证,src/worker.js:21938,no,代码/构建定义已核对；HTTP 状态未验证，留 T20；生产配置/schema 未核验
R0279,/downloads/simplecut-pro/SimpleCut-Pro-0.1.11-mac-arm64.dmg.blockmap,R2 download,GET|HEAD,下载组件与产品页；外部 App/历史下载链接（完整外链未获取）,service,/downloads/simplecut-pro/SimpleCut-Pro-0.1.11-mac-arm64.dmg.blockmap,保留既有方法、鉴权/资源开关、回调与历史客户端契约；必要公开内容过滤单列,Worker 限流/Range/R2 下载，状态取决于资源，未经线上验证,src/worker.js:21944,no,代码/构建定义已核对；HTTP 状态未验证，留 T20；生产配置/schema 未核验
R0280,/downloads/simplecut-pro/SimpleCut-Pro-0.1.11-mac-arm64.zip,R2 download,GET|HEAD,下载组件与产品页；外部 App/历史下载链接（完整外链未获取）,service,/downloads/simplecut-pro/SimpleCut-Pro-0.1.11-mac-arm64.zip,保留既有方法、鉴权/资源开关、回调与历史客户端契约；必要公开内容过滤单列,Worker 限流/Range/R2 下载，状态取决于资源，未经线上验证,src/worker.js:21949,no,代码/构建定义已核对；HTTP 状态未验证，留 T20；生产配置/schema 未核验
R0281,/downloads/simplecut-pro/SimpleCut-Pro-0.1.11-mac-arm64.zip.blockmap,R2 download,GET|HEAD,下载组件与产品页；外部 App/历史下载链接（完整外链未获取）,service,/downloads/simplecut-pro/SimpleCut-Pro-0.1.11-mac-arm64.zip.blockmap,保留既有方法、鉴权/资源开关、回调与历史客户端契约；必要公开内容过滤单列,Worker 限流/Range/R2 下载，状态取决于资源，未经线上验证,src/worker.js:21955,no,代码/构建定义已核对；HTTP 状态未验证，留 T20；生产配置/schema 未核验
R0282,/downloads/simplecut-pro/SimpleCut-Pro-0.1.11-win-x64.exe,R2 download,GET|HEAD,下载组件与产品页；外部 App/历史下载链接（完整外链未获取）,service,/downloads/simplecut-pro/SimpleCut-Pro-0.1.11-win-x64.exe,保留既有方法、鉴权/资源开关、回调与历史客户端契约；必要公开内容过滤单列,Worker 限流/Range/R2 下载，状态取决于资源，未经线上验证,src/worker.js:22088,no,代码/构建定义已核对；HTTP 状态未验证，留 T20；生产配置/schema 未核验
R0283,/downloads/simplecut-pro/SimpleCut-Pro-0.1.11-win-x64.exe.blockmap,R2 download,GET|HEAD,下载组件与产品页；外部 App/历史下载链接（完整外链未获取）,service,/downloads/simplecut-pro/SimpleCut-Pro-0.1.11-win-x64.exe.blockmap,保留既有方法、鉴权/资源开关、回调与历史客户端契约；必要公开内容过滤单列,Worker 限流/Range/R2 下载，状态取决于资源，未经线上验证,src/worker.js:22094,no,代码/构建定义已核对；HTTP 状态未验证，留 T20；生产配置/schema 未核验
R0284,/downloads/simplecut-pro/SimpleCut-Pro-0.1.13-mac-arm64.dmg,R2 download,GET|HEAD,下载组件与产品页；外部 App/历史下载链接（完整外链未获取）,service,/downloads/simplecut-pro/SimpleCut-Pro-0.1.13-mac-arm64.dmg,保留既有方法、鉴权/资源开关、回调与历史客户端契约；必要公开内容过滤单列,Worker 限流/Range/R2 下载，状态取决于资源，未经线上验证,src/worker.js:21916,no,代码/构建定义已核对；HTTP 状态未验证，留 T20；生产配置/schema 未核验
R0285,/downloads/simplecut-pro/SimpleCut-Pro-0.1.13-mac-arm64.dmg.blockmap,R2 download,GET|HEAD,下载组件与产品页；外部 App/历史下载链接（完整外链未获取）,service,/downloads/simplecut-pro/SimpleCut-Pro-0.1.13-mac-arm64.dmg.blockmap,保留既有方法、鉴权/资源开关、回调与历史客户端契约；必要公开内容过滤单列,Worker 限流/Range/R2 下载，状态取决于资源，未经线上验证,src/worker.js:21922,no,代码/构建定义已核对；HTTP 状态未验证，留 T20；生产配置/schema 未核验
R0286,/downloads/simplecut-pro/SimpleCut-Pro-0.1.13-mac-arm64.zip,R2 download,GET|HEAD,下载组件与产品页；外部 App/历史下载链接（完整外链未获取）,service,/downloads/simplecut-pro/SimpleCut-Pro-0.1.13-mac-arm64.zip,保留既有方法、鉴权/资源开关、回调与历史客户端契约；必要公开内容过滤单列,Worker 限流/Range/R2 下载，状态取决于资源，未经线上验证,src/worker.js:21927,no,代码/构建定义已核对；HTTP 状态未验证，留 T20；生产配置/schema 未核验
R0287,/downloads/simplecut-pro/SimpleCut-Pro-0.1.13-mac-arm64.zip.blockmap,R2 download,GET|HEAD,下载组件与产品页；外部 App/历史下载链接（完整外链未获取）,service,/downloads/simplecut-pro/SimpleCut-Pro-0.1.13-mac-arm64.zip.blockmap,保留既有方法、鉴权/资源开关、回调与历史客户端契约；必要公开内容过滤单列,Worker 限流/Range/R2 下载，状态取决于资源，未经线上验证,src/worker.js:21933,no,代码/构建定义已核对；HTTP 状态未验证，留 T20；生产配置/schema 未核验
R0288,/downloads/simplecut-pro/SimpleCut-Pro-0.1.13-win-x64.exe,R2 download,GET|HEAD,下载组件与产品页；外部 App/历史下载链接（完整外链未获取）,service,/downloads/simplecut-pro/SimpleCut-Pro-0.1.13-win-x64.exe,保留既有方法、鉴权/资源开关、回调与历史客户端契约；必要公开内容过滤单列,Worker 限流/Range/R2 下载，状态取决于资源，未经线上验证,src/worker.js:22077,no,代码/构建定义已核对；HTTP 状态未验证，留 T20；生产配置/schema 未核验
R0289,/downloads/simplecut-pro/SimpleCut-Pro-0.1.13-win-x64.exe.blockmap,R2 download,GET|HEAD,下载组件与产品页；外部 App/历史下载链接（完整外链未获取）,service,/downloads/simplecut-pro/SimpleCut-Pro-0.1.13-win-x64.exe.blockmap,保留既有方法、鉴权/资源开关、回调与历史客户端契约；必要公开内容过滤单列,Worker 限流/Range/R2 下载，状态取决于资源，未经线上验证,src/worker.js:22083,no,代码/构建定义已核对；HTTP 状态未验证，留 T20；生产配置/schema 未核验
R0290,/downloads/simplecut-pro/SimpleCut-Pro-0.1.14-mac-arm64.dmg,R2 download,GET|HEAD,下载组件与产品页；外部 App/历史下载链接（完整外链未获取）,service,/downloads/simplecut-pro/SimpleCut-Pro-0.1.14-mac-arm64.dmg,保留既有方法、鉴权/资源开关、回调与历史客户端契约；必要公开内容过滤单列,Worker 限流/Range/R2 下载，状态取决于资源，未经线上验证,src/worker.js:21894,no,代码/构建定义已核对；HTTP 状态未验证，留 T20；生产配置/schema 未核验
R0291,/downloads/simplecut-pro/SimpleCut-Pro-0.1.14-mac-arm64.dmg.blockmap,R2 download,GET|HEAD,下载组件与产品页；外部 App/历史下载链接（完整外链未获取）,service,/downloads/simplecut-pro/SimpleCut-Pro-0.1.14-mac-arm64.dmg.blockmap,保留既有方法、鉴权/资源开关、回调与历史客户端契约；必要公开内容过滤单列,Worker 限流/Range/R2 下载，状态取决于资源，未经线上验证,src/worker.js:21900,no,代码/构建定义已核对；HTTP 状态未验证，留 T20；生产配置/schema 未核验
R0292,/downloads/simplecut-pro/SimpleCut-Pro-0.1.14-mac-arm64.zip,R2 download,GET|HEAD,下载组件与产品页；外部 App/历史下载链接（完整外链未获取）,service,/downloads/simplecut-pro/SimpleCut-Pro-0.1.14-mac-arm64.zip,保留既有方法、鉴权/资源开关、回调与历史客户端契约；必要公开内容过滤单列,Worker 限流/Range/R2 下载，状态取决于资源，未经线上验证,src/worker.js:21905,no,代码/构建定义已核对；HTTP 状态未验证，留 T20；生产配置/schema 未核验
R0293,/downloads/simplecut-pro/SimpleCut-Pro-0.1.14-mac-arm64.zip.blockmap,R2 download,GET|HEAD,下载组件与产品页；外部 App/历史下载链接（完整外链未获取）,service,/downloads/simplecut-pro/SimpleCut-Pro-0.1.14-mac-arm64.zip.blockmap,保留既有方法、鉴权/资源开关、回调与历史客户端契约；必要公开内容过滤单列,Worker 限流/Range/R2 下载，状态取决于资源，未经线上验证,src/worker.js:21911,no,代码/构建定义已核对；HTTP 状态未验证，留 T20；生产配置/schema 未核验
R0294,/downloads/simplecut-pro/SimpleCut-Pro-0.1.14-win-x64.exe,R2 download,GET|HEAD,下载组件与产品页；外部 App/历史下载链接（完整外链未获取）,service,/downloads/simplecut-pro/SimpleCut-Pro-0.1.14-win-x64.exe,保留既有方法、鉴权/资源开关、回调与历史客户端契约；必要公开内容过滤单列,Worker 限流/Range/R2 下载，状态取决于资源，未经线上验证,src/worker.js:22066,no,代码/构建定义已核对；HTTP 状态未验证，留 T20；生产配置/schema 未核验
R0295,/downloads/simplecut-pro/SimpleCut-Pro-0.1.14-win-x64.exe.blockmap,R2 download,GET|HEAD,下载组件与产品页；外部 App/历史下载链接（完整外链未获取）,service,/downloads/simplecut-pro/SimpleCut-Pro-0.1.14-win-x64.exe.blockmap,保留既有方法、鉴权/资源开关、回调与历史客户端契约；必要公开内容过滤单列,Worker 限流/Range/R2 下载，状态取决于资源，未经线上验证,src/worker.js:22072,no,代码/构建定义已核对；HTTP 状态未验证，留 T20；生产配置/schema 未核验
R0296,/downloads/simplecut-pro/SimpleCut-Pro-0.1.16-mac-arm64.dmg,R2 download,GET|HEAD,下载组件与产品页；外部 App/历史下载链接（完整外链未获取）,service,/downloads/simplecut-pro/SimpleCut-Pro-0.1.16-mac-arm64.dmg,保留既有方法、鉴权/资源开关、回调与历史客户端契约；必要公开内容过滤单列,Worker 限流/Range/R2 下载，状态取决于资源，未经线上验证,src/worker.js:21877,no,代码/构建定义已核对；HTTP 状态未验证，留 T20；生产配置/schema 未核验
R0297,/downloads/simplecut-pro/SimpleCut-Pro-0.1.16-mac-arm64.zip,R2 download,GET|HEAD,下载组件与产品页；外部 App/历史下载链接（完整外链未获取）,service,/downloads/simplecut-pro/SimpleCut-Pro-0.1.16-mac-arm64.zip,保留既有方法、鉴权/资源开关、回调与历史客户端契约；必要公开内容过滤单列,Worker 限流/Range/R2 下载，状态取决于资源，未经线上验证,src/worker.js:21883,no,代码/构建定义已核对；HTTP 状态未验证，留 T20；生产配置/schema 未核验
R0298,/downloads/simplecut-pro/SimpleCut-Pro-0.1.16-mac-arm64.zip.blockmap,R2 download,GET|HEAD,下载组件与产品页；外部 App/历史下载链接（完整外链未获取）,service,/downloads/simplecut-pro/SimpleCut-Pro-0.1.16-mac-arm64.zip.blockmap,保留既有方法、鉴权/资源开关、回调与历史客户端契约；必要公开内容过滤单列,Worker 限流/Range/R2 下载，状态取决于资源，未经线上验证,src/worker.js:21889,no,代码/构建定义已核对；HTTP 状态未验证，留 T20；生产配置/schema 未核验
R0299,/downloads/simplecut-pro/SimpleCut-Pro-0.1.16-win-x64.exe,R2 download,GET|HEAD,下载组件与产品页；外部 App/历史下载链接（完整外链未获取）,service,/downloads/simplecut-pro/SimpleCut-Pro-0.1.16-win-x64.exe,保留既有方法、鉴权/资源开关、回调与历史客户端契约；必要公开内容过滤单列,Worker 限流/Range/R2 下载，状态取决于资源，未经线上验证,src/worker.js:22055,no,代码/构建定义已核对；HTTP 状态未验证，留 T20；生产配置/schema 未核验
R0300,/downloads/simplecut-pro/SimpleCut-Pro-0.1.16-win-x64.exe.blockmap,R2 download,GET|HEAD,下载组件与产品页；外部 App/历史下载链接（完整外链未获取）,service,/downloads/simplecut-pro/SimpleCut-Pro-0.1.16-win-x64.exe.blockmap,保留既有方法、鉴权/资源开关、回调与历史客户端契约；必要公开内容过滤单列,Worker 限流/Range/R2 下载，状态取决于资源，未经线上验证,src/worker.js:22061,no,代码/构建定义已核对；HTTP 状态未验证，留 T20；生产配置/schema 未核验
R0301,/downloads/simplecut-pro/SimpleCut-Pro-0.1.18-mac-arm64.dmg,R2 download,GET|HEAD,下载组件与产品页；外部 App/历史下载链接（完整外链未获取）,service,/downloads/simplecut-pro/SimpleCut-Pro-0.1.18-mac-arm64.dmg,保留既有方法、鉴权/资源开关、回调与历史客户端契约；必要公开内容过滤单列,Worker 限流/Range/R2 下载，状态取决于资源，未经线上验证,src/worker.js:21855,no,代码/构建定义已核对；HTTP 状态未验证，留 T20；生产配置/schema 未核验
R0302,/downloads/simplecut-pro/SimpleCut-Pro-0.1.18-mac-arm64.dmg.blockmap,R2 download,GET|HEAD,下载组件与产品页；外部 App/历史下载链接（完整外链未获取）,service,/downloads/simplecut-pro/SimpleCut-Pro-0.1.18-mac-arm64.dmg.blockmap,保留既有方法、鉴权/资源开关、回调与历史客户端契约；必要公开内容过滤单列,Worker 限流/Range/R2 下载，状态取决于资源，未经线上验证,src/worker.js:21861,no,代码/构建定义已核对；HTTP 状态未验证，留 T20；生产配置/schema 未核验
R0303,/downloads/simplecut-pro/SimpleCut-Pro-0.1.18-mac-arm64.zip,R2 download,GET|HEAD,下载组件与产品页；外部 App/历史下载链接（完整外链未获取）,service,/downloads/simplecut-pro/SimpleCut-Pro-0.1.18-mac-arm64.zip,保留既有方法、鉴权/资源开关、回调与历史客户端契约；必要公开内容过滤单列,Worker 限流/Range/R2 下载，状态取决于资源，未经线上验证,src/worker.js:21866,no,代码/构建定义已核对；HTTP 状态未验证，留 T20；生产配置/schema 未核验
R0304,/downloads/simplecut-pro/SimpleCut-Pro-0.1.18-mac-arm64.zip.blockmap,R2 download,GET|HEAD,下载组件与产品页；外部 App/历史下载链接（完整外链未获取）,service,/downloads/simplecut-pro/SimpleCut-Pro-0.1.18-mac-arm64.zip.blockmap,保留既有方法、鉴权/资源开关、回调与历史客户端契约；必要公开内容过滤单列,Worker 限流/Range/R2 下载，状态取决于资源，未经线上验证,src/worker.js:21872,no,代码/构建定义已核对；HTTP 状态未验证，留 T20；生产配置/schema 未核验
R0305,/downloads/simplecut-pro/SimpleCut-Pro-0.1.18-win-x64.exe,R2 download,GET|HEAD,下载组件与产品页；外部 App/历史下载链接（完整外链未获取）,service,/downloads/simplecut-pro/SimpleCut-Pro-0.1.18-win-x64.exe,保留既有方法、鉴权/资源开关、回调与历史客户端契约；必要公开内容过滤单列,Worker 限流/Range/R2 下载，状态取决于资源，未经线上验证,src/worker.js:22044,no,代码/构建定义已核对；HTTP 状态未验证，留 T20；生产配置/schema 未核验
R0306,/downloads/simplecut-pro/SimpleCut-Pro-0.1.18-win-x64.exe.blockmap,R2 download,GET|HEAD,下载组件与产品页；外部 App/历史下载链接（完整外链未获取）,service,/downloads/simplecut-pro/SimpleCut-Pro-0.1.18-win-x64.exe.blockmap,保留既有方法、鉴权/资源开关、回调与历史客户端契约；必要公开内容过滤单列,Worker 限流/Range/R2 下载，状态取决于资源，未经线上验证,src/worker.js:22050,no,代码/构建定义已核对；HTTP 状态未验证，留 T20；生产配置/schema 未核验
R0307,/downloads/simplecut-pro/SimpleCut-Pro-0.1.19-mac-arm64.dmg,R2 download,GET|HEAD,下载组件与产品页；外部 App/历史下载链接（完整外链未获取）,service,/downloads/simplecut-pro/SimpleCut-Pro-0.1.19-mac-arm64.dmg,保留既有方法、鉴权/资源开关、回调与历史客户端契约；必要公开内容过滤单列,Worker 限流/Range/R2 下载，状态取决于资源，未经线上验证,src/worker.js:21838,no,代码/构建定义已核对；HTTP 状态未验证，留 T20；生产配置/schema 未核验
R0308,/downloads/simplecut-pro/SimpleCut-Pro-0.1.19-mac-arm64.zip,R2 download,GET|HEAD,下载组件与产品页；外部 App/历史下载链接（完整外链未获取）,service,/downloads/simplecut-pro/SimpleCut-Pro-0.1.19-mac-arm64.zip,保留既有方法、鉴权/资源开关、回调与历史客户端契约；必要公开内容过滤单列,Worker 限流/Range/R2 下载，状态取决于资源，未经线上验证,src/worker.js:21844,no,代码/构建定义已核对；HTTP 状态未验证，留 T20；生产配置/schema 未核验
R0309,/downloads/simplecut-pro/SimpleCut-Pro-0.1.19-mac-arm64.zip.blockmap,R2 download,GET|HEAD,下载组件与产品页；外部 App/历史下载链接（完整外链未获取）,service,/downloads/simplecut-pro/SimpleCut-Pro-0.1.19-mac-arm64.zip.blockmap,保留既有方法、鉴权/资源开关、回调与历史客户端契约；必要公开内容过滤单列,Worker 限流/Range/R2 下载，状态取决于资源，未经线上验证,src/worker.js:21850,no,代码/构建定义已核对；HTTP 状态未验证，留 T20；生产配置/schema 未核验
R0310,/downloads/simplecut-pro/SimpleCut-Pro-0.1.19-win-x64.exe,R2 download,GET|HEAD,下载组件与产品页；外部 App/历史下载链接（完整外链未获取）,service,/downloads/simplecut-pro/SimpleCut-Pro-0.1.19-win-x64.exe,保留既有方法、鉴权/资源开关、回调与历史客户端契约；必要公开内容过滤单列,Worker 限流/Range/R2 下载，状态取决于资源，未经线上验证,src/worker.js:22033,no,代码/构建定义已核对；HTTP 状态未验证，留 T20；生产配置/schema 未核验
R0311,/downloads/simplecut-pro/SimpleCut-Pro-0.1.19-win-x64.exe.blockmap,R2 download,GET|HEAD,下载组件与产品页；外部 App/历史下载链接（完整外链未获取）,service,/downloads/simplecut-pro/SimpleCut-Pro-0.1.19-win-x64.exe.blockmap,保留既有方法、鉴权/资源开关、回调与历史客户端契约；必要公开内容过滤单列,Worker 限流/Range/R2 下载，状态取决于资源，未经线上验证,src/worker.js:22039,no,代码/构建定义已核对；HTTP 状态未验证，留 T20；生产配置/schema 未核验
R0312,/downloads/simplecut-pro/SimpleCut-Pro-0.1.24-mac-arm64.dmg,R2 download,GET|HEAD,src/data/products/simplecut-pro.ts:18,service,/downloads/simplecut-pro/SimpleCut-Pro-0.1.24-mac-arm64.dmg,保留既有方法、鉴权/资源开关、回调与历史客户端契约；必要公开内容过滤单列,Worker 限流/Range/R2 下载，状态取决于资源，未经线上验证,src/worker.js:21821,no,代码/构建定义已核对；HTTP 状态未验证，留 T20；生产配置/schema 未核验
R0313,/downloads/simplecut-pro/SimpleCut-Pro-0.1.24-mac-arm64.zip,R2 download,GET|HEAD,src/data/products/simplecut-pro.ts:41,service,/downloads/simplecut-pro/SimpleCut-Pro-0.1.24-mac-arm64.zip,保留既有方法、鉴权/资源开关、回调与历史客户端契约；必要公开内容过滤单列,Worker 限流/Range/R2 下载，状态取决于资源，未经线上验证,src/worker.js:21827,no,代码/构建定义已核对；HTTP 状态未验证，留 T20；生产配置/schema 未核验
R0314,/downloads/simplecut-pro/SimpleCut-Pro-0.1.24-mac-arm64.zip.blockmap,R2 download,GET|HEAD,src/data/products/simplecut-pro.ts:50,service,/downloads/simplecut-pro/SimpleCut-Pro-0.1.24-mac-arm64.zip.blockmap,保留既有方法、鉴权/资源开关、回调与历史客户端契约；必要公开内容过滤单列,Worker 限流/Range/R2 下载，状态取决于资源，未经线上验证,src/worker.js:21833,no,代码/构建定义已核对；HTTP 状态未验证，留 T20；生产配置/schema 未核验
R0315,/downloads/simplecut-pro/SimpleCut-Pro-0.1.24-win-x64.exe,R2 download,GET|HEAD,src/data/products/simplecut-pro.ts:30,service,/downloads/simplecut-pro/SimpleCut-Pro-0.1.24-win-x64.exe,保留既有方法、鉴权/资源开关、回调与历史客户端契约；必要公开内容过滤单列,Worker 限流/Range/R2 下载，状态取决于资源，未经线上验证,src/worker.js:22022,no,代码/构建定义已核对；HTTP 状态未验证，留 T20；生产配置/schema 未核验
R0316,/downloads/simplecut-pro/SimpleCut-Pro-0.1.24-win-x64.exe.blockmap,R2 download,GET|HEAD,src/data/products/simplecut-pro.ts:68,service,/downloads/simplecut-pro/SimpleCut-Pro-0.1.24-win-x64.exe.blockmap,保留既有方法、鉴权/资源开关、回调与历史客户端契约；必要公开内容过滤单列,Worker 限流/Range/R2 下载，状态取决于资源，未经线上验证,src/worker.js:22028,no,代码/构建定义已核对；HTTP 状态未验证，留 T20；生产配置/schema 未核验
R0317,/downloads/simplecut-pro/SimpleCut-Pro-0.1.6-mac-arm64.dmg,R2 download,GET|HEAD,下载组件与产品页；外部 App/历史下载链接（完整外链未获取）,service,/downloads/simplecut-pro/SimpleCut-Pro-0.1.6-mac-arm64.dmg,保留既有方法、鉴权/资源开关、回调与历史客户端契约；必要公开内容过滤单列,Worker 限流/Range/R2 下载，状态取决于资源，未经线上验证,src/worker.js:21999,no,代码/构建定义已核对；HTTP 状态未验证，留 T20；生产配置/schema 未核验
R0318,/downloads/simplecut-pro/SimpleCut-Pro-0.1.6-mac-arm64.zip,R2 download,GET|HEAD,下载组件与产品页；外部 App/历史下载链接（完整外链未获取）,service,/downloads/simplecut-pro/SimpleCut-Pro-0.1.6-mac-arm64.zip,保留既有方法、鉴权/资源开关、回调与历史客户端契约；必要公开内容过滤单列,Worker 限流/Range/R2 下载，状态取决于资源，未经线上验证,src/worker.js:22005,no,代码/构建定义已核对；HTTP 状态未验证，留 T20；生产配置/schema 未核验
R0319,/downloads/simplecut-pro/SimpleCut-Pro-0.1.6-mac-arm64.zip.blockmap,R2 download,GET|HEAD,下载组件与产品页；外部 App/历史下载链接（完整外链未获取）,service,/downloads/simplecut-pro/SimpleCut-Pro-0.1.6-mac-arm64.zip.blockmap,保留既有方法、鉴权/资源开关、回调与历史客户端契约；必要公开内容过滤单列,Worker 限流/Range/R2 下载，状态取决于资源，未经线上验证,src/worker.js:22011,no,代码/构建定义已核对；HTTP 状态未验证，留 T20；生产配置/schema 未核验
R0320,/downloads/simplecut-pro/SimpleCut-Pro-0.1.6-win-x64.exe,R2 download,GET|HEAD,下载组件与产品页；外部 App/历史下载链接（完整外链未获取）,service,/downloads/simplecut-pro/SimpleCut-Pro-0.1.6-win-x64.exe,保留既有方法、鉴权/资源开关、回调与历史客户端契约；必要公开内容过滤单列,Worker 限流/Range/R2 下载，状态取决于资源，未经线上验证,src/worker.js:22121,no,代码/构建定义已核对；HTTP 状态未验证，留 T20；生产配置/schema 未核验
R0321,/downloads/simplecut-pro/SimpleCut-Pro-0.1.6-win-x64.exe.blockmap,R2 download,GET|HEAD,下载组件与产品页；外部 App/历史下载链接（完整外链未获取）,service,/downloads/simplecut-pro/SimpleCut-Pro-0.1.6-win-x64.exe.blockmap,保留既有方法、鉴权/资源开关、回调与历史客户端契约；必要公开内容过滤单列,Worker 限流/Range/R2 下载，状态取决于资源，未经线上验证,src/worker.js:22127,no,代码/构建定义已核对；HTTP 状态未验证，留 T20；生产配置/schema 未核验
R0322,/downloads/simplecut-pro/SimpleCut-Pro-0.1.7-mac-arm64.dmg,R2 download,GET|HEAD,下载组件与产品页；外部 App/历史下载链接（完整外链未获取）,service,/downloads/simplecut-pro/SimpleCut-Pro-0.1.7-mac-arm64.dmg,保留既有方法、鉴权/资源开关、回调与历史客户端契约；必要公开内容过滤单列,Worker 限流/Range/R2 下载，状态取决于资源，未经线上验证,src/worker.js:21982,no,代码/构建定义已核对；HTTP 状态未验证，留 T20；生产配置/schema 未核验
R0323,/downloads/simplecut-pro/SimpleCut-Pro-0.1.7-mac-arm64.zip,R2 download,GET|HEAD,下载组件与产品页；外部 App/历史下载链接（完整外链未获取）,service,/downloads/simplecut-pro/SimpleCut-Pro-0.1.7-mac-arm64.zip,保留既有方法、鉴权/资源开关、回调与历史客户端契约；必要公开内容过滤单列,Worker 限流/Range/R2 下载，状态取决于资源，未经线上验证,src/worker.js:21988,no,代码/构建定义已核对；HTTP 状态未验证，留 T20；生产配置/schema 未核验
R0324,/downloads/simplecut-pro/SimpleCut-Pro-0.1.7-mac-arm64.zip.blockmap,R2 download,GET|HEAD,下载组件与产品页；外部 App/历史下载链接（完整外链未获取）,service,/downloads/simplecut-pro/SimpleCut-Pro-0.1.7-mac-arm64.zip.blockmap,保留既有方法、鉴权/资源开关、回调与历史客户端契约；必要公开内容过滤单列,Worker 限流/Range/R2 下载，状态取决于资源，未经线上验证,src/worker.js:21994,no,代码/构建定义已核对；HTTP 状态未验证，留 T20；生产配置/schema 未核验
R0325,/downloads/simplecut-pro/SimpleCut-Pro-0.1.7-win-x64.exe,R2 download,GET|HEAD,下载组件与产品页；外部 App/历史下载链接（完整外链未获取）,service,/downloads/simplecut-pro/SimpleCut-Pro-0.1.7-win-x64.exe,保留既有方法、鉴权/资源开关、回调与历史客户端契约；必要公开内容过滤单列,Worker 限流/Range/R2 下载，状态取决于资源，未经线上验证,src/worker.js:22110,no,代码/构建定义已核对；HTTP 状态未验证，留 T20；生产配置/schema 未核验
R0326,/downloads/simplecut-pro/SimpleCut-Pro-0.1.7-win-x64.exe.blockmap,R2 download,GET|HEAD,下载组件与产品页；外部 App/历史下载链接（完整外链未获取）,service,/downloads/simplecut-pro/SimpleCut-Pro-0.1.7-win-x64.exe.blockmap,保留既有方法、鉴权/资源开关、回调与历史客户端契约；必要公开内容过滤单列,Worker 限流/Range/R2 下载，状态取决于资源，未经线上验证,src/worker.js:22116,no,代码/构建定义已核对；HTTP 状态未验证，留 T20；生产配置/schema 未核验
R0327,/downloads/simplecut-pro/latest-mac.yml,R2 download,GET|HEAD,src/data/products/simplecut-pro.ts:59,service,/downloads/simplecut-pro/latest-mac.yml,保留既有方法、鉴权/资源开关、回调与历史客户端契约；必要公开内容过滤单列,Worker 限流/Range/R2 下载，状态取决于资源，未经线上验证,src/worker.js:22016,no,代码/构建定义已核对；HTTP 状态未验证，留 T20；生产配置/schema 未核验
R0328,/downloads/simplecut-pro/latest.yml,R2 download,GET|HEAD,src/data/products/simplecut-pro.ts:77,service,/downloads/simplecut-pro/latest.yml,保留既有方法、鉴权/资源开关、回调与历史客户端契约；必要公开内容过滤单列,Worker 限流/Range/R2 下载，状态取决于资源，未经线上验证,src/worker.js:22132,no,代码/构建定义已核对；HTTP 状态未验证，留 T20；生产配置/schema 未核验
R0329,/en,slashless variant,GET|HEAD,src/data/navigation.ts；src/components/HomeHeader.astro；src/components/HomeFooter.astro；站内语言/内容链接；外部推广链接未知,redirect,/en/,品牌首页或品牌说明，按新版内容更新；保持语言,静态 slash 需 ASSETS 存在才 301；音乐受独立 gate/302；待 T20,src/pages/en/index.astro:1; src/worker.js:23362,no,代码/构建定义已核对；HTTP 状态未验证，留 T20；生产配置/schema 未核验
R0330,/en%2Fmusic/:descendant,music normalization variant,GET|HEAD,src/data/navigation.ts；src/components/HomeHeader.astro；src/components/HomeFooter.astro；站内语言/内容链接；外部推广链接未知,retire,404 对非法/未知后代；合法新路径先解析,解码/反斜线/重复斜线影响 namespace 命中；不当作新增作品；T20 必须测试 raw 请求与真实路由顺序,见源代码；不是线上 HTTP 记录,src/music/pagePaths.js:4; src/music/pageHttp.js:19,no,代码/构建定义已核对；HTTP 状态未验证，留 T20；生产配置/schema 未核验
R0331,/en/,static HTML; sitemap entry,GET|HEAD,src/data/navigation.ts；src/components/HomeHeader.astro；src/components/HomeFooter.astro；站内语言/内容链接；外部推广链接未知,keep,/en/,品牌首页或品牌说明，按新版内容更新；保持语言,dist/index.html 已生成；Worker/Access 门禁可能先响应，不能认定 HTTP 200,src/pages/en/index.astro:1; scripts/generate-sitemap.mjs:11; scripts/generate-sitemap.mjs:99,yes,代码/构建定义已核对；HTTP 状态未验证，留 T20；生产配置/schema 未核验
R0332,/en//music/:descendant,music normalization variant,GET|HEAD,src/data/navigation.ts；src/components/HomeHeader.astro；src/components/HomeFooter.astro；站内语言/内容链接；外部推广链接未知,retire,404 对非法/未知后代；合法新路径先解析,解码/反斜线/重复斜线影响 namespace 命中；不当作新增作品；T20 必须测试 raw 请求与真实路由顺序,见源代码；不是线上 HTTP 记录,src/music/pagePaths.js:4; src/music/pageHttp.js:19,no,代码/构建定义已核对；HTTP 状态未验证，留 T20；生产配置/schema 未核验
R0333,/en/404,slashless variant,GET|HEAD,src/data/navigation.ts；src/components/HomeHeader.astro；src/components/HomeFooter.astro；站内语言/内容链接；外部推广链接未知,service,/en/404/,保留错误页产物；响应状态在 T20 验证,静态 slash 需 ASSETS 存在才 301；音乐受独立 gate/302；待 T20,src/pages/en/404.astro:1; src/worker.js:23362,no,代码/构建定义已核对；HTTP 状态未验证，留 T20；生产配置/schema 未核验
R0334,/en/404/,static HTML,GET|HEAD,src/data/navigation.ts；src/components/HomeHeader.astro；src/components/HomeFooter.astro；站内语言/内容链接；外部推广链接未知,service,/en/404/,保留错误页产物；响应状态在 T20 验证,dist/index.html 已生成；Worker/Access 门禁可能先响应，不能认定 HTTP 200,src/pages/en/404.astro:1,no,代码/构建定义已核对；HTTP 状态未验证，留 T20；生产配置/schema 未核验
R0335,/en/apps,slashless variant,GET|HEAD,src/data/navigation.ts；src/components/HomeHeader.astro；src/components/HomeFooter.astro；站内语言/内容链接；外部推广链接未知,retire,—,被替代的旧公开栏目/介绍/文章/小说；新版上线后 410（无对应替代作品），从 sitemap 移除,静态 slash 需 ASSETS 存在才 301；音乐受独立 gate/302；待 T20,src/pages/en/apps/index.astro:1; src/worker.js:23362,no,代码/构建定义已核对；HTTP 状态未验证，留 T20；生产配置/schema 未核验
R0336,/en/apps/,static HTML; sitemap entry,GET|HEAD,src/data/navigation.ts；src/components/HomeHeader.astro；src/components/HomeFooter.astro；站内语言/内容链接；外部推广链接未知,retire,—,被替代的旧公开栏目/介绍/文章/小说；新版上线后 410（无对应替代作品），从 sitemap 移除,dist/index.html 已生成；Worker/Access 门禁可能先响应，不能认定 HTTP 200,src/pages/en/apps/index.astro:1; scripts/generate-sitemap.mjs:11; scripts/generate-sitemap.mjs:99,yes,代码/构建定义已核对；HTTP 状态未验证，留 T20；生产配置/schema 未核验
R0337,/en/apps/caption-ai,slashless variant,GET|HEAD,src/data/navigation.ts；src/components/HomeHeader.astro；src/components/HomeFooter.astro；站内语言/内容链接；外部推广链接未知,retire,—,被替代的旧公开栏目/介绍/文章/小说；新版上线后 410（无对应替代作品），从 sitemap 移除,静态 slash 需 ASSETS 存在才 301；音乐受独立 gate/302；待 T20,src/pages/en/apps/caption-ai/index.astro:1; src/worker.js:23362,no,代码/构建定义已核对；HTTP 状态未验证，留 T20；生产配置/schema 未核验
R0338,/en/apps/caption-ai/,static HTML; sitemap entry,GET|HEAD,src/data/navigation.ts；src/components/HomeHeader.astro；src/components/HomeFooter.astro；站内语言/内容链接；外部推广链接未知,retire,—,被替代的旧公开栏目/介绍/文章/小说；新版上线后 410（无对应替代作品），从 sitemap 移除,dist/index.html 已生成；Worker/Access 门禁可能先响应，不能认定 HTTP 200,src/pages/en/apps/caption-ai/index.astro:1; scripts/generate-sitemap.mjs:11; scripts/generate-sitemap.mjs:99,yes,代码/构建定义已核对；HTTP 状态未验证，留 T20；生产配置/schema 未核验
R0339,/en/apps/caption-ai/android,slashless variant,GET|HEAD,src/data/navigation.ts；src/components/HomeHeader.astro；src/components/HomeFooter.astro；站内语言/内容链接；外部推广链接未知,service,/en/apps/caption-ai/android/,政策、售后、下载、登录、会员、余额/支付服务；退出旧栏目导航不等于删除服务,静态 slash 需 ASSETS 存在才 301；音乐受独立 gate/302；待 T20,src/pages/en/apps/caption-ai/android.astro:1; src/worker.js:23362,no,代码/构建定义已核对；HTTP 状态未验证，留 T20；生产配置/schema 未核验
R0340,/en/apps/caption-ai/android/,static HTML; sitemap entry,GET|HEAD,src/data/navigation.ts；src/components/HomeHeader.astro；src/components/HomeFooter.astro；站内语言/内容链接；外部推广链接未知,service,/en/apps/caption-ai/android/,政策、售后、下载、登录、会员、余额/支付服务；退出旧栏目导航不等于删除服务,dist/index.html 已生成；Worker/Access 门禁可能先响应，不能认定 HTTP 200,src/pages/en/apps/caption-ai/android.astro:1; scripts/generate-sitemap.mjs:11; scripts/generate-sitemap.mjs:99,yes,代码/构建定义已核对；HTTP 状态未验证，留 T20；生产配置/schema 未核验
R0341,/en/apps/caption-ai/download,slashless variant,GET|HEAD,下载组件与产品页；外部 App/历史下载链接（完整外链未获取）,service,/en/apps/caption-ai/download/,政策、售后、下载、登录、会员、余额/支付服务；退出旧栏目导航不等于删除服务,静态 slash 需 ASSETS 存在才 301；音乐受独立 gate/302；待 T20,src/pages/en/apps/caption-ai/download.astro:1; src/worker.js:23362,no,代码/构建定义已核对；HTTP 状态未验证，留 T20；生产配置/schema 未核验
R0342,/en/apps/caption-ai/download/,static HTML; sitemap entry,GET|HEAD,下载组件与产品页；外部 App/历史下载链接（完整外链未获取）,service,/en/apps/caption-ai/download/,政策、售后、下载、登录、会员、余额/支付服务；退出旧栏目导航不等于删除服务,dist/index.html 已生成；Worker/Access 门禁可能先响应，不能认定 HTTP 200,src/pages/en/apps/caption-ai/download.astro:1; scripts/generate-sitemap.mjs:11; scripts/generate-sitemap.mjs:99,yes,代码/构建定义已核对；HTTP 状态未验证，留 T20；生产配置/schema 未核验
R0343,/en/apps/caption-ai/privacy,slashless variant,GET|HEAD,src/data/navigation.ts；src/components/HomeHeader.astro；src/components/HomeFooter.astro；站内语言/内容链接；外部推广链接未知,service,/en/apps/caption-ai/privacy/,政策、售后、下载、登录、会员、余额/支付服务；退出旧栏目导航不等于删除服务,静态 slash 需 ASSETS 存在才 301；音乐受独立 gate/302；待 T20,src/pages/en/apps/caption-ai/privacy.astro:1; src/worker.js:23362,no,代码/构建定义已核对；HTTP 状态未验证，留 T20；生产配置/schema 未核验
R0344,/en/apps/caption-ai/privacy/,static HTML; sitemap entry,GET|HEAD,src/data/navigation.ts；src/components/HomeHeader.astro；src/components/HomeFooter.astro；站内语言/内容链接；外部推广链接未知,service,/en/apps/caption-ai/privacy/,政策、售后、下载、登录、会员、余额/支付服务；退出旧栏目导航不等于删除服务,dist/index.html 已生成；Worker/Access 门禁可能先响应，不能认定 HTTP 200,src/pages/en/apps/caption-ai/privacy.astro:1; scripts/generate-sitemap.mjs:11; scripts/generate-sitemap.mjs:99,yes,代码/构建定义已核对；HTTP 状态未验证，留 T20；生产配置/schema 未核验
R0345,/en/apps/caption-ai/support,slashless variant,GET|HEAD,src/data/navigation.ts；src/components/HomeHeader.astro；src/components/HomeFooter.astro；站内语言/内容链接；外部推广链接未知,service,/en/apps/caption-ai/support/,政策、售后、下载、登录、会员、余额/支付服务；退出旧栏目导航不等于删除服务,静态 slash 需 ASSETS 存在才 301；音乐受独立 gate/302；待 T20,src/pages/en/apps/caption-ai/support.astro:1; src/worker.js:23362,no,代码/构建定义已核对；HTTP 状态未验证，留 T20；生产配置/schema 未核验
R0346,/en/apps/caption-ai/support/,static HTML; sitemap entry,GET|HEAD,src/data/navigation.ts；src/components/HomeHeader.astro；src/components/HomeFooter.astro；站内语言/内容链接；外部推广链接未知,service,/en/apps/caption-ai/support/,政策、售后、下载、登录、会员、余额/支付服务；退出旧栏目导航不等于删除服务,dist/index.html 已生成；Worker/Access 门禁可能先响应，不能认定 HTTP 200,src/pages/en/apps/caption-ai/support.astro:1; scripts/generate-sitemap.mjs:11; scripts/generate-sitemap.mjs:99,yes,代码/构建定义已核对；HTTP 状态未验证，留 T20；生产配置/schema 未核验
R0347,/en/apps/caption-ai/terms,slashless variant,GET|HEAD,src/data/navigation.ts；src/components/HomeHeader.astro；src/components/HomeFooter.astro；站内语言/内容链接；外部推广链接未知,service,/en/apps/caption-ai/terms/,政策、售后、下载、登录、会员、余额/支付服务；退出旧栏目导航不等于删除服务,静态 slash 需 ASSETS 存在才 301；音乐受独立 gate/302；待 T20,src/pages/en/apps/caption-ai/terms.astro:1; src/worker.js:23362,no,代码/构建定义已核对；HTTP 状态未验证，留 T20；生产配置/schema 未核验
R0348,/en/apps/caption-ai/terms/,static HTML; sitemap entry,GET|HEAD,src/data/navigation.ts；src/components/HomeHeader.astro；src/components/HomeFooter.astro；站内语言/内容链接；外部推广链接未知,service,/en/apps/caption-ai/terms/,政策、售后、下载、登录、会员、余额/支付服务；退出旧栏目导航不等于删除服务,dist/index.html 已生成；Worker/Access 门禁可能先响应，不能认定 HTTP 200,src/pages/en/apps/caption-ai/terms.astro:1; scripts/generate-sitemap.mjs:11; scripts/generate-sitemap.mjs:99,yes,代码/构建定义已核对；HTTP 状态未验证，留 T20；生产配置/schema 未核验
R0349,/en/apps/cat-life-game,slashless variant,GET|HEAD,src/data/navigation.ts；src/components/HomeHeader.astro；src/components/HomeFooter.astro；站内语言/内容链接；外部推广链接未知,redirect,/en/games/cat-life-game/,对应同一游戏介绍；拟定地址待 T12 实现；不能占用 /games/cat-life/,静态 slash 需 ASSETS 存在才 301；音乐受独立 gate/302；待 T20,src/pages/en/apps/cat-life-game/index.astro:1; src/worker.js:23362,no,代码/构建定义已核对；HTTP 状态未验证，留 T20；生产配置/schema 未核验
R0350,/en/apps/cat-life-game/,static HTML; sitemap entry,GET|HEAD,src/data/navigation.ts；src/components/HomeHeader.astro；src/components/HomeFooter.astro；站内语言/内容链接；外部推广链接未知,redirect,/en/games/cat-life-game/,对应同一游戏介绍；拟定地址待 T12 实现；不能占用 /games/cat-life/,dist/index.html 已生成；Worker/Access 门禁可能先响应，不能认定 HTTP 200,src/pages/en/apps/cat-life-game/index.astro:1; scripts/generate-sitemap.mjs:11; scripts/generate-sitemap.mjs:99,yes,代码/构建定义已核对；HTTP 状态未验证，留 T20；生产配置/schema 未核验
R0351,/en/apps/mindbudget,slashless variant,GET|HEAD,src/data/navigation.ts；src/components/HomeHeader.astro；src/components/HomeFooter.astro；站内语言/内容链接；外部推广链接未知,retire,—,被替代的旧公开栏目/介绍/文章/小说；新版上线后 410（无对应替代作品），从 sitemap 移除,静态 slash 需 ASSETS 存在才 301；音乐受独立 gate/302；待 T20,src/pages/en/apps/mindbudget/index.astro:1; src/worker.js:23362,no,代码/构建定义已核对；HTTP 状态未验证，留 T20；生产配置/schema 未核验
R0352,/en/apps/mindbudget/,static HTML; sitemap entry,GET|HEAD,src/data/navigation.ts；src/components/HomeHeader.astro；src/components/HomeFooter.astro；站内语言/内容链接；外部推广链接未知,retire,—,被替代的旧公开栏目/介绍/文章/小说；新版上线后 410（无对应替代作品），从 sitemap 移除,dist/index.html 已生成；Worker/Access 门禁可能先响应，不能认定 HTTP 200,src/pages/en/apps/mindbudget/index.astro:1; scripts/generate-sitemap.mjs:11; scripts/generate-sitemap.mjs:99,yes,代码/构建定义已核对；HTTP 状态未验证，留 T20；生产配置/schema 未核验
R0353,/en/apps/mindbudget/download,slashless variant,GET|HEAD,下载组件与产品页；外部 App/历史下载链接（完整外链未获取）,service,/en/apps/mindbudget/download/,政策、售后、下载、登录、会员、余额/支付服务；退出旧栏目导航不等于删除服务,静态 slash 需 ASSETS 存在才 301；音乐受独立 gate/302；待 T20,src/pages/en/apps/mindbudget/download.astro:1; src/worker.js:23362,no,代码/构建定义已核对；HTTP 状态未验证，留 T20；生产配置/schema 未核验
R0354,/en/apps/mindbudget/download/,static HTML; sitemap entry,GET|HEAD,下载组件与产品页；外部 App/历史下载链接（完整外链未获取）,service,/en/apps/mindbudget/download/,政策、售后、下载、登录、会员、余额/支付服务；退出旧栏目导航不等于删除服务,dist/index.html 已生成；Worker/Access 门禁可能先响应，不能认定 HTTP 200,src/pages/en/apps/mindbudget/download.astro:1; scripts/generate-sitemap.mjs:11; scripts/generate-sitemap.mjs:99,yes,代码/构建定义已核对；HTTP 状态未验证，留 T20；生产配置/schema 未核验
R0355,/en/apps/mindbudget/privacy,slashless variant,GET|HEAD,src/data/navigation.ts；src/components/HomeHeader.astro；src/components/HomeFooter.astro；站内语言/内容链接；外部推广链接未知,service,/en/apps/mindbudget/privacy/,政策、售后、下载、登录、会员、余额/支付服务；退出旧栏目导航不等于删除服务,静态 slash 需 ASSETS 存在才 301；音乐受独立 gate/302；待 T20,src/pages/en/apps/mindbudget/privacy.astro:1; src/worker.js:23362,no,代码/构建定义已核对；HTTP 状态未验证，留 T20；生产配置/schema 未核验
R0356,/en/apps/mindbudget/privacy/,static HTML; sitemap entry,GET|HEAD,src/data/navigation.ts；src/components/HomeHeader.astro；src/components/HomeFooter.astro；站内语言/内容链接；外部推广链接未知,service,/en/apps/mindbudget/privacy/,政策、售后、下载、登录、会员、余额/支付服务；退出旧栏目导航不等于删除服务,dist/index.html 已生成；Worker/Access 门禁可能先响应，不能认定 HTTP 200,src/pages/en/apps/mindbudget/privacy.astro:1; scripts/generate-sitemap.mjs:11; scripts/generate-sitemap.mjs:99,yes,代码/构建定义已核对；HTTP 状态未验证，留 T20；生产配置/schema 未核验
R0357,/en/apps/mindbudget/support,slashless variant,GET|HEAD,src/data/navigation.ts；src/components/HomeHeader.astro；src/components/HomeFooter.astro；站内语言/内容链接；外部推广链接未知,service,/en/apps/mindbudget/support/,政策、售后、下载、登录、会员、余额/支付服务；退出旧栏目导航不等于删除服务,静态 slash 需 ASSETS 存在才 301；音乐受独立 gate/302；待 T20,src/pages/en/apps/mindbudget/support.astro:1; src/worker.js:23362,no,代码/构建定义已核对；HTTP 状态未验证，留 T20；生产配置/schema 未核验
R0358,/en/apps/mindbudget/support/,static HTML; sitemap entry,GET|HEAD,src/data/navigation.ts；src/components/HomeHeader.astro；src/components/HomeFooter.astro；站内语言/内容链接；外部推广链接未知,service,/en/apps/mindbudget/support/,政策、售后、下载、登录、会员、余额/支付服务；退出旧栏目导航不等于删除服务,dist/index.html 已生成；Worker/Access 门禁可能先响应，不能认定 HTTP 200,src/pages/en/apps/mindbudget/support.astro:1; scripts/generate-sitemap.mjs:11; scripts/generate-sitemap.mjs:99,yes,代码/构建定义已核对；HTTP 状态未验证，留 T20；生产配置/schema 未核验
R0359,/en/apps/nodepilot,slashless variant,GET|HEAD,src/data/navigation.ts；src/components/HomeHeader.astro；src/components/HomeFooter.astro；站内语言/内容链接；外部推广链接未知,retire,—,被替代的旧公开栏目/介绍/文章/小说；新版上线后 410（无对应替代作品），从 sitemap 移除,静态 slash 需 ASSETS 存在才 301；音乐受独立 gate/302；待 T20,src/pages/en/apps/nodepilot/index.astro:1; src/worker.js:23362,no,代码/构建定义已核对；HTTP 状态未验证，留 T20；生产配置/schema 未核验
R0360,/en/apps/nodepilot/,static HTML; sitemap entry,GET|HEAD,src/data/navigation.ts；src/components/HomeHeader.astro；src/components/HomeFooter.astro；站内语言/内容链接；外部推广链接未知,retire,—,被替代的旧公开栏目/介绍/文章/小说；新版上线后 410（无对应替代作品），从 sitemap 移除,dist/index.html 已生成；Worker/Access 门禁可能先响应，不能认定 HTTP 200,src/pages/en/apps/nodepilot/index.astro:1; scripts/generate-sitemap.mjs:11; scripts/generate-sitemap.mjs:99,yes,代码/构建定义已核对；HTTP 状态未验证，留 T20；生产配置/schema 未核验
R0361,/en/apps/novelforge-ai,slashless variant,GET|HEAD,src/data/navigation.ts；src/components/HomeHeader.astro；src/components/HomeFooter.astro；站内语言/内容链接；外部推广链接未知,retire,—,被替代的旧公开栏目/介绍/文章/小说；新版上线后 410（无对应替代作品），从 sitemap 移除,静态 slash 需 ASSETS 存在才 301；音乐受独立 gate/302；待 T20,src/pages/en/apps/novelforge-ai/index.astro:1; src/worker.js:23362,no,代码/构建定义已核对；HTTP 状态未验证，留 T20；生产配置/schema 未核验
R0362,/en/apps/novelforge-ai/,static HTML; sitemap entry,GET|HEAD,src/data/navigation.ts；src/components/HomeHeader.astro；src/components/HomeFooter.astro；站内语言/内容链接；外部推广链接未知,retire,—,被替代的旧公开栏目/介绍/文章/小说；新版上线后 410（无对应替代作品），从 sitemap 移除,dist/index.html 已生成；Worker/Access 门禁可能先响应，不能认定 HTTP 200,src/pages/en/apps/novelforge-ai/index.astro:1; scripts/generate-sitemap.mjs:11; scripts/generate-sitemap.mjs:99,yes,代码/构建定义已核对；HTTP 状态未验证，留 T20；生产配置/schema 未核验
R0363,/en/apps/novelforge-ai/download,slashless variant,GET|HEAD,下载组件与产品页；外部 App/历史下载链接（完整外链未获取）,service,/en/apps/novelforge-ai/download/,政策、售后、下载、登录、会员、余额/支付服务；退出旧栏目导航不等于删除服务,静态 slash 需 ASSETS 存在才 301；音乐受独立 gate/302；待 T20,src/pages/en/apps/novelforge-ai/download.astro:1; src/worker.js:23362,no,代码/构建定义已核对；HTTP 状态未验证，留 T20；生产配置/schema 未核验
R0364,/en/apps/novelforge-ai/download/,static HTML; sitemap entry,GET|HEAD,下载组件与产品页；外部 App/历史下载链接（完整外链未获取）,service,/en/apps/novelforge-ai/download/,政策、售后、下载、登录、会员、余额/支付服务；退出旧栏目导航不等于删除服务,dist/index.html 已生成；Worker/Access 门禁可能先响应，不能认定 HTTP 200,src/pages/en/apps/novelforge-ai/download.astro:1; scripts/generate-sitemap.mjs:11; scripts/generate-sitemap.mjs:99,yes,代码/构建定义已核对；HTTP 状态未验证，留 T20；生产配置/schema 未核验
R0365,/en/apps/privatepinyin,slashless variant,GET|HEAD,src/data/navigation.ts；src/components/HomeHeader.astro；src/components/HomeFooter.astro；站内语言/内容链接；外部推广链接未知,retire,—,被替代的旧公开栏目/介绍/文章/小说；新版上线后 410（无对应替代作品），从 sitemap 移除,静态 slash 需 ASSETS 存在才 301；音乐受独立 gate/302；待 T20,src/pages/en/apps/privatepinyin/index.astro:1; src/worker.js:23362,no,代码/构建定义已核对；HTTP 状态未验证，留 T20；生产配置/schema 未核验
R0366,/en/apps/privatepinyin/,static HTML; sitemap entry,GET|HEAD,src/data/navigation.ts；src/components/HomeHeader.astro；src/components/HomeFooter.astro；站内语言/内容链接；外部推广链接未知,retire,—,被替代的旧公开栏目/介绍/文章/小说；新版上线后 410（无对应替代作品），从 sitemap 移除,dist/index.html 已生成；Worker/Access 门禁可能先响应，不能认定 HTTP 200,src/pages/en/apps/privatepinyin/index.astro:1; scripts/generate-sitemap.mjs:11; scripts/generate-sitemap.mjs:99,yes,代码/构建定义已核对；HTTP 状态未验证，留 T20；生产配置/schema 未核验
R0367,/en/apps/privatepinyin/download,slashless variant,GET|HEAD,下载组件与产品页；外部 App/历史下载链接（完整外链未获取）,service,/en/apps/privatepinyin/download/,政策、售后、下载、登录、会员、余额/支付服务；退出旧栏目导航不等于删除服务,静态 slash 需 ASSETS 存在才 301；音乐受独立 gate/302；待 T20,src/pages/en/apps/privatepinyin/download.astro:1; src/worker.js:23362,no,代码/构建定义已核对；HTTP 状态未验证，留 T20；生产配置/schema 未核验
R0368,/en/apps/privatepinyin/download/,static HTML; sitemap entry,GET|HEAD,下载组件与产品页；外部 App/历史下载链接（完整外链未获取）,service,/en/apps/privatepinyin/download/,政策、售后、下载、登录、会员、余额/支付服务；退出旧栏目导航不等于删除服务,dist/index.html 已生成；Worker/Access 门禁可能先响应，不能认定 HTTP 200,src/pages/en/apps/privatepinyin/download.astro:1; scripts/generate-sitemap.mjs:11; scripts/generate-sitemap.mjs:99,yes,代码/构建定义已核对；HTTP 状态未验证，留 T20；生产配置/schema 未核验
R0369,/en/apps/privatepinyin/privacy,slashless variant,GET|HEAD,src/data/navigation.ts；src/components/HomeHeader.astro；src/components/HomeFooter.astro；站内语言/内容链接；外部推广链接未知,service,/en/apps/privatepinyin/privacy/,政策、售后、下载、登录、会员、余额/支付服务；退出旧栏目导航不等于删除服务,静态 slash 需 ASSETS 存在才 301；音乐受独立 gate/302；待 T20,src/pages/en/apps/privatepinyin/privacy.astro:1; src/worker.js:23362,no,代码/构建定义已核对；HTTP 状态未验证，留 T20；生产配置/schema 未核验
R0370,/en/apps/privatepinyin/privacy/,static HTML; sitemap entry,GET|HEAD,src/data/navigation.ts；src/components/HomeHeader.astro；src/components/HomeFooter.astro；站内语言/内容链接；外部推广链接未知,service,/en/apps/privatepinyin/privacy/,政策、售后、下载、登录、会员、余额/支付服务；退出旧栏目导航不等于删除服务,dist/index.html 已生成；Worker/Access 门禁可能先响应，不能认定 HTTP 200,src/pages/en/apps/privatepinyin/privacy.astro:1; scripts/generate-sitemap.mjs:11; scripts/generate-sitemap.mjs:99,yes,代码/构建定义已核对；HTTP 状态未验证，留 T20；生产配置/schema 未核验
R0371,/en/apps/privatepinyin/support,slashless variant,GET|HEAD,src/data/navigation.ts；src/components/HomeHeader.astro；src/components/HomeFooter.astro；站内语言/内容链接；外部推广链接未知,service,/en/apps/privatepinyin/support/,政策、售后、下载、登录、会员、余额/支付服务；退出旧栏目导航不等于删除服务,静态 slash 需 ASSETS 存在才 301；音乐受独立 gate/302；待 T20,src/pages/en/apps/privatepinyin/support.astro:1; src/worker.js:23362,no,代码/构建定义已核对；HTTP 状态未验证，留 T20；生产配置/schema 未核验
R0372,/en/apps/privatepinyin/support/,static HTML; sitemap entry,GET|HEAD,src/data/navigation.ts；src/components/HomeHeader.astro；src/components/HomeFooter.astro；站内语言/内容链接；外部推广链接未知,service,/en/apps/privatepinyin/support/,政策、售后、下载、登录、会员、余额/支付服务；退出旧栏目导航不等于删除服务,dist/index.html 已生成；Worker/Access 门禁可能先响应，不能认定 HTTP 200,src/pages/en/apps/privatepinyin/support.astro:1; scripts/generate-sitemap.mjs:11; scripts/generate-sitemap.mjs:99,yes,代码/构建定义已核对；HTTP 状态未验证，留 T20；生产配置/schema 未核验
R0373,/en/apps/simplecut-pro,slashless variant,GET|HEAD,src/data/navigation.ts；src/components/HomeHeader.astro；src/components/HomeFooter.astro；站内语言/内容链接；外部推广链接未知,retire,—,被替代的旧公开栏目/介绍/文章/小说；新版上线后 410（无对应替代作品），从 sitemap 移除,静态 slash 需 ASSETS 存在才 301；音乐受独立 gate/302；待 T20,src/pages/en/apps/simplecut-pro/index.astro:1; src/worker.js:23362,no,代码/构建定义已核对；HTTP 状态未验证，留 T20；生产配置/schema 未核验
R0374,/en/apps/simplecut-pro/,static HTML; sitemap entry,GET|HEAD,src/data/navigation.ts；src/components/HomeHeader.astro；src/components/HomeFooter.astro；站内语言/内容链接；外部推广链接未知,retire,—,被替代的旧公开栏目/介绍/文章/小说；新版上线后 410（无对应替代作品），从 sitemap 移除,dist/index.html 已生成；Worker/Access 门禁可能先响应，不能认定 HTTP 200,src/pages/en/apps/simplecut-pro/index.astro:1; scripts/generate-sitemap.mjs:11; scripts/generate-sitemap.mjs:99,yes,代码/构建定义已核对；HTTP 状态未验证，留 T20；生产配置/schema 未核验
R0375,/en/apps/simplecut-pro/download,slashless variant,GET|HEAD,下载组件与产品页；外部 App/历史下载链接（完整外链未获取）,service,/en/apps/simplecut-pro/download/,政策、售后、下载、登录、会员、余额/支付服务；退出旧栏目导航不等于删除服务,静态 slash 需 ASSETS 存在才 301；音乐受独立 gate/302；待 T20,src/pages/en/apps/simplecut-pro/download.astro:1; src/worker.js:23362,no,代码/构建定义已核对；HTTP 状态未验证，留 T20；生产配置/schema 未核验
R0376,/en/apps/simplecut-pro/download/,static HTML; sitemap entry,GET|HEAD,下载组件与产品页；外部 App/历史下载链接（完整外链未获取）,service,/en/apps/simplecut-pro/download/,政策、售后、下载、登录、会员、余额/支付服务；退出旧栏目导航不等于删除服务,dist/index.html 已生成；Worker/Access 门禁可能先响应，不能认定 HTTP 200,src/pages/en/apps/simplecut-pro/download.astro:1; scripts/generate-sitemap.mjs:11; scripts/generate-sitemap.mjs:99,yes,代码/构建定义已核对；HTTP 状态未验证，留 T20；生产配置/schema 未核验
R0377,/en/devlog,slashless variant; dynamic slashless family,GET|HEAD,src/data/navigation.ts；src/components/HomeHeader.astro；src/components/HomeFooter.astro；站内语言/内容链接；外部推广链接未知,retire,—,被替代的旧公开栏目/介绍/文章/小说；新版上线后 410（无对应替代作品），从 sitemap 移除,现有永久补斜线跳转；未来在退出规则前阻止旧公开跳转链,src/pages/[locale]/devlog/index.astro:1; src/worker.js:23362; src/worker.js:22474,no,代码/构建定义已核对；HTTP 状态未验证，留 T20；生产配置/schema 未核验
R0378,/en/devlog/,static HTML; dynamic public family,GET|HEAD,src/data/navigation.ts；src/components/HomeHeader.astro；src/components/HomeFooter.astro；站内语言/内容链接；外部推广链接未知,retire,—,被替代的旧公开栏目/介绍/文章/小说；新版上线后 410（无对应替代作品），从 sitemap 移除,按语言和 slug 动态解析；D1 实际 slug 未获取,src/pages/[locale]/devlog/index.astro:1; src/worker.js:18969; src/worker.js:21501,no,代码/构建定义已核对；HTTP 状态未验证，留 T20；生产配置/schema 未核验
R0379,/en/devlog/2026-05-17-snapcopy-testing,slashless variant,GET|HEAD,src/data/navigation.ts；src/components/HomeHeader.astro；src/components/HomeFooter.astro；站内语言/内容链接；外部推广链接未知,retire,—,被替代的旧公开栏目/介绍/文章/小说；新版上线后 410（无对应替代作品），从 sitemap 移除,静态 slash 需 ASSETS 存在才 301；音乐受独立 gate/302；待 T20,src/pages/[locale]/devlog/[slug].astro:1; src/worker.js:23362,no,代码/构建定义已核对；HTTP 状态未验证，留 T20；生产配置/schema 未核验
R0380,/en/devlog/2026-05-17-snapcopy-testing/,static HTML,GET|HEAD,src/data/navigation.ts；src/components/HomeHeader.astro；src/components/HomeFooter.astro；站内语言/内容链接；外部推广链接未知,retire,—,被替代的旧公开栏目/介绍/文章/小说；新版上线后 410（无对应替代作品），从 sitemap 移除,dist/index.html 已生成；Worker/Access 门禁可能先响应，不能认定 HTTP 200,src/pages/[locale]/devlog/[slug].astro:1,no,代码/构建定义已核对；HTTP 状态未验证，留 T20；生产配置/schema 未核验
R0381,/en/devlog/2026-05-17-station-cat-homepage,slashless variant,GET|HEAD,src/data/navigation.ts；src/components/HomeHeader.astro；src/components/HomeFooter.astro；站内语言/内容链接；外部推广链接未知,retire,—,被替代的旧公开栏目/介绍/文章/小说；新版上线后 410（无对应替代作品），从 sitemap 移除,静态 slash 需 ASSETS 存在才 301；音乐受独立 gate/302；待 T20,src/pages/[locale]/devlog/[slug].astro:1; src/worker.js:23362,no,代码/构建定义已核对；HTTP 状态未验证，留 T20；生产配置/schema 未核验
R0382,/en/devlog/2026-05-17-station-cat-homepage/,static HTML,GET|HEAD,src/data/navigation.ts；src/components/HomeHeader.astro；src/components/HomeFooter.astro；站内语言/内容链接；外部推广链接未知,retire,—,被替代的旧公开栏目/介绍/文章/小说；新版上线后 410（无对应替代作品），从 sitemap 移除,dist/index.html 已生成；Worker/Access 门禁可能先响应，不能认定 HTTP 200,src/pages/[locale]/devlog/[slug].astro:1,no,代码/构建定义已核对；HTTP 状态未验证，留 T20；生产配置/schema 未核验
R0383,/en/devlog/2026-05-19-snapcopy-v1-4-devlog,slashless variant,GET|HEAD,src/data/navigation.ts；src/components/HomeHeader.astro；src/components/HomeFooter.astro；站内语言/内容链接；外部推广链接未知,retire,—,被替代的旧公开栏目/介绍/文章/小说；新版上线后 410（无对应替代作品），从 sitemap 移除,静态 slash 需 ASSETS 存在才 301；音乐受独立 gate/302；待 T20,src/pages/[locale]/devlog/[slug].astro:1; src/worker.js:23362,no,代码/构建定义已核对；HTTP 状态未验证，留 T20；生产配置/schema 未核验
R0384,/en/devlog/2026-05-19-snapcopy-v1-4-devlog/,static HTML,GET|HEAD,src/data/navigation.ts；src/components/HomeHeader.astro；src/components/HomeFooter.astro；站内语言/内容链接；外部推广链接未知,retire,—,被替代的旧公开栏目/介绍/文章/小说；新版上线后 410（无对应替代作品），从 sitemap 移除,dist/index.html 已生成；Worker/Access 门禁可能先响应，不能认定 HTTP 200,src/pages/[locale]/devlog/[slug].astro:1,no,代码/构建定义已核对；HTTP 状态未验证，留 T20；生产配置/schema 未核验
R0385,/en/devlog/2026-05-31-snapcopy-v1-64-devlog,slashless variant,GET|HEAD,src/data/navigation.ts；src/components/HomeHeader.astro；src/components/HomeFooter.astro；站内语言/内容链接；外部推广链接未知,retire,—,被替代的旧公开栏目/介绍/文章/小说；新版上线后 410（无对应替代作品），从 sitemap 移除,静态 slash 需 ASSETS 存在才 301；音乐受独立 gate/302；待 T20,src/pages/[locale]/devlog/[slug].astro:1; src/worker.js:23362,no,代码/构建定义已核对；HTTP 状态未验证，留 T20；生产配置/schema 未核验
R0386,/en/devlog/2026-05-31-snapcopy-v1-64-devlog/,static HTML,GET|HEAD,src/data/navigation.ts；src/components/HomeHeader.astro；src/components/HomeFooter.astro；站内语言/内容链接；外部推广链接未知,retire,—,被替代的旧公开栏目/介绍/文章/小说；新版上线后 410（无对应替代作品），从 sitemap 移除,dist/index.html 已生成；Worker/Access 门禁可能先响应，不能认定 HTTP 200,src/pages/[locale]/devlog/[slug].astro:1,no,代码/构建定义已核对；HTTP 状态未验证，留 T20；生产配置/schema 未核验
R0387,/en/devlog/2026-06-14-simplecut-pro-user-first-video-editing,slashless variant,GET|HEAD,src/data/navigation.ts；src/components/HomeHeader.astro；src/components/HomeFooter.astro；站内语言/内容链接；外部推广链接未知,retire,—,被替代的旧公开栏目/介绍/文章/小说；新版上线后 410（无对应替代作品），从 sitemap 移除,静态 slash 需 ASSETS 存在才 301；音乐受独立 gate/302；待 T20,src/pages/[locale]/devlog/[slug].astro:1; src/worker.js:23362,no,代码/构建定义已核对；HTTP 状态未验证，留 T20；生产配置/schema 未核验
R0388,/en/devlog/2026-06-14-simplecut-pro-user-first-video-editing/,static HTML,GET|HEAD,src/data/navigation.ts；src/components/HomeHeader.astro；src/components/HomeFooter.astro；站内语言/内容链接；外部推广链接未知,retire,—,被替代的旧公开栏目/介绍/文章/小说；新版上线后 410（无对应替代作品），从 sitemap 移除,dist/index.html 已生成；Worker/Access 门禁可能先响应，不能认定 HTTP 200,src/pages/[locale]/devlog/[slug].astro:1,no,代码/构建定义已核对；HTTP 状态未验证，留 T20；生产配置/schema 未核验
R0389,/en/devlog/:slug,dynamic slashless family,GET|HEAD,src/data/navigation.ts；src/components/HomeHeader.astro；src/components/HomeFooter.astro；站内语言/内容链接；外部推广链接未知,retire,—,被替代的旧公开栏目/介绍/文章/小说；新版上线后 410（无对应替代作品），从 sitemap 移除,现有永久补斜线跳转；未来在退出规则前阻止旧公开跳转链,src/worker.js:22474,no,代码/构建定义已核对；HTTP 状态未验证，留 T20；生产配置/schema 未核验
R0390,/en/devlog/:slug/,dynamic public family,GET|HEAD,src/data/navigation.ts；src/components/HomeHeader.astro；src/components/HomeFooter.astro；站内语言/内容链接；外部推广链接未知,retire,—,被替代的旧公开栏目/介绍/文章/小说；新版上线后 410（无对应替代作品），从 sitemap 移除,按语言和 slug 动态解析；D1 实际 slug 未获取,src/worker.js:18969; src/worker.js:21501,no,代码/构建定义已核对；HTTP 状态未验证，留 T20；生产配置/schema 未核验
R0391,/en/library,slashless variant,GET|HEAD,src/data/navigation.ts；src/components/HomeHeader.astro；src/components/HomeFooter.astro；站内语言/内容链接；外部推广链接未知,service,/en/library/,政策、售后、下载、登录、会员、余额/支付服务；退出旧栏目导航不等于删除服务,静态 slash 需 ASSETS 存在才 301；音乐受独立 gate/302；待 T20,src/pages/en/library/index.astro:1; src/worker.js:23362,no,代码/构建定义已核对；HTTP 状态未验证，留 T20；生产配置/schema 未核验
R0392,/en/library/,static HTML,GET|HEAD,public/games/cat-life/cloud-sync.js:206; public/games/cat-life/commerce.js:250; public/games/cat-life/site-integration.js:31; src/components/Footer.astro:75; src/components/SerialsHubPage.astro:47; src/data/navigation.ts:11,service,/en/library/,政策、售后、下载、登录、会员、余额/支付服务；退出旧栏目导航不等于删除服务,dist/index.html 已生成；Worker/Access 门禁可能先响应，不能认定 HTTP 200,src/pages/en/library/index.astro:1,no,代码/构建定义已核对；HTTP 状态未验证，留 T20；生产配置/schema 未核验
R0393,/en/music,slashless variant; music slashless,GET|HEAD,src/data/navigation.ts；src/components/HomeHeader.astro；src/components/HomeFooter.astro；站内语言/内容链接；外部推广链接未知,redirect,/en/music/,按音乐 handler gate 后执行无斜线规范化,静态 slash 需 ASSETS 存在才 301；音乐受独立 gate/302；待 T20,src/pages/en/music/index.astro:1; src/worker.js:23362; src/music/pagePaths.js:2; src/music/pageHttp.js:19,no,代码/构建定义已核对；HTTP 状态未验证，留 T20；生产配置/schema 未核验
R0394,/en/music/,static HTML; music alias/query/descendant,GET|HEAD,src/data/navigation.ts；src/components/HomeHeader.astro；src/components/HomeFooter.astro；站内语言/内容链接；外部推广链接未知,keep,/en/music/,音乐根页面继续；别名和无斜线按原语言规范化；运行开关仍有效,gate 未启用先 503；gate 启用后根页面/别名 302/ASSETS，未知后代 404,src/pages/en/music/index.astro:1; src/music/pagePaths.js:3; src/music/pageHttp.js:17,no,代码/构建定义已核对；HTTP 状态未验证，留 T20；生产配置/schema 未核验
R0395,/en/music/:legacyDescendant/*,music alias/query/descendant,GET|HEAD,src/data/navigation.ts；src/components/HomeHeader.astro；src/components/HomeFooter.astro；站内语言/内容链接；外部推广链接未知,retire,404 仅用于无法映射的遗留后代；新详情路由例外,namespace 匹配不代表现有详情页；不能关闭将实现的 /music/tracks/:slug/；不猜测 slug 存在,gate 未启用先 503；gate 启用后根页面/别名 302/ASSETS，未知后代 404,src/music/pagePaths.js:3; src/music/pageHttp.js:17,no,代码/构建定义已核对；HTTP 状态未验证，留 T20；生产配置/schema 未核验
R0396,/en/music/?collection=:slug,music alias/query/descendant,GET|HEAD,src/data/navigation.ts；src/components/HomeHeader.astro；src/components/HomeFooter.astro；站内语言/内容链接；外部推广链接未知,service,/en/music/?collection=:slug,保留有效合集选择与原生合集能力；本期没有新的合集详情路由规格，不能强行跳到单曲或通用首页；失效实体沿用真实错误,gate 未启用先 503；gate 启用后根页面/别名 302/ASSETS，未知后代 404,src/music/pagePaths.js:3; src/music/pageHttp.js:17,no,代码/构建定义已核对；HTTP 状态未验证，留 T20；生产配置/schema 未核验
R0397,/en/music/?track=:trackId,music alias/query/descendant,GET|HEAD,src/data/navigation.ts；src/components/HomeHeader.astro；src/components/HomeFooter.astro；站内语言/内容链接；外部推广链接未知,redirect,待 T06/T09：稳定 track ID 映射到同歌曲 /music/tracks/:slug/ 的对应语言地址；不存在/不公开才 404,真实 ID/slug 映射尚未核验；有效记录暂不能解析新 slug 时保持兼容或报告阻塞，不自动按不存在处理,gate 未启用先 503；gate 启用后根页面/别名 302/ASSETS，未知后代 404,src/music/pagePaths.js:3; src/music/pageHttp.js:17,no,代码/构建定义已核对；HTTP 状态未验证，留 T20；生产配置/schema 未核验
R0398,/en/music?collection=:slug,music slashless query,GET|HEAD,src/data/navigation.ts；src/components/HomeHeader.astro；src/components/HomeFooter.astro；站内语言/内容链接；外部推广链接未知,redirect,/en/music/?collection=:slug,规范化保留合法唯一的选择参数及实体/语言；单曲等 T06/T09 映射，合集继续兼容，不丢弃 query,gate 未启用先 503；启用后 302 到 musicPageHref 规范地址,src/music/pagePaths.js:10; src/music/pageHttp.js:19,no,代码/构建定义已核对；HTTP 状态未验证，留 T20；生产配置/schema 未核验
R0399,/en/music?track=:trackId,music slashless query,GET|HEAD,src/data/navigation.ts；src/components/HomeHeader.astro；src/components/HomeFooter.astro；站内语言/内容链接；外部推广链接未知,redirect,待稳定 ID 映射到同歌曲的语言详情地址；未知实体才 404,规范化保留合法唯一的选择参数及实体/语言；单曲等 T06/T09 映射，合集继续兼容，不丢弃 query,gate 未启用先 503；启用后 302 到 musicPageHref 规范地址,src/music/pagePaths.js:10; src/music/pageHttp.js:19,no,代码/构建定义已核对；HTTP 状态未验证，留 T20；生产配置/schema 未核验
R0400,/en/novel,novel slashless family,GET|HEAD,src/data/navigation.ts；src/components/HomeHeader.astro；src/components/HomeFooter.astro；站内语言/内容链接；外部推广链接未知,retire,—,被替代的旧公开栏目/介绍/文章/小说；新版上线后 410（无对应替代作品），从 sitemap 移除,见源代码；不是线上 HTTP 记录,src/worker.js:22476,no,代码/构建定义已核对；HTTP 状态未验证，留 T20；生产配置/schema 未核验
R0401,/en/novel/,sitemap entry; novel dynamic family,GET|HEAD,src/data/navigation.ts；src/components/HomeHeader.astro；src/components/HomeFooter.astro；站内语言/内容链接；外部推广链接未知,retire,—,被替代的旧公开栏目/介绍/文章/小说；新版上线后 410（无对应替代作品），从 sitemap 移除,现有 novel v2；其他 novel 语言前缀并非本 parser 的有效 novel 页面,scripts/generate-sitemap.mjs:11; scripts/generate-sitemap.mjs:99; src/worker.js:18994,yes,代码/构建定义已核对；HTTP 状态未验证，留 T20；生产配置/schema 未核验
R0402,/en/novel/:series,novel slashless family,GET|HEAD,src/data/navigation.ts；src/components/HomeHeader.astro；src/components/HomeFooter.astro；站内语言/内容链接；外部推广链接未知,retire,—,被替代的旧公开栏目/介绍/文章/小说；新版上线后 410（无对应替代作品），从 sitemap 移除,见源代码；不是线上 HTTP 记录,src/worker.js:22476,no,代码/构建定义已核对；HTTP 状态未验证，留 T20；生产配置/schema 未核验
R0403,/en/novel/:series/,novel dynamic family,GET|HEAD,src/data/navigation.ts；src/components/HomeHeader.astro；src/components/HomeFooter.astro；站内语言/内容链接；外部推广链接未知,retire,—,被替代的旧公开栏目/介绍/文章/小说；新版上线后 410（无对应替代作品），从 sitemap 移除,现有 novel v2；其他 novel 语言前缀并非本 parser 的有效 novel 页面,src/worker.js:18994,no,代码/构建定义已核对；HTTP 状态未验证，留 T20；生产配置/schema 未核验
R0404,/en/novel/:series/chapter/:chapter,novel slashless family,GET|HEAD,src/data/navigation.ts；src/components/HomeHeader.astro；src/components/HomeFooter.astro；站内语言/内容链接；外部推广链接未知,service,/en/novel/:series/chapter/:chapter,历史授权阅读/书签兼容：匿名公开内容退出；已购访问依旧鉴权；T14 服务替代前不关断,见源代码；不是线上 HTTP 记录,src/worker.js:22476,no,代码/构建定义已核对；HTTP 状态未验证，留 T20；生产配置/schema 未核验
R0405,/en/novel/:series/chapter/:chapter/,novel dynamic family,GET|HEAD,src/data/navigation.ts；src/components/HomeHeader.astro；src/components/HomeFooter.astro；站内语言/内容链接；外部推广链接未知,service,/en/novel/:series/chapter/:chapter/,历史授权阅读/书签兼容：匿名公开内容退出；已购访问依旧鉴权；T14 服务替代前不关断,现有 novel v2；其他 novel 语言前缀并非本 parser 的有效 novel 页面,src/worker.js:18994,no,代码/构建定义已核对；HTTP 状态未验证，留 T20；生产配置/schema 未核验
R0406,/en/points,slashless variant,GET|HEAD,src/data/navigation.ts；src/components/HomeHeader.astro；src/components/HomeFooter.astro；站内语言/内容链接；外部推广链接未知,service,/en/points/,政策、售后、下载、登录、会员、余额/支付服务；退出旧栏目导航不等于删除服务,静态 slash 需 ASSETS 存在才 301；音乐受独立 gate/302；待 T20,src/pages/en/points.astro:1; src/worker.js:23362,no,代码/构建定义已核对；HTTP 状态未验证，留 T20；生产配置/schema 未核验
R0407,/en/points/,static HTML; sitemap entry,GET|HEAD,public/games/cat-life/commerce.js:258; src/components/Footer.astro:76; src/components/GeneralLegalIndex.astro:22; src/components/ReaderLibraryPage.astro:24; src/data/navigation.ts:8; src/data/products/station-points.ts:6,service,/en/points/,政策、售后、下载、登录、会员、余额/支付服务；退出旧栏目导航不等于删除服务,dist/index.html 已生成；Worker/Access 门禁可能先响应，不能认定 HTTP 200,src/pages/en/points.astro:1; scripts/generate-sitemap.mjs:11; scripts/generate-sitemap.mjs:99,yes,代码/构建定义已核对；HTTP 状态未验证，留 T20；生产配置/schema 未核验
R0408,/en/privacy,slashless variant,GET|HEAD,src/data/navigation.ts；src/components/HomeHeader.astro；src/components/HomeFooter.astro；站内语言/内容链接；外部推广链接未知,service,/en/privacy/,政策、售后、下载、登录、会员、余额/支付服务；退出旧栏目导航不等于删除服务,静态 slash 需 ASSETS 存在才 301；音乐受独立 gate/302；待 T20,src/pages/en/privacy.astro:1; src/worker.js:23362,no,代码/构建定义已核对；HTTP 状态未验证，留 T20；生产配置/schema 未核验
R0409,/en/privacy/,static HTML; sitemap entry,GET|HEAD,src/data/navigation.ts；src/components/HomeHeader.astro；src/components/HomeFooter.astro；站内语言/内容链接；外部推广链接未知,service,/en/privacy/,政策、售后、下载、登录、会员、余额/支付服务；退出旧栏目导航不等于删除服务,dist/index.html 已生成；Worker/Access 门禁可能先响应，不能认定 HTTP 200,src/pages/en/privacy.astro:1; scripts/generate-sitemap.mjs:11; scripts/generate-sitemap.mjs:99,yes,代码/构建定义已核对；HTTP 状态未验证，留 T20；生产配置/schema 未核验
R0410,/en/signal,dynamic slashless family,GET|HEAD,src/data/navigation.ts；src/components/HomeHeader.astro；src/components/HomeFooter.astro；站内语言/内容链接；外部推广链接未知,retire,—,被替代的旧公开栏目/介绍/文章/小说；新版上线后 410（无对应替代作品），从 sitemap 移除,现有永久补斜线跳转；未来在退出规则前阻止旧公开跳转链,src/worker.js:22474,no,代码/构建定义已核对；HTTP 状态未验证，留 T20；生产配置/schema 未核验
R0411,/en/signal/,sitemap entry; dynamic public family,GET|HEAD,src/data/navigation.ts；src/components/HomeHeader.astro；src/components/HomeFooter.astro；站内语言/内容链接；外部推广链接未知,retire,—,被替代的旧公开栏目/介绍/文章/小说；新版上线后 410（无对应替代作品），从 sitemap 移除,按语言和 slug 动态解析；D1 实际 slug 未获取,scripts/generate-sitemap.mjs:11; scripts/generate-sitemap.mjs:99; src/worker.js:18969; src/worker.js:21501,yes,代码/构建定义已核对；HTTP 状态未验证，留 T20；生产配置/schema 未核验
R0412,/en/signal/:slug,dynamic slashless family,GET|HEAD,src/data/navigation.ts；src/components/HomeHeader.astro；src/components/HomeFooter.astro；站内语言/内容链接；外部推广链接未知,retire,—,被替代的旧公开栏目/介绍/文章/小说；新版上线后 410（无对应替代作品），从 sitemap 移除,现有永久补斜线跳转；未来在退出规则前阻止旧公开跳转链,src/worker.js:22474,no,代码/构建定义已核对；HTTP 状态未验证，留 T20；生产配置/schema 未核验
R0413,/en/signal/:slug/,dynamic public family,GET|HEAD,src/data/navigation.ts；src/components/HomeHeader.astro；src/components/HomeFooter.astro；站内语言/内容链接；外部推广链接未知,retire,—,被替代的旧公开栏目/介绍/文章/小说；新版上线后 410（无对应替代作品），从 sitemap 移除,按语言和 slug 动态解析；D1 实际 slug 未获取,src/worker.js:18969; src/worker.js:21501,no,代码/构建定义已核对；HTTP 状态未验证，留 T20；生产配置/schema 未核验
R0414,/en/signal/:slug/card.png,dynamic public family,GET|HEAD,src/data/navigation.ts；src/components/HomeHeader.astro；src/components/HomeFooter.astro；站内语言/内容链接；外部推广链接未知,retire,—,被替代的旧公开栏目/介绍/文章/小说；新版上线后 410（无对应替代作品），从 sitemap 移除,按语言和 slug 动态解析；D1 实际 slug 未获取,src/worker.js:18969; src/worker.js:21501,no,代码/构建定义已核对；HTTP 状态未验证，留 T20；生产配置/schema 未核验
R0415,/en/signal/:slug/card.svg,dynamic public family,GET|HEAD,src/data/navigation.ts；src/components/HomeHeader.astro；src/components/HomeFooter.astro；站内语言/内容链接；外部推广链接未知,retire,—,被替代的旧公开栏目/介绍/文章/小说；新版上线后 410（无对应替代作品），从 sitemap 移除,按语言和 slug 动态解析；D1 实际 slug 未获取,src/worker.js:18969; src/worker.js:21501,no,代码/构建定义已核对；HTTP 状态未验证，留 T20；生产配置/schema 未核验
R0416,/en/signal/:slug/share-card.png,dynamic public family,GET|HEAD,src/data/navigation.ts；src/components/HomeHeader.astro；src/components/HomeFooter.astro；站内语言/内容链接；外部推广链接未知,retire,—,被替代的旧公开栏目/介绍/文章/小说；新版上线后 410（无对应替代作品），从 sitemap 移除,按语言和 slug 动态解析；D1 实际 slug 未获取,src/worker.js:18969; src/worker.js:21501,no,代码/构建定义已核对；HTTP 状态未验证，留 T20；生产配置/schema 未核验
R0417,/en/signal/:slug/share-card.svg,dynamic public family,GET|HEAD,src/data/navigation.ts；src/components/HomeHeader.astro；src/components/HomeFooter.astro；站内语言/内容链接；外部推广链接未知,retire,—,被替代的旧公开栏目/介绍/文章/小说；新版上线后 410（无对应替代作品），从 sitemap 移除,按语言和 slug 动态解析；D1 实际 slug 未获取,src/worker.js:18969; src/worker.js:21501,no,代码/构建定义已核对；HTTP 状态未验证，留 T20；生产配置/schema 未核验
R0418,/en/support,slashless variant,GET|HEAD,src/data/navigation.ts；src/components/HomeHeader.astro；src/components/HomeFooter.astro；站内语言/内容链接；外部推广链接未知,service,/en/support/,政策、售后、下载、登录、会员、余额/支付服务；退出旧栏目导航不等于删除服务,静态 slash 需 ASSETS 存在才 301；音乐受独立 gate/302；待 T20,src/pages/en/support.astro:1; src/worker.js:23362,no,代码/构建定义已核对；HTTP 状态未验证，留 T20；生产配置/schema 未核验
R0419,/en/support/,static HTML; sitemap entry,GET|HEAD,src/data/navigation.ts；src/components/HomeHeader.astro；src/components/HomeFooter.astro；站内语言/内容链接；外部推广链接未知,service,/en/support/,政策、售后、下载、登录、会员、余额/支付服务；退出旧栏目导航不等于删除服务,dist/index.html 已生成；Worker/Access 门禁可能先响应，不能认定 HTTP 200,src/pages/en/support.astro:1; scripts/generate-sitemap.mjs:11; scripts/generate-sitemap.mjs:99,yes,代码/构建定义已核对；HTTP 状态未验证，留 T20；生产配置/schema 未核验
R0420,/en/terms,slashless variant,GET|HEAD,src/data/navigation.ts；src/components/HomeHeader.astro；src/components/HomeFooter.astro；站内语言/内容链接；外部推广链接未知,service,/en/terms/,政策、售后、下载、登录、会员、余额/支付服务；退出旧栏目导航不等于删除服务,静态 slash 需 ASSETS 存在才 301；音乐受独立 gate/302；待 T20,src/pages/en/terms.astro:1; src/worker.js:23362,no,代码/构建定义已核对；HTTP 状态未验证，留 T20；生产配置/schema 未核验
R0421,/en/terms/,static HTML; sitemap entry,GET|HEAD,src/data/navigation.ts；src/components/HomeHeader.astro；src/components/HomeFooter.astro；站内语言/内容链接；外部推广链接未知,service,/en/terms/,政策、售后、下载、登录、会员、余额/支付服务；退出旧栏目导航不等于删除服务,dist/index.html 已生成；Worker/Access 门禁可能先响应，不能认定 HTTP 200,src/pages/en/terms.astro:1; scripts/generate-sitemap.mjs:11; scripts/generate-sitemap.mjs:99,yes,代码/构建定义已核对；HTTP 状态未验证，留 T20；生产配置/schema 未核验
R0422,/en/works,legacy works slashless alias,GET|HEAD,src/data/navigation.ts；src/components/HomeHeader.astro；src/components/HomeFooter.astro；站内语言/内容链接；外部推广链接未知,retire,—,被替代的旧公开栏目/介绍/文章/小说；新版上线后 410（无对应替代作品），从 sitemap 移除,见源代码；不是线上 HTTP 记录,src/worker.js:22494,no,代码/构建定义已核对；HTTP 状态未验证，留 T20；生产配置/schema 未核验
R0423,/en/works/,legacy works alias,GET|HEAD,src/data/navigation.ts；src/components/HomeHeader.astro；src/components/HomeFooter.astro；站内语言/内容链接；外部推广链接未知,retire,—,被替代的旧公开栏目/介绍/文章/小说；新版上线后 410（无对应替代作品），从 sitemap 移除,现有 works -> novel 301；无新公开对应内容时应直接退役,src/worker.js:22494,no,代码/构建定义已核对；HTTP 状态未验证，留 T20；生产配置/schema 未核验
R0424,/en/works/:series,legacy works slashless alias,GET|HEAD,src/data/navigation.ts；src/components/HomeHeader.astro；src/components/HomeFooter.astro；站内语言/内容链接；外部推广链接未知,retire,—,被替代的旧公开栏目/介绍/文章/小说；新版上线后 410（无对应替代作品），从 sitemap 移除,见源代码；不是线上 HTTP 记录,src/worker.js:22494,no,代码/构建定义已核对；HTTP 状态未验证，留 T20；生产配置/schema 未核验
R0425,/en/works/:series/,legacy works alias,GET|HEAD,src/data/navigation.ts；src/components/HomeHeader.astro；src/components/HomeFooter.astro；站内语言/内容链接；外部推广链接未知,retire,—,被替代的旧公开栏目/介绍/文章/小说；新版上线后 410（无对应替代作品），从 sitemap 移除,现有 works -> novel 301；无新公开对应内容时应直接退役,src/worker.js:22494,no,代码/构建定义已核对；HTTP 状态未验证，留 T20；生产配置/schema 未核验
R0426,/en/works/:series/:chapter,legacy chapter alias,GET|HEAD,src/data/navigation.ts；src/components/HomeHeader.astro；src/components/HomeFooter.astro；站内语言/内容链接；外部推广链接未知,service,/en/novel/:series/chapter/:chapter/,历史授权/书签别名；直接到对应受保护阅读路径；匿名不保留旧公开正文,现有 301 保留 query 到 novel chapter,src/worker.js:22512,no,代码/构建定义已核对；HTTP 状态未验证，留 T20；生产配置/schema 未核验
R0427,/en/works/:series/:chapter/,legacy chapter alias,GET|HEAD,src/data/navigation.ts；src/components/HomeHeader.astro；src/components/HomeFooter.astro；站内语言/内容链接；外部推广链接未知,service,/en/novel/:series/chapter/:chapter/,历史授权/书签别名；直接到对应受保护阅读路径；匿名不保留旧公开正文,现有 301 保留 query 到 novel chapter,src/worker.js:22512,no,代码/构建定义已核对；HTTP 状态未验证，留 T20；生产配置/schema 未核验
R0428,/favicon-64.png,runtime/association/static asset family,GET|HEAD,src/data/navigation.ts；src/components/HomeHeader.astro；src/components/HomeFooter.astro；站内语言/内容链接；外部推广链接未知,service,/favicon-64.png,保留系统关联、实际游戏/依赖资源与必要静态能力；原鉴权/缓存/CSP不降低；静态资源范围不覆盖 Worker 私有资源拒绝规则,见源代码；不是线上 HTTP 记录,public/_headers:19,no,代码/构建定义已核对；HTTP 状态未验证，留 T20；生产配置/schema 未核验
R0429,/favicon.ico,runtime/association/static asset family,GET|HEAD,src/data/navigation.ts；src/components/HomeHeader.astro；src/components/HomeFooter.astro；站内语言/内容链接；外部推广链接未知,service,/favicon.ico,保留系统关联、实际游戏/依赖资源与必要静态能力；原鉴权/缓存/CSP不降低；静态资源范围不覆盖 Worker 私有资源拒绝规则,见源代码；不是线上 HTTP 记录,public/_headers:16,no,代码/构建定义已核对；HTTP 状态未验证，留 T20；生产配置/schema 未核验
R0430,/games/cat-life,slashless variant,GET|HEAD,src/data/navigation.ts；src/components/HomeHeader.astro；src/components/HomeFooter.astro；站内语言/内容链接；外部推广链接未知,redirect,/games/cat-life/,实际游戏运行与资源地址；保持同源存档作用域,静态 slash 需 ASSETS 存在才 301；音乐受独立 gate/302；待 T20,public/games/cat-life/index.html:1; src/worker.js:23362,no,代码/构建定义已核对；HTTP 状态未验证，留 T20；生产配置/schema 未核验
R0431,/games/cat-life/,static HTML,GET|HEAD,src/data/products/cat-life-game.ts:11,keep,/games/cat-life/,实际游戏运行与资源地址；保持同源存档作用域,dist/index.html 已生成；Worker/Access 门禁可能先响应，不能认定 HTTP 200,public/games/cat-life/index.html:1,no,代码/构建定义已核对；HTTP 状态未验证，留 T20；生产配置/schema 未核验
R0432,/games/cat-life/*,runtime/association/static asset family,GET|HEAD,src/data/navigation.ts；src/components/HomeHeader.astro；src/components/HomeFooter.astro；站内语言/内容链接；外部推广链接未知,service,/games/cat-life/*,保留系统关联、实际游戏/依赖资源与必要静态能力；原鉴权/缓存/CSP不降低；静态资源范围不覆盖 Worker 私有资源拒绝规则,见源代码；不是线上 HTTP 记录,public/_headers:30,no,代码/构建定义已核对；HTTP 状态未验证，留 T20；生产配置/schema 未核验
R0433,/games/cat-life/index.html,runtime/association/static asset family,GET|HEAD,src/data/navigation.ts；src/components/HomeHeader.astro；src/components/HomeFooter.astro；站内语言/内容链接；外部推广链接未知,service,/games/cat-life/index.html,保留系统关联、实际游戏/依赖资源与必要静态能力；原鉴权/缓存/CSP不降低；静态资源范围不覆盖 Worker 私有资源拒绝规则,见源代码；不是线上 HTTP 记录,public/games/cat-life/index.html:1,no,代码/构建定义已核对；HTTP 状态未验证，留 T20；生产配置/schema 未核验
R0434,/images/*,runtime/association/static asset family,GET|HEAD,src/data/navigation.ts；src/components/HomeHeader.astro；src/components/HomeFooter.astro；站内语言/内容链接；外部推广链接未知,service,/images/*,保留系统关联、实际游戏/依赖资源与必要静态能力；原鉴权/缓存/CSP不降低；静态资源范围不覆盖 Worker 私有资源拒绝规则,见源代码；不是线上 HTTP 记录,public/_headers:10,no,代码/构建定义已核对；HTTP 状态未验证，留 T20；生产配置/schema 未核验
R0435,/ja,slashless variant,GET|HEAD,src/data/navigation.ts；src/components/HomeHeader.astro；src/components/HomeFooter.astro；站内语言/内容链接；外部推广链接未知,redirect,/ja/,品牌首页或品牌说明，按新版内容更新；保持语言,静态 slash 需 ASSETS 存在才 301；音乐受独立 gate/302；待 T20,src/pages/ja/index.astro:1; src/worker.js:23362,no,代码/构建定义已核对；HTTP 状态未验证，留 T20；生产配置/schema 未核验
R0436,/ja/,static HTML; sitemap entry,GET|HEAD,src/data/navigation.ts；src/components/HomeHeader.astro；src/components/HomeFooter.astro；站内语言/内容链接；外部推广链接未知,keep,/ja/,品牌首页或品牌说明，按新版内容更新；保持语言,dist/index.html 已生成；Worker/Access 门禁可能先响应，不能认定 HTTP 200,src/pages/ja/index.astro:1; scripts/generate-sitemap.mjs:11; scripts/generate-sitemap.mjs:99,yes,代码/构建定义已核对；HTTP 状态未验证，留 T20；生产配置/schema 未核验
R0437,/ja/404,slashless variant,GET|HEAD,src/data/navigation.ts；src/components/HomeHeader.astro；src/components/HomeFooter.astro；站内语言/内容链接；外部推广链接未知,service,/ja/404/,保留错误页产物；响应状态在 T20 验证,静态 slash 需 ASSETS 存在才 301；音乐受独立 gate/302；待 T20,src/pages/ja/404.astro:1; src/worker.js:23362,no,代码/构建定义已核对；HTTP 状态未验证，留 T20；生产配置/schema 未核验
R0438,/ja/404/,static HTML,GET|HEAD,src/data/navigation.ts；src/components/HomeHeader.astro；src/components/HomeFooter.astro；站内语言/内容链接；外部推广链接未知,service,/ja/404/,保留错误页产物；响应状态在 T20 验证,dist/index.html 已生成；Worker/Access 门禁可能先响应，不能认定 HTTP 200,src/pages/ja/404.astro:1,no,代码/构建定义已核对；HTTP 状态未验证，留 T20；生产配置/schema 未核验
R0439,/ja/apps,slashless variant,GET|HEAD,src/data/navigation.ts；src/components/HomeHeader.astro；src/components/HomeFooter.astro；站内语言/内容链接；外部推广链接未知,retire,—,被替代的旧公开栏目/介绍/文章/小说；新版上线后 410（无对应替代作品），从 sitemap 移除,静态 slash 需 ASSETS 存在才 301；音乐受独立 gate/302；待 T20,src/pages/ja/apps/index.astro:1; src/worker.js:23362,no,代码/构建定义已核对；HTTP 状态未验证，留 T20；生产配置/schema 未核验
R0440,/ja/apps/,static HTML; sitemap entry,GET|HEAD,src/data/navigation.ts；src/components/HomeHeader.astro；src/components/HomeFooter.astro；站内语言/内容链接；外部推广链接未知,retire,—,被替代的旧公开栏目/介绍/文章/小说；新版上线后 410（无对应替代作品），从 sitemap 移除,dist/index.html 已生成；Worker/Access 门禁可能先响应，不能认定 HTTP 200,src/pages/ja/apps/index.astro:1; scripts/generate-sitemap.mjs:11; scripts/generate-sitemap.mjs:99,yes,代码/构建定义已核对；HTTP 状态未验证，留 T20；生产配置/schema 未核验
R0441,/ja/apps/anytls-desktop-manager,Worker exact redirect,GET|HEAD,src/data/navigation.ts；src/components/HomeHeader.astro；src/components/HomeFooter.astro；站内语言/内容链接；外部推广链接未知,retire,—,被替代的旧公开栏目/介绍/文章/小说；新版上线后 410（无对应替代作品），从 sitemap 移除,现有 301 -> /ja/apps/nodepilot/,src/worker.js:22470,no,代码/构建定义已核对；HTTP 状态未验证，留 T20；生产配置/schema 未核验
R0442,/ja/apps/anytls-desktop-manager/,Worker exact redirect,GET|HEAD,src/data/navigation.ts；src/components/HomeHeader.astro；src/components/HomeFooter.astro；站内语言/内容链接；外部推广链接未知,retire,—,被替代的旧公开栏目/介绍/文章/小说；新版上线后 410（无对应替代作品），从 sitemap 移除,现有 301 -> /ja/apps/nodepilot/,src/worker.js:22471,no,代码/构建定义已核对；HTTP 状态未验证，留 T20；生产配置/schema 未核验
R0443,/ja/apps/caption-ai,slashless variant,GET|HEAD,src/data/navigation.ts；src/components/HomeHeader.astro；src/components/HomeFooter.astro；站内语言/内容链接；外部推广链接未知,retire,—,被替代的旧公开栏目/介绍/文章/小说；新版上线后 410（无对应替代作品），从 sitemap 移除,静态 slash 需 ASSETS 存在才 301；音乐受独立 gate/302；待 T20,src/pages/ja/apps/caption-ai/index.astro:1; src/worker.js:23362,no,代码/构建定义已核对；HTTP 状态未验证，留 T20；生产配置/schema 未核验
R0444,/ja/apps/caption-ai/,static HTML; sitemap entry,GET|HEAD,src/data/navigation.ts；src/components/HomeHeader.astro；src/components/HomeFooter.astro；站内语言/内容链接；外部推广链接未知,retire,—,被替代的旧公开栏目/介绍/文章/小说；新版上线后 410（无对应替代作品），从 sitemap 移除,dist/index.html 已生成；Worker/Access 门禁可能先响应，不能认定 HTTP 200,src/pages/ja/apps/caption-ai/index.astro:1; scripts/generate-sitemap.mjs:11; scripts/generate-sitemap.mjs:99,yes,代码/构建定义已核对；HTTP 状态未验证，留 T20；生产配置/schema 未核验
R0445,/ja/apps/caption-ai/android,slashless variant,GET|HEAD,src/data/navigation.ts；src/components/HomeHeader.astro；src/components/HomeFooter.astro；站内语言/内容链接；外部推广链接未知,service,/ja/apps/caption-ai/android/,政策、售后、下载、登录、会员、余额/支付服务；退出旧栏目导航不等于删除服务,静态 slash 需 ASSETS 存在才 301；音乐受独立 gate/302；待 T20,src/pages/ja/apps/caption-ai/android.astro:1; src/worker.js:23362,no,代码/构建定义已核对；HTTP 状态未验证，留 T20；生产配置/schema 未核验
R0446,/ja/apps/caption-ai/android/,static HTML; sitemap entry,GET|HEAD,src/data/navigation.ts；src/components/HomeHeader.astro；src/components/HomeFooter.astro；站内语言/内容链接；外部推广链接未知,service,/ja/apps/caption-ai/android/,政策、售后、下载、登录、会员、余额/支付服务；退出旧栏目导航不等于删除服务,dist/index.html 已生成；Worker/Access 门禁可能先响应，不能认定 HTTP 200,src/pages/ja/apps/caption-ai/android.astro:1; scripts/generate-sitemap.mjs:11; scripts/generate-sitemap.mjs:99,yes,代码/构建定义已核对；HTTP 状态未验证，留 T20；生产配置/schema 未核验
R0447,/ja/apps/caption-ai/download,slashless variant,GET|HEAD,下载组件与产品页；外部 App/历史下载链接（完整外链未获取）,service,/ja/apps/caption-ai/download/,政策、售后、下载、登录、会员、余额/支付服务；退出旧栏目导航不等于删除服务,静态 slash 需 ASSETS 存在才 301；音乐受独立 gate/302；待 T20,src/pages/ja/apps/caption-ai/download.astro:1; src/worker.js:23362,no,代码/构建定义已核对；HTTP 状态未验证，留 T20；生产配置/schema 未核验
R0448,/ja/apps/caption-ai/download/,static HTML; sitemap entry,GET|HEAD,下载组件与产品页；外部 App/历史下载链接（完整外链未获取）,service,/ja/apps/caption-ai/download/,政策、售后、下载、登录、会员、余额/支付服务；退出旧栏目导航不等于删除服务,dist/index.html 已生成；Worker/Access 门禁可能先响应，不能认定 HTTP 200,src/pages/ja/apps/caption-ai/download.astro:1; scripts/generate-sitemap.mjs:11; scripts/generate-sitemap.mjs:99,yes,代码/构建定义已核对；HTTP 状态未验证，留 T20；生产配置/schema 未核验
R0449,/ja/apps/caption-ai/privacy,slashless variant,GET|HEAD,src/data/navigation.ts；src/components/HomeHeader.astro；src/components/HomeFooter.astro；站内语言/内容链接；外部推广链接未知,service,/ja/apps/caption-ai/privacy/,政策、售后、下载、登录、会员、余额/支付服务；退出旧栏目导航不等于删除服务,静态 slash 需 ASSETS 存在才 301；音乐受独立 gate/302；待 T20,src/pages/ja/apps/caption-ai/privacy.astro:1; src/worker.js:23362,no,代码/构建定义已核对；HTTP 状态未验证，留 T20；生产配置/schema 未核验
R0450,/ja/apps/caption-ai/privacy/,static HTML; sitemap entry,GET|HEAD,src/data/navigation.ts；src/components/HomeHeader.astro；src/components/HomeFooter.astro；站内语言/内容链接；外部推广链接未知,service,/ja/apps/caption-ai/privacy/,政策、售后、下载、登录、会员、余额/支付服务；退出旧栏目导航不等于删除服务,dist/index.html 已生成；Worker/Access 门禁可能先响应，不能认定 HTTP 200,src/pages/ja/apps/caption-ai/privacy.astro:1; scripts/generate-sitemap.mjs:11; scripts/generate-sitemap.mjs:99,yes,代码/构建定义已核对；HTTP 状态未验证，留 T20；生产配置/schema 未核验
R0451,/ja/apps/caption-ai/support,slashless variant,GET|HEAD,src/data/navigation.ts；src/components/HomeHeader.astro；src/components/HomeFooter.astro；站内语言/内容链接；外部推广链接未知,service,/ja/apps/caption-ai/support/,政策、售后、下载、登录、会员、余额/支付服务；退出旧栏目导航不等于删除服务,静态 slash 需 ASSETS 存在才 301；音乐受独立 gate/302；待 T20,src/pages/ja/apps/caption-ai/support.astro:1; src/worker.js:23362,no,代码/构建定义已核对；HTTP 状态未验证，留 T20；生产配置/schema 未核验
R0452,/ja/apps/caption-ai/support/,static HTML; sitemap entry,GET|HEAD,src/data/navigation.ts；src/components/HomeHeader.astro；src/components/HomeFooter.astro；站内语言/内容链接；外部推广链接未知,service,/ja/apps/caption-ai/support/,政策、售后、下载、登录、会员、余额/支付服务；退出旧栏目导航不等于删除服务,dist/index.html 已生成；Worker/Access 门禁可能先响应，不能认定 HTTP 200,src/pages/ja/apps/caption-ai/support.astro:1; scripts/generate-sitemap.mjs:11; scripts/generate-sitemap.mjs:99,yes,代码/构建定义已核对；HTTP 状态未验证，留 T20；生产配置/schema 未核验
R0453,/ja/apps/caption-ai/terms,slashless variant,GET|HEAD,src/data/navigation.ts；src/components/HomeHeader.astro；src/components/HomeFooter.astro；站内语言/内容链接；外部推广链接未知,service,/ja/apps/caption-ai/terms/,政策、售后、下载、登录、会员、余额/支付服务；退出旧栏目导航不等于删除服务,静态 slash 需 ASSETS 存在才 301；音乐受独立 gate/302；待 T20,src/pages/ja/apps/caption-ai/terms.astro:1; src/worker.js:23362,no,代码/构建定义已核对；HTTP 状态未验证，留 T20；生产配置/schema 未核验
R0454,/ja/apps/caption-ai/terms/,static HTML; sitemap entry,GET|HEAD,src/data/navigation.ts；src/components/HomeHeader.astro；src/components/HomeFooter.astro；站内语言/内容链接；外部推广链接未知,service,/ja/apps/caption-ai/terms/,政策、售后、下载、登录、会员、余额/支付服务；退出旧栏目导航不等于删除服务,dist/index.html 已生成；Worker/Access 门禁可能先响应，不能认定 HTTP 200,src/pages/ja/apps/caption-ai/terms.astro:1; scripts/generate-sitemap.mjs:11; scripts/generate-sitemap.mjs:99,yes,代码/构建定义已核对；HTTP 状态未验证，留 T20；生产配置/schema 未核验
R0455,/ja/apps/cat-life-game,slashless variant,GET|HEAD,src/data/navigation.ts；src/components/HomeHeader.astro；src/components/HomeFooter.astro；站内语言/内容链接；外部推广链接未知,redirect,/ja/games/cat-life-game/,对应同一游戏介绍；拟定地址待 T12 实现；不能占用 /games/cat-life/,静态 slash 需 ASSETS 存在才 301；音乐受独立 gate/302；待 T20,src/pages/ja/apps/cat-life-game/index.astro:1; src/worker.js:23362,no,代码/构建定义已核对；HTTP 状态未验证，留 T20；生产配置/schema 未核验
R0456,/ja/apps/cat-life-game/,static HTML; sitemap entry,GET|HEAD,src/data/navigation.ts；src/components/HomeHeader.astro；src/components/HomeFooter.astro；站内语言/内容链接；外部推广链接未知,redirect,/ja/games/cat-life-game/,对应同一游戏介绍；拟定地址待 T12 实现；不能占用 /games/cat-life/,dist/index.html 已生成；Worker/Access 门禁可能先响应，不能认定 HTTP 200,src/pages/ja/apps/cat-life-game/index.astro:1; scripts/generate-sitemap.mjs:11; scripts/generate-sitemap.mjs:99,yes,代码/构建定义已核对；HTTP 状态未验证，留 T20；生产配置/schema 未核验
R0457,/ja/apps/mindbudget,slashless variant,GET|HEAD,src/data/navigation.ts；src/components/HomeHeader.astro；src/components/HomeFooter.astro；站内语言/内容链接；外部推广链接未知,retire,—,被替代的旧公开栏目/介绍/文章/小说；新版上线后 410（无对应替代作品），从 sitemap 移除,静态 slash 需 ASSETS 存在才 301；音乐受独立 gate/302；待 T20,src/pages/ja/apps/mindbudget/index.astro:1; src/worker.js:23362,no,代码/构建定义已核对；HTTP 状态未验证，留 T20；生产配置/schema 未核验
R0458,/ja/apps/mindbudget/,static HTML; sitemap entry,GET|HEAD,src/data/navigation.ts；src/components/HomeHeader.astro；src/components/HomeFooter.astro；站内语言/内容链接；外部推广链接未知,retire,—,被替代的旧公开栏目/介绍/文章/小说；新版上线后 410（无对应替代作品），从 sitemap 移除,dist/index.html 已生成；Worker/Access 门禁可能先响应，不能认定 HTTP 200,src/pages/ja/apps/mindbudget/index.astro:1; scripts/generate-sitemap.mjs:11; scripts/generate-sitemap.mjs:99,yes,代码/构建定义已核对；HTTP 状态未验证，留 T20；生产配置/schema 未核验
R0459,/ja/apps/mindbudget/download,slashless variant,GET|HEAD,下载组件与产品页；外部 App/历史下载链接（完整外链未获取）,service,/ja/apps/mindbudget/download/,政策、售后、下载、登录、会员、余额/支付服务；退出旧栏目导航不等于删除服务,静态 slash 需 ASSETS 存在才 301；音乐受独立 gate/302；待 T20,src/pages/ja/apps/mindbudget/download.astro:1; src/worker.js:23362,no,代码/构建定义已核对；HTTP 状态未验证，留 T20；生产配置/schema 未核验
R0460,/ja/apps/mindbudget/download/,static HTML; sitemap entry,GET|HEAD,下载组件与产品页；外部 App/历史下载链接（完整外链未获取）,service,/ja/apps/mindbudget/download/,政策、售后、下载、登录、会员、余额/支付服务；退出旧栏目导航不等于删除服务,dist/index.html 已生成；Worker/Access 门禁可能先响应，不能认定 HTTP 200,src/pages/ja/apps/mindbudget/download.astro:1; scripts/generate-sitemap.mjs:11; scripts/generate-sitemap.mjs:99,yes,代码/构建定义已核对；HTTP 状态未验证，留 T20；生产配置/schema 未核验
R0461,/ja/apps/mindbudget/privacy,slashless variant,GET|HEAD,src/data/navigation.ts；src/components/HomeHeader.astro；src/components/HomeFooter.astro；站内语言/内容链接；外部推广链接未知,service,/ja/apps/mindbudget/privacy/,政策、售后、下载、登录、会员、余额/支付服务；退出旧栏目导航不等于删除服务,静态 slash 需 ASSETS 存在才 301；音乐受独立 gate/302；待 T20,src/pages/ja/apps/mindbudget/privacy.astro:1; src/worker.js:23362,no,代码/构建定义已核对；HTTP 状态未验证，留 T20；生产配置/schema 未核验
R0462,/ja/apps/mindbudget/privacy/,static HTML; sitemap entry,GET|HEAD,src/data/navigation.ts；src/components/HomeHeader.astro；src/components/HomeFooter.astro；站内语言/内容链接；外部推广链接未知,service,/ja/apps/mindbudget/privacy/,政策、售后、下载、登录、会员、余额/支付服务；退出旧栏目导航不等于删除服务,dist/index.html 已生成；Worker/Access 门禁可能先响应，不能认定 HTTP 200,src/pages/ja/apps/mindbudget/privacy.astro:1; scripts/generate-sitemap.mjs:11; scripts/generate-sitemap.mjs:99,yes,代码/构建定义已核对；HTTP 状态未验证，留 T20；生产配置/schema 未核验
R0463,/ja/apps/mindbudget/support,slashless variant,GET|HEAD,src/data/navigation.ts；src/components/HomeHeader.astro；src/components/HomeFooter.astro；站内语言/内容链接；外部推广链接未知,service,/ja/apps/mindbudget/support/,政策、售后、下载、登录、会员、余额/支付服务；退出旧栏目导航不等于删除服务,静态 slash 需 ASSETS 存在才 301；音乐受独立 gate/302；待 T20,src/pages/ja/apps/mindbudget/support.astro:1; src/worker.js:23362,no,代码/构建定义已核对；HTTP 状态未验证，留 T20；生产配置/schema 未核验
R0464,/ja/apps/mindbudget/support/,static HTML; sitemap entry,GET|HEAD,src/data/navigation.ts；src/components/HomeHeader.astro；src/components/HomeFooter.astro；站内语言/内容链接；外部推广链接未知,service,/ja/apps/mindbudget/support/,政策、售后、下载、登录、会员、余额/支付服务；退出旧栏目导航不等于删除服务,dist/index.html 已生成；Worker/Access 门禁可能先响应，不能认定 HTTP 200,src/pages/ja/apps/mindbudget/support.astro:1; scripts/generate-sitemap.mjs:11; scripts/generate-sitemap.mjs:99,yes,代码/构建定义已核对；HTTP 状态未验证，留 T20；生产配置/schema 未核验
R0465,/ja/apps/nodepilot,slashless variant,GET|HEAD,src/data/navigation.ts；src/components/HomeHeader.astro；src/components/HomeFooter.astro；站内语言/内容链接；外部推广链接未知,retire,—,被替代的旧公开栏目/介绍/文章/小说；新版上线后 410（无对应替代作品），从 sitemap 移除,静态 slash 需 ASSETS 存在才 301；音乐受独立 gate/302；待 T20,src/pages/ja/apps/nodepilot/index.astro:1; src/worker.js:23362,no,代码/构建定义已核对；HTTP 状态未验证，留 T20；生产配置/schema 未核验
R0466,/ja/apps/nodepilot/,static HTML; sitemap entry,GET|HEAD,src/data/navigation.ts；src/components/HomeHeader.astro；src/components/HomeFooter.astro；站内语言/内容链接；外部推广链接未知,retire,—,被替代的旧公开栏目/介绍/文章/小说；新版上线后 410（无对应替代作品），从 sitemap 移除,dist/index.html 已生成；Worker/Access 门禁可能先响应，不能认定 HTTP 200,src/pages/ja/apps/nodepilot/index.astro:1; scripts/generate-sitemap.mjs:11; scripts/generate-sitemap.mjs:99,yes,代码/构建定义已核对；HTTP 状态未验证，留 T20；生产配置/schema 未核验
R0467,/ja/apps/novelforge-ai,slashless variant,GET|HEAD,src/data/navigation.ts；src/components/HomeHeader.astro；src/components/HomeFooter.astro；站内语言/内容链接；外部推广链接未知,retire,—,被替代的旧公开栏目/介绍/文章/小说；新版上线后 410（无对应替代作品），从 sitemap 移除,静态 slash 需 ASSETS 存在才 301；音乐受独立 gate/302；待 T20,src/pages/ja/apps/novelforge-ai/index.astro:1; src/worker.js:23362,no,代码/构建定义已核对；HTTP 状态未验证，留 T20；生产配置/schema 未核验
R0468,/ja/apps/novelforge-ai/,static HTML; sitemap entry,GET|HEAD,src/data/navigation.ts；src/components/HomeHeader.astro；src/components/HomeFooter.astro；站内语言/内容链接；外部推广链接未知,retire,—,被替代的旧公开栏目/介绍/文章/小说；新版上线后 410（无对应替代作品），从 sitemap 移除,dist/index.html 已生成；Worker/Access 门禁可能先响应，不能认定 HTTP 200,src/pages/ja/apps/novelforge-ai/index.astro:1; scripts/generate-sitemap.mjs:11; scripts/generate-sitemap.mjs:99,yes,代码/构建定义已核对；HTTP 状态未验证，留 T20；生产配置/schema 未核验
R0469,/ja/apps/novelforge-ai/download,slashless variant,GET|HEAD,下载组件与产品页；外部 App/历史下载链接（完整外链未获取）,service,/ja/apps/novelforge-ai/download/,政策、售后、下载、登录、会员、余额/支付服务；退出旧栏目导航不等于删除服务,静态 slash 需 ASSETS 存在才 301；音乐受独立 gate/302；待 T20,src/pages/ja/apps/novelforge-ai/download.astro:1; src/worker.js:23362,no,代码/构建定义已核对；HTTP 状态未验证，留 T20；生产配置/schema 未核验
R0470,/ja/apps/novelforge-ai/download/,static HTML; sitemap entry,GET|HEAD,下载组件与产品页；外部 App/历史下载链接（完整外链未获取）,service,/ja/apps/novelforge-ai/download/,政策、售后、下载、登录、会员、余额/支付服务；退出旧栏目导航不等于删除服务,dist/index.html 已生成；Worker/Access 门禁可能先响应，不能认定 HTTP 200,src/pages/ja/apps/novelforge-ai/download.astro:1; scripts/generate-sitemap.mjs:11; scripts/generate-sitemap.mjs:99,yes,代码/构建定义已核对；HTTP 状态未验证，留 T20；生产配置/schema 未核验
R0471,/ja/apps/privatepinyin,slashless variant,GET|HEAD,src/data/navigation.ts；src/components/HomeHeader.astro；src/components/HomeFooter.astro；站内语言/内容链接；外部推广链接未知,retire,—,被替代的旧公开栏目/介绍/文章/小说；新版上线后 410（无对应替代作品），从 sitemap 移除,静态 slash 需 ASSETS 存在才 301；音乐受独立 gate/302；待 T20,src/pages/ja/apps/privatepinyin/index.astro:1; src/worker.js:23362,no,代码/构建定义已核对；HTTP 状态未验证，留 T20；生产配置/schema 未核验
R0472,/ja/apps/privatepinyin/,static HTML; sitemap entry,GET|HEAD,src/data/navigation.ts；src/components/HomeHeader.astro；src/components/HomeFooter.astro；站内语言/内容链接；外部推广链接未知,retire,—,被替代的旧公开栏目/介绍/文章/小说；新版上线后 410（无对应替代作品），从 sitemap 移除,dist/index.html 已生成；Worker/Access 门禁可能先响应，不能认定 HTTP 200,src/pages/ja/apps/privatepinyin/index.astro:1; scripts/generate-sitemap.mjs:11; scripts/generate-sitemap.mjs:99,yes,代码/构建定义已核对；HTTP 状态未验证，留 T20；生产配置/schema 未核验
R0473,/ja/apps/privatepinyin/download,slashless variant,GET|HEAD,下载组件与产品页；外部 App/历史下载链接（完整外链未获取）,service,/ja/apps/privatepinyin/download/,政策、售后、下载、登录、会员、余额/支付服务；退出旧栏目导航不等于删除服务,静态 slash 需 ASSETS 存在才 301；音乐受独立 gate/302；待 T20,src/pages/ja/apps/privatepinyin/download.astro:1; src/worker.js:23362,no,代码/构建定义已核对；HTTP 状态未验证，留 T20；生产配置/schema 未核验
R0474,/ja/apps/privatepinyin/download/,static HTML; sitemap entry,GET|HEAD,下载组件与产品页；外部 App/历史下载链接（完整外链未获取）,service,/ja/apps/privatepinyin/download/,政策、售后、下载、登录、会员、余额/支付服务；退出旧栏目导航不等于删除服务,dist/index.html 已生成；Worker/Access 门禁可能先响应，不能认定 HTTP 200,src/pages/ja/apps/privatepinyin/download.astro:1; scripts/generate-sitemap.mjs:11; scripts/generate-sitemap.mjs:99,yes,代码/构建定义已核对；HTTP 状态未验证，留 T20；生产配置/schema 未核验
R0475,/ja/apps/privatepinyin/privacy,slashless variant,GET|HEAD,src/data/navigation.ts；src/components/HomeHeader.astro；src/components/HomeFooter.astro；站内语言/内容链接；外部推广链接未知,service,/ja/apps/privatepinyin/privacy/,政策、售后、下载、登录、会员、余额/支付服务；退出旧栏目导航不等于删除服务,静态 slash 需 ASSETS 存在才 301；音乐受独立 gate/302；待 T20,src/pages/ja/apps/privatepinyin/privacy.astro:1; src/worker.js:23362,no,代码/构建定义已核对；HTTP 状态未验证，留 T20；生产配置/schema 未核验
R0476,/ja/apps/privatepinyin/privacy/,static HTML; sitemap entry,GET|HEAD,src/data/navigation.ts；src/components/HomeHeader.astro；src/components/HomeFooter.astro；站内语言/内容链接；外部推广链接未知,service,/ja/apps/privatepinyin/privacy/,政策、售后、下载、登录、会员、余额/支付服务；退出旧栏目导航不等于删除服务,dist/index.html 已生成；Worker/Access 门禁可能先响应，不能认定 HTTP 200,src/pages/ja/apps/privatepinyin/privacy.astro:1; scripts/generate-sitemap.mjs:11; scripts/generate-sitemap.mjs:99,yes,代码/构建定义已核对；HTTP 状态未验证，留 T20；生产配置/schema 未核验
R0477,/ja/apps/privatepinyin/support,slashless variant,GET|HEAD,src/data/navigation.ts；src/components/HomeHeader.astro；src/components/HomeFooter.astro；站内语言/内容链接；外部推广链接未知,service,/ja/apps/privatepinyin/support/,政策、售后、下载、登录、会员、余额/支付服务；退出旧栏目导航不等于删除服务,静态 slash 需 ASSETS 存在才 301；音乐受独立 gate/302；待 T20,src/pages/ja/apps/privatepinyin/support.astro:1; src/worker.js:23362,no,代码/构建定义已核对；HTTP 状态未验证，留 T20；生产配置/schema 未核验
R0478,/ja/apps/privatepinyin/support/,static HTML; sitemap entry,GET|HEAD,src/data/navigation.ts；src/components/HomeHeader.astro；src/components/HomeFooter.astro；站内语言/内容链接；外部推广链接未知,service,/ja/apps/privatepinyin/support/,政策、售后、下载、登录、会员、余额/支付服务；退出旧栏目导航不等于删除服务,dist/index.html 已生成；Worker/Access 门禁可能先响应，不能认定 HTTP 200,src/pages/ja/apps/privatepinyin/support.astro:1; scripts/generate-sitemap.mjs:11; scripts/generate-sitemap.mjs:99,yes,代码/构建定义已核对；HTTP 状态未验证，留 T20；生产配置/schema 未核验
R0479,/ja/apps/simplecut-pro,slashless variant,GET|HEAD,src/data/navigation.ts；src/components/HomeHeader.astro；src/components/HomeFooter.astro；站内语言/内容链接；外部推广链接未知,retire,—,被替代的旧公开栏目/介绍/文章/小说；新版上线后 410（无对应替代作品），从 sitemap 移除,静态 slash 需 ASSETS 存在才 301；音乐受独立 gate/302；待 T20,src/pages/ja/apps/simplecut-pro/index.astro:1; src/worker.js:23362,no,代码/构建定义已核对；HTTP 状态未验证，留 T20；生产配置/schema 未核验
R0480,/ja/apps/simplecut-pro/,static HTML; sitemap entry,GET|HEAD,src/data/navigation.ts；src/components/HomeHeader.astro；src/components/HomeFooter.astro；站内语言/内容链接；外部推广链接未知,retire,—,被替代的旧公开栏目/介绍/文章/小说；新版上线后 410（无对应替代作品），从 sitemap 移除,dist/index.html 已生成；Worker/Access 门禁可能先响应，不能认定 HTTP 200,src/pages/ja/apps/simplecut-pro/index.astro:1; scripts/generate-sitemap.mjs:11; scripts/generate-sitemap.mjs:99,yes,代码/构建定义已核对；HTTP 状态未验证，留 T20；生产配置/schema 未核验
R0481,/ja/apps/simplecut-pro/download,slashless variant,GET|HEAD,下载组件与产品页；外部 App/历史下载链接（完整外链未获取）,service,/ja/apps/simplecut-pro/download/,政策、售后、下载、登录、会员、余额/支付服务；退出旧栏目导航不等于删除服务,静态 slash 需 ASSETS 存在才 301；音乐受独立 gate/302；待 T20,src/pages/ja/apps/simplecut-pro/download.astro:1; src/worker.js:23362,no,代码/构建定义已核对；HTTP 状态未验证，留 T20；生产配置/schema 未核验
R0482,/ja/apps/simplecut-pro/download/,static HTML; sitemap entry,GET|HEAD,下载组件与产品页；外部 App/历史下载链接（完整外链未获取）,service,/ja/apps/simplecut-pro/download/,政策、售后、下载、登录、会员、余额/支付服务；退出旧栏目导航不等于删除服务,dist/index.html 已生成；Worker/Access 门禁可能先响应，不能认定 HTTP 200,src/pages/ja/apps/simplecut-pro/download.astro:1; scripts/generate-sitemap.mjs:11; scripts/generate-sitemap.mjs:99,yes,代码/构建定义已核对；HTTP 状态未验证，留 T20；生产配置/schema 未核验
R0483,/ja/devlog,slashless variant; dynamic slashless family,GET|HEAD,src/data/navigation.ts；src/components/HomeHeader.astro；src/components/HomeFooter.astro；站内语言/内容链接；外部推广链接未知,retire,—,被替代的旧公开栏目/介绍/文章/小说；新版上线后 410（无对应替代作品），从 sitemap 移除,现有永久补斜线跳转；未来在退出规则前阻止旧公开跳转链,src/pages/[locale]/devlog/index.astro:1; src/worker.js:23362; src/worker.js:22474,no,代码/构建定义已核对；HTTP 状态未验证，留 T20；生产配置/schema 未核验
R0484,/ja/devlog/,static HTML; dynamic public family,GET|HEAD,src/data/navigation.ts；src/components/HomeHeader.astro；src/components/HomeFooter.astro；站内语言/内容链接；外部推广链接未知,retire,—,被替代的旧公开栏目/介绍/文章/小说；新版上线后 410（无对应替代作品），从 sitemap 移除,按语言和 slug 动态解析；D1 实际 slug 未获取,src/pages/[locale]/devlog/index.astro:1; src/worker.js:18969; src/worker.js:21501,no,代码/构建定义已核对；HTTP 状态未验证，留 T20；生产配置/schema 未核验
R0485,/ja/devlog/2026-05-17-snapcopy-testing,slashless variant,GET|HEAD,src/data/navigation.ts；src/components/HomeHeader.astro；src/components/HomeFooter.astro；站内语言/内容链接；外部推广链接未知,retire,—,被替代的旧公开栏目/介绍/文章/小说；新版上线后 410（无对应替代作品），从 sitemap 移除,静态 slash 需 ASSETS 存在才 301；音乐受独立 gate/302；待 T20,src/pages/[locale]/devlog/[slug].astro:1; src/worker.js:23362,no,代码/构建定义已核对；HTTP 状态未验证，留 T20；生产配置/schema 未核验
R0486,/ja/devlog/2026-05-17-snapcopy-testing/,static HTML,GET|HEAD,src/data/navigation.ts；src/components/HomeHeader.astro；src/components/HomeFooter.astro；站内语言/内容链接；外部推广链接未知,retire,—,被替代的旧公开栏目/介绍/文章/小说；新版上线后 410（无对应替代作品），从 sitemap 移除,dist/index.html 已生成；Worker/Access 门禁可能先响应，不能认定 HTTP 200,src/pages/[locale]/devlog/[slug].astro:1,no,代码/构建定义已核对；HTTP 状态未验证，留 T20；生产配置/schema 未核验
R0487,/ja/devlog/2026-05-17-station-cat-homepage,slashless variant,GET|HEAD,src/data/navigation.ts；src/components/HomeHeader.astro；src/components/HomeFooter.astro；站内语言/内容链接；外部推广链接未知,retire,—,被替代的旧公开栏目/介绍/文章/小说；新版上线后 410（无对应替代作品），从 sitemap 移除,静态 slash 需 ASSETS 存在才 301；音乐受独立 gate/302；待 T20,src/pages/[locale]/devlog/[slug].astro:1; src/worker.js:23362,no,代码/构建定义已核对；HTTP 状态未验证，留 T20；生产配置/schema 未核验
R0488,/ja/devlog/2026-05-17-station-cat-homepage/,static HTML,GET|HEAD,src/data/navigation.ts；src/components/HomeHeader.astro；src/components/HomeFooter.astro；站内语言/内容链接；外部推广链接未知,retire,—,被替代的旧公开栏目/介绍/文章/小说；新版上线后 410（无对应替代作品），从 sitemap 移除,dist/index.html 已生成；Worker/Access 门禁可能先响应，不能认定 HTTP 200,src/pages/[locale]/devlog/[slug].astro:1,no,代码/构建定义已核对；HTTP 状态未验证，留 T20；生产配置/schema 未核验
R0489,/ja/devlog/2026-05-19-snapcopy-v1-4-devlog,slashless variant,GET|HEAD,src/data/navigation.ts；src/components/HomeHeader.astro；src/components/HomeFooter.astro；站内语言/内容链接；外部推广链接未知,retire,—,被替代的旧公开栏目/介绍/文章/小说；新版上线后 410（无对应替代作品），从 sitemap 移除,静态 slash 需 ASSETS 存在才 301；音乐受独立 gate/302；待 T20,src/pages/[locale]/devlog/[slug].astro:1; src/worker.js:23362,no,代码/构建定义已核对；HTTP 状态未验证，留 T20；生产配置/schema 未核验
R0490,/ja/devlog/2026-05-19-snapcopy-v1-4-devlog/,static HTML,GET|HEAD,src/data/navigation.ts；src/components/HomeHeader.astro；src/components/HomeFooter.astro；站内语言/内容链接；外部推广链接未知,retire,—,被替代的旧公开栏目/介绍/文章/小说；新版上线后 410（无对应替代作品），从 sitemap 移除,dist/index.html 已生成；Worker/Access 门禁可能先响应，不能认定 HTTP 200,src/pages/[locale]/devlog/[slug].astro:1,no,代码/构建定义已核对；HTTP 状态未验证，留 T20；生产配置/schema 未核验
R0491,/ja/devlog/2026-05-31-snapcopy-v1-64-devlog,slashless variant,GET|HEAD,src/data/navigation.ts；src/components/HomeHeader.astro；src/components/HomeFooter.astro；站内语言/内容链接；外部推广链接未知,retire,—,被替代的旧公开栏目/介绍/文章/小说；新版上线后 410（无对应替代作品），从 sitemap 移除,静态 slash 需 ASSETS 存在才 301；音乐受独立 gate/302；待 T20,src/pages/[locale]/devlog/[slug].astro:1; src/worker.js:23362,no,代码/构建定义已核对；HTTP 状态未验证，留 T20；生产配置/schema 未核验
R0492,/ja/devlog/2026-05-31-snapcopy-v1-64-devlog/,static HTML,GET|HEAD,src/data/navigation.ts；src/components/HomeHeader.astro；src/components/HomeFooter.astro；站内语言/内容链接；外部推广链接未知,retire,—,被替代的旧公开栏目/介绍/文章/小说；新版上线后 410（无对应替代作品），从 sitemap 移除,dist/index.html 已生成；Worker/Access 门禁可能先响应，不能认定 HTTP 200,src/pages/[locale]/devlog/[slug].astro:1,no,代码/构建定义已核对；HTTP 状态未验证，留 T20；生产配置/schema 未核验
R0493,/ja/devlog/2026-06-14-simplecut-pro-user-first-video-editing,slashless variant,GET|HEAD,src/data/navigation.ts；src/components/HomeHeader.astro；src/components/HomeFooter.astro；站内语言/内容链接；外部推广链接未知,retire,—,被替代的旧公开栏目/介绍/文章/小说；新版上线后 410（无对应替代作品），从 sitemap 移除,静态 slash 需 ASSETS 存在才 301；音乐受独立 gate/302；待 T20,src/pages/[locale]/devlog/[slug].astro:1; src/worker.js:23362,no,代码/构建定义已核对；HTTP 状态未验证，留 T20；生产配置/schema 未核验
R0494,/ja/devlog/2026-06-14-simplecut-pro-user-first-video-editing/,static HTML,GET|HEAD,src/data/navigation.ts；src/components/HomeHeader.astro；src/components/HomeFooter.astro；站内语言/内容链接；外部推广链接未知,retire,—,被替代的旧公开栏目/介绍/文章/小说；新版上线后 410（无对应替代作品），从 sitemap 移除,dist/index.html 已生成；Worker/Access 门禁可能先响应，不能认定 HTTP 200,src/pages/[locale]/devlog/[slug].astro:1,no,代码/构建定义已核对；HTTP 状态未验证，留 T20；生产配置/schema 未核验
R0495,/ja/devlog/:slug,dynamic slashless family,GET|HEAD,src/data/navigation.ts；src/components/HomeHeader.astro；src/components/HomeFooter.astro；站内语言/内容链接；外部推广链接未知,retire,—,被替代的旧公开栏目/介绍/文章/小说；新版上线后 410（无对应替代作品），从 sitemap 移除,现有永久补斜线跳转；未来在退出规则前阻止旧公开跳转链,src/worker.js:22474,no,代码/构建定义已核对；HTTP 状态未验证，留 T20；生产配置/schema 未核验
R0496,/ja/devlog/:slug/,dynamic public family,GET|HEAD,src/data/navigation.ts；src/components/HomeHeader.astro；src/components/HomeFooter.astro；站内语言/内容链接；外部推广链接未知,retire,—,被替代的旧公开栏目/介绍/文章/小说；新版上线后 410（无对应替代作品），从 sitemap 移除,按语言和 slug 动态解析；D1 实际 slug 未获取,src/worker.js:18969; src/worker.js:21501,no,代码/构建定义已核对；HTTP 状态未验证，留 T20；生产配置/schema 未核验
R0497,/ja/library,slashless variant,GET|HEAD,src/data/navigation.ts；src/components/HomeHeader.astro；src/components/HomeFooter.astro；站内语言/内容链接；外部推广链接未知,service,/ja/library/,政策、售后、下载、登录、会员、余额/支付服务；退出旧栏目导航不等于删除服务,静态 slash 需 ASSETS 存在才 301；音乐受独立 gate/302；待 T20,src/pages/ja/library/index.astro:1; src/worker.js:23362,no,代码/构建定义已核对；HTTP 状态未验证，留 T20；生产配置/schema 未核验
R0498,/ja/library/,static HTML,GET|HEAD,public/games/cat-life/cloud-sync.js:207; public/games/cat-life/commerce.js:251; public/games/cat-life/site-integration.js:39; src/components/Footer.astro:22; src/components/SerialsHubPage.astro:49; src/data/navigation.ts:47,service,/ja/library/,政策、售后、下载、登录、会员、余额/支付服务；退出旧栏目导航不等于删除服务,dist/index.html 已生成；Worker/Access 门禁可能先响应，不能认定 HTTP 200,src/pages/ja/library/index.astro:1,no,代码/构建定义已核对；HTTP 状态未验证，留 T20；生产配置/schema 未核验
R0499,/ja/music,slashless variant; music slashless,GET|HEAD,src/data/navigation.ts；src/components/HomeHeader.astro；src/components/HomeFooter.astro；站内语言/内容链接；外部推广链接未知,redirect,/ja/music/,按音乐 handler gate 后执行无斜线规范化,静态 slash 需 ASSETS 存在才 301；音乐受独立 gate/302；待 T20,src/pages/ja/music/index.astro:1; src/worker.js:23362; src/music/pagePaths.js:2; src/music/pageHttp.js:19,no,代码/构建定义已核对；HTTP 状态未验证，留 T20；生产配置/schema 未核验
R0500,/ja/music/,static HTML; music alias/query/descendant,GET|HEAD,src/data/navigation.ts；src/components/HomeHeader.astro；src/components/HomeFooter.astro；站内语言/内容链接；外部推广链接未知,keep,/ja/music/,音乐根页面继续；别名和无斜线按原语言规范化；运行开关仍有效,gate 未启用先 503；gate 启用后根页面/别名 302/ASSETS，未知后代 404,src/pages/ja/music/index.astro:1; src/music/pagePaths.js:3; src/music/pageHttp.js:17,no,代码/构建定义已核对；HTTP 状态未验证，留 T20；生产配置/schema 未核验
R0501,/ja/music/:legacyDescendant/*,music alias/query/descendant,GET|HEAD,src/data/navigation.ts；src/components/HomeHeader.astro；src/components/HomeFooter.astro；站内语言/内容链接；外部推广链接未知,retire,404 仅用于无法映射的遗留后代；新详情路由例外,namespace 匹配不代表现有详情页；不能关闭将实现的 /music/tracks/:slug/；不猜测 slug 存在,gate 未启用先 503；gate 启用后根页面/别名 302/ASSETS，未知后代 404,src/music/pagePaths.js:3; src/music/pageHttp.js:17,no,代码/构建定义已核对；HTTP 状态未验证，留 T20；生产配置/schema 未核验
R0502,/ja/music/?collection=:slug,music alias/query/descendant,GET|HEAD,src/data/navigation.ts；src/components/HomeHeader.astro；src/components/HomeFooter.astro；站内语言/内容链接；外部推广链接未知,service,/ja/music/?collection=:slug,保留有效合集选择与原生合集能力；本期没有新的合集详情路由规格，不能强行跳到单曲或通用首页；失效实体沿用真实错误,gate 未启用先 503；gate 启用后根页面/别名 302/ASSETS，未知后代 404,src/music/pagePaths.js:3; src/music/pageHttp.js:17,no,代码/构建定义已核对；HTTP 状态未验证，留 T20；生产配置/schema 未核验
R0503,/ja/music/?track=:trackId,music alias/query/descendant,GET|HEAD,src/data/navigation.ts；src/components/HomeHeader.astro；src/components/HomeFooter.astro；站内语言/内容链接；外部推广链接未知,redirect,待 T06/T09：稳定 track ID 映射到同歌曲 /music/tracks/:slug/ 的对应语言地址；不存在/不公开才 404,真实 ID/slug 映射尚未核验；有效记录暂不能解析新 slug 时保持兼容或报告阻塞，不自动按不存在处理,gate 未启用先 503；gate 启用后根页面/别名 302/ASSETS，未知后代 404,src/music/pagePaths.js:3; src/music/pageHttp.js:17,no,代码/构建定义已核对；HTTP 状态未验证，留 T20；生产配置/schema 未核验
R0504,/ja/music?collection=:slug,music slashless query,GET|HEAD,src/data/navigation.ts；src/components/HomeHeader.astro；src/components/HomeFooter.astro；站内语言/内容链接；外部推广链接未知,redirect,/ja/music/?collection=:slug,规范化保留合法唯一的选择参数及实体/语言；单曲等 T06/T09 映射，合集继续兼容，不丢弃 query,gate 未启用先 503；启用后 302 到 musicPageHref 规范地址,src/music/pagePaths.js:10; src/music/pageHttp.js:19,no,代码/构建定义已核对；HTTP 状态未验证，留 T20；生产配置/schema 未核验
R0505,/ja/music?track=:trackId,music slashless query,GET|HEAD,src/data/navigation.ts；src/components/HomeHeader.astro；src/components/HomeFooter.astro；站内语言/内容链接；外部推广链接未知,redirect,待稳定 ID 映射到同歌曲的语言详情地址；未知实体才 404,规范化保留合法唯一的选择参数及实体/语言；单曲等 T06/T09 映射，合集继续兼容，不丢弃 query,gate 未启用先 503；启用后 302 到 musicPageHref 规范地址,src/music/pagePaths.js:10; src/music/pageHttp.js:19,no,代码/构建定义已核对；HTTP 状态未验证，留 T20；生产配置/schema 未核验
R0506,/ja/novel/*,unsupported novel prefix,GET|HEAD,src/data/navigation.ts；src/components/HomeHeader.astro；src/components/HomeFooter.astro；站内语言/内容链接；外部推广链接未知,retire,404,当前 novel parser 只承认无前缀繁体和 en；记录语言候选/失效旧链，不写成有效页面,见源代码；不是线上 HTTP 记录,src/worker.js:18994,no,代码/构建定义已核对；HTTP 状态未验证，留 T20；生产配置/schema 未核验
R0507,/ja/points,slashless variant,GET|HEAD,src/data/navigation.ts；src/components/HomeHeader.astro；src/components/HomeFooter.astro；站内语言/内容链接；外部推广链接未知,service,/ja/points/,政策、售后、下载、登录、会员、余额/支付服务；退出旧栏目导航不等于删除服务,静态 slash 需 ASSETS 存在才 301；音乐受独立 gate/302；待 T20,src/pages/ja/points.astro:1; src/worker.js:23362,no,代码/构建定义已核对；HTTP 状态未验证，留 T20；生产配置/schema 未核验
R0508,/ja/points/,static HTML; sitemap entry,GET|HEAD,public/games/cat-life/commerce.js:259; src/components/Footer.astro:23; src/components/GeneralLegalIndex.astro:40; src/components/ReaderLibraryPage.astro:24; src/data/navigation.ts:44; src/data/products/station-points.ts:7,service,/ja/points/,政策、售后、下载、登录、会员、余额/支付服务；退出旧栏目导航不等于删除服务,dist/index.html 已生成；Worker/Access 门禁可能先响应，不能认定 HTTP 200,src/pages/ja/points.astro:1; scripts/generate-sitemap.mjs:11; scripts/generate-sitemap.mjs:99,yes,代码/构建定义已核对；HTTP 状态未验证，留 T20；生产配置/schema 未核验
R0509,/ja/privacy,slashless variant,GET|HEAD,src/data/navigation.ts；src/components/HomeHeader.astro；src/components/HomeFooter.astro；站内语言/内容链接；外部推广链接未知,service,/ja/privacy/,政策、售后、下载、登录、会员、余额/支付服务；退出旧栏目导航不等于删除服务,静态 slash 需 ASSETS 存在才 301；音乐受独立 gate/302；待 T20,src/pages/ja/privacy.astro:1; src/worker.js:23362,no,代码/构建定义已核对；HTTP 状态未验证，留 T20；生产配置/schema 未核验
R0510,/ja/privacy/,static HTML; sitemap entry,GET|HEAD,src/data/navigation.ts；src/components/HomeHeader.astro；src/components/HomeFooter.astro；站内语言/内容链接；外部推广链接未知,service,/ja/privacy/,政策、售后、下载、登录、会员、余额/支付服务；退出旧栏目导航不等于删除服务,dist/index.html 已生成；Worker/Access 门禁可能先响应，不能认定 HTTP 200,src/pages/ja/privacy.astro:1; scripts/generate-sitemap.mjs:11; scripts/generate-sitemap.mjs:99,yes,代码/构建定义已核对；HTTP 状态未验证，留 T20；生产配置/schema 未核验
R0511,/ja/signal,dynamic slashless family,GET|HEAD,src/data/navigation.ts；src/components/HomeHeader.astro；src/components/HomeFooter.astro；站内语言/内容链接；外部推广链接未知,retire,—,被替代的旧公开栏目/介绍/文章/小说；新版上线后 410（无对应替代作品），从 sitemap 移除,现有永久补斜线跳转；未来在退出规则前阻止旧公开跳转链,src/worker.js:22474,no,代码/构建定义已核对；HTTP 状态未验证，留 T20；生产配置/schema 未核验
R0512,/ja/signal/,sitemap entry; dynamic public family,GET|HEAD,src/data/navigation.ts；src/components/HomeHeader.astro；src/components/HomeFooter.astro；站内语言/内容链接；外部推广链接未知,retire,—,被替代的旧公开栏目/介绍/文章/小说；新版上线后 410（无对应替代作品），从 sitemap 移除,按语言和 slug 动态解析；D1 实际 slug 未获取,scripts/generate-sitemap.mjs:11; scripts/generate-sitemap.mjs:99; src/worker.js:18969; src/worker.js:21501,yes,代码/构建定义已核对；HTTP 状态未验证，留 T20；生产配置/schema 未核验
R0513,/ja/signal/:slug,dynamic slashless family,GET|HEAD,src/data/navigation.ts；src/components/HomeHeader.astro；src/components/HomeFooter.astro；站内语言/内容链接；外部推广链接未知,retire,—,被替代的旧公开栏目/介绍/文章/小说；新版上线后 410（无对应替代作品），从 sitemap 移除,现有永久补斜线跳转；未来在退出规则前阻止旧公开跳转链,src/worker.js:22474,no,代码/构建定义已核对；HTTP 状态未验证，留 T20；生产配置/schema 未核验
R0514,/ja/signal/:slug/,dynamic public family,GET|HEAD,src/data/navigation.ts；src/components/HomeHeader.astro；src/components/HomeFooter.astro；站内语言/内容链接；外部推广链接未知,retire,—,被替代的旧公开栏目/介绍/文章/小说；新版上线后 410（无对应替代作品），从 sitemap 移除,按语言和 slug 动态解析；D1 实际 slug 未获取,src/worker.js:18969; src/worker.js:21501,no,代码/构建定义已核对；HTTP 状态未验证，留 T20；生产配置/schema 未核验
R0515,/ja/signal/:slug/card.png,dynamic public family,GET|HEAD,src/data/navigation.ts；src/components/HomeHeader.astro；src/components/HomeFooter.astro；站内语言/内容链接；外部推广链接未知,retire,—,被替代的旧公开栏目/介绍/文章/小说；新版上线后 410（无对应替代作品），从 sitemap 移除,按语言和 slug 动态解析；D1 实际 slug 未获取,src/worker.js:18969; src/worker.js:21501,no,代码/构建定义已核对；HTTP 状态未验证，留 T20；生产配置/schema 未核验
R0516,/ja/signal/:slug/card.svg,dynamic public family,GET|HEAD,src/data/navigation.ts；src/components/HomeHeader.astro；src/components/HomeFooter.astro；站内语言/内容链接；外部推广链接未知,retire,—,被替代的旧公开栏目/介绍/文章/小说；新版上线后 410（无对应替代作品），从 sitemap 移除,按语言和 slug 动态解析；D1 实际 slug 未获取,src/worker.js:18969; src/worker.js:21501,no,代码/构建定义已核对；HTTP 状态未验证，留 T20；生产配置/schema 未核验
R0517,/ja/signal/:slug/share-card.png,dynamic public family,GET|HEAD,src/data/navigation.ts；src/components/HomeHeader.astro；src/components/HomeFooter.astro；站内语言/内容链接；外部推广链接未知,retire,—,被替代的旧公开栏目/介绍/文章/小说；新版上线后 410（无对应替代作品），从 sitemap 移除,按语言和 slug 动态解析；D1 实际 slug 未获取,src/worker.js:18969; src/worker.js:21501,no,代码/构建定义已核对；HTTP 状态未验证，留 T20；生产配置/schema 未核验
R0518,/ja/signal/:slug/share-card.svg,dynamic public family,GET|HEAD,src/data/navigation.ts；src/components/HomeHeader.astro；src/components/HomeFooter.astro；站内语言/内容链接；外部推广链接未知,retire,—,被替代的旧公开栏目/介绍/文章/小说；新版上线后 410（无对应替代作品），从 sitemap 移除,按语言和 slug 动态解析；D1 实际 slug 未获取,src/worker.js:18969; src/worker.js:21501,no,代码/构建定义已核对；HTTP 状态未验证，留 T20；生产配置/schema 未核验
R0519,/ja/terms,slashless variant,GET|HEAD,src/data/navigation.ts；src/components/HomeHeader.astro；src/components/HomeFooter.astro；站内语言/内容链接；外部推广链接未知,service,/ja/terms/,政策、售后、下载、登录、会员、余额/支付服务；退出旧栏目导航不等于删除服务,静态 slash 需 ASSETS 存在才 301；音乐受独立 gate/302；待 T20,src/pages/ja/terms.astro:1; src/worker.js:23362,no,代码/构建定义已核对；HTTP 状态未验证，留 T20；生产配置/schema 未核验
R0520,/ja/terms/,static HTML; sitemap entry,GET|HEAD,src/data/navigation.ts；src/components/HomeHeader.astro；src/components/HomeFooter.astro；站内语言/内容链接；外部推广链接未知,service,/ja/terms/,政策、售后、下载、登录、会员、余额/支付服务；退出旧栏目导航不等于删除服务,dist/index.html 已生成；Worker/Access 门禁可能先响应，不能认定 HTTP 200,src/pages/ja/terms.astro:1; scripts/generate-sitemap.mjs:11; scripts/generate-sitemap.mjs:99,yes,代码/构建定义已核对；HTTP 状态未验证，留 T20；生产配置/schema 未核验
R0521,/ja/works,legacy works slashless alias,GET|HEAD,src/data/navigation.ts；src/components/HomeHeader.astro；src/components/HomeFooter.astro；站内语言/内容链接；外部推广链接未知,retire,—,被替代的旧公开栏目/介绍/文章/小说；新版上线后 410（无对应替代作品），从 sitemap 移除,见源代码；不是线上 HTTP 记录,src/worker.js:22494,no,代码/构建定义已核对；HTTP 状态未验证，留 T20；生产配置/schema 未核验
R0522,/ja/works/,legacy works alias,GET|HEAD,src/data/navigation.ts；src/components/HomeHeader.astro；src/components/HomeFooter.astro；站内语言/内容链接；外部推广链接未知,retire,—,被替代的旧公开栏目/介绍/文章/小说；新版上线后 410（无对应替代作品），从 sitemap 移除,现有 works -> novel 301；无新公开对应内容时应直接退役,src/worker.js:22494,no,代码/构建定义已核对；HTTP 状态未验证，留 T20；生产配置/schema 未核验
R0523,/ja/works/:series,legacy works slashless alias,GET|HEAD,src/data/navigation.ts；src/components/HomeHeader.astro；src/components/HomeFooter.astro；站内语言/内容链接；外部推广链接未知,retire,—,被替代的旧公开栏目/介绍/文章/小说；新版上线后 410（无对应替代作品），从 sitemap 移除,见源代码；不是线上 HTTP 记录,src/worker.js:22494,no,代码/构建定义已核对；HTTP 状态未验证，留 T20；生产配置/schema 未核验
R0524,/ja/works/:series/,legacy works alias,GET|HEAD,src/data/navigation.ts；src/components/HomeHeader.astro；src/components/HomeFooter.astro；站内语言/内容链接；外部推广链接未知,retire,—,被替代的旧公开栏目/介绍/文章/小说；新版上线后 410（无对应替代作品），从 sitemap 移除,现有 works -> novel 301；无新公开对应内容时应直接退役,src/worker.js:22494,no,代码/构建定义已核对；HTTP 状态未验证，留 T20；生产配置/schema 未核验
R0525,/ja/works/:series/:chapter,legacy chapter alias,GET|HEAD,src/data/navigation.ts；src/components/HomeHeader.astro；src/components/HomeFooter.astro；站内语言/内容链接；外部推广链接未知,service,/novel/:series/chapter/:chapter/,历史授权/书签别名；直接到对应受保护阅读路径；匿名不保留旧公开正文,现有 301 保留 query 到 novel chapter,src/worker.js:22512,no,代码/构建定义已核对；HTTP 状态未验证，留 T20；生产配置/schema 未核验
R0526,/ja/works/:series/:chapter/,legacy chapter alias,GET|HEAD,src/data/navigation.ts；src/components/HomeHeader.astro；src/components/HomeFooter.astro；站内语言/内容链接；外部推广链接未知,service,/novel/:series/chapter/:chapter/,历史授权/书签别名；直接到对应受保护阅读路径；匿名不保留旧公开正文,现有 301 保留 query 到 novel chapter,src/worker.js:22512,no,代码/构建定义已核对；HTTP 状态未验证，留 T20；生产配置/schema 未核验
R0527,/library,assets redirect,GET|HEAD,src/data/navigation.ts；src/components/HomeHeader.astro；src/components/HomeFooter.astro；站内语言/内容链接；外部推广链接未知,service,/zh-hant/library/,政策、售后、下载、登录、会员、余额/支付服务；退出旧栏目导航不等于删除服务,现有 assets 301 -> /zh-hant/library/；执行位置依 run_worker_first,public/_redirects:21,no,代码/构建定义已核对；HTTP 状态未验证，留 T20；生产配置/schema 未核验
R0528,/library/,assets redirect,GET|HEAD,src/data/navigation.ts；src/components/HomeHeader.astro；src/components/HomeFooter.astro；站内语言/内容链接；外部推广链接未知,service,/zh-hant/library/,政策、售后、下载、登录、会员、余额/支付服务；退出旧栏目导航不等于删除服务,现有 assets 301 -> /zh-hant/library/；执行位置依 run_worker_first,public/_redirects:22,no,代码/构建定义已核对；HTTP 状态未验证，留 T20；生产配置/schema 未核验
R0529,/music,slashless variant; music slashless,GET|HEAD,src/data/navigation.ts；src/components/HomeHeader.astro；src/components/HomeFooter.astro；站内语言/内容链接；外部推广链接未知,redirect,/music/,按音乐 handler gate 后执行无斜线规范化,静态 slash 需 ASSETS 存在才 301；音乐受独立 gate/302；待 T20,src/pages/music/index.astro:1; src/worker.js:23362; src/music/pagePaths.js:2; src/music/pageHttp.js:19,no,代码/构建定义已核对；HTTP 状态未验证，留 T20；生产配置/schema 未核验
R0530,/music%5C:descendant,music normalization variant,GET|HEAD,src/data/navigation.ts；src/components/HomeHeader.astro；src/components/HomeFooter.astro；站内语言/内容链接；外部推广链接未知,retire,404 对非法/未知后代；合法新路径先解析,解码/反斜线/重复斜线影响 namespace 命中；不当作新增作品；T20 必须测试 raw 请求与真实路由顺序,见源代码；不是线上 HTTP 记录,src/music/pagePaths.js:4; src/music/pageHttp.js:19,no,代码/构建定义已核对；HTTP 状态未验证，留 T20；生产配置/schema 未核验
R0531,/music/,static HTML; music alias/query/descendant,GET|HEAD,src/data/navigation.ts；src/components/HomeHeader.astro；src/components/HomeFooter.astro；站内语言/内容链接；外部推广链接未知,keep,/music/,音乐根页面继续；别名和无斜线按原语言规范化；运行开关仍有效,gate 未启用先 503；gate 启用后根页面/别名 302/ASSETS，未知后代 404,src/pages/music/index.astro:1; src/music/pagePaths.js:3; src/music/pageHttp.js:17,no,代码/构建定义已核对；HTTP 状态未验证，留 T20；生产配置/schema 未核验
R0532,/music//:descendant,music normalization variant,GET|HEAD,src/data/navigation.ts；src/components/HomeHeader.astro；src/components/HomeFooter.astro；站内语言/内容链接；外部推广链接未知,retire,404 对非法/未知后代；合法新路径先解析,解码/反斜线/重复斜线影响 namespace 命中；不当作新增作品；T20 必须测试 raw 请求与真实路由顺序,见源代码；不是线上 HTTP 记录,src/music/pagePaths.js:4; src/music/pageHttp.js:19,no,代码/构建定义已核对；HTTP 状态未验证，留 T20；生产配置/schema 未核验
R0533,/music/:legacyDescendant/*,music alias/query/descendant,GET|HEAD,src/data/navigation.ts；src/components/HomeHeader.astro；src/components/HomeFooter.astro；站内语言/内容链接；外部推广链接未知,retire,404 仅用于无法映射的遗留后代；新详情路由例外,namespace 匹配不代表现有详情页；不能关闭将实现的 /music/tracks/:slug/；不猜测 slug 存在,gate 未启用先 503；gate 启用后根页面/别名 302/ASSETS，未知后代 404,src/music/pagePaths.js:3; src/music/pageHttp.js:17,no,代码/构建定义已核对；HTTP 状态未验证，留 T20；生产配置/schema 未核验
R0534,/music/?collection=:slug,music alias/query/descendant,GET|HEAD,src/data/navigation.ts；src/components/HomeHeader.astro；src/components/HomeFooter.astro；站内语言/内容链接；外部推广链接未知,service,/music/?collection=:slug,保留有效合集选择与原生合集能力；本期没有新的合集详情路由规格，不能强行跳到单曲或通用首页；失效实体沿用真实错误,gate 未启用先 503；gate 启用后根页面/别名 302/ASSETS，未知后代 404,src/music/pagePaths.js:3; src/music/pageHttp.js:17,no,代码/构建定义已核对；HTTP 状态未验证，留 T20；生产配置/schema 未核验
R0535,/music/?track=:trackId,music alias/query/descendant,GET|HEAD,src/data/navigation.ts；src/components/HomeHeader.astro；src/components/HomeFooter.astro；站内语言/内容链接；外部推广链接未知,redirect,待 T06/T09：稳定 track ID 映射到同歌曲 /music/tracks/:slug/ 的对应语言地址；不存在/不公开才 404,真实 ID/slug 映射尚未核验；有效记录暂不能解析新 slug 时保持兼容或报告阻塞，不自动按不存在处理,gate 未启用先 503；gate 启用后根页面/别名 302/ASSETS，未知后代 404,src/music/pagePaths.js:3; src/music/pageHttp.js:17,no,代码/构建定义已核对；HTTP 状态未验证，留 T20；生产配置/schema 未核验
R0536,/music?collection=:slug,music slashless query,GET|HEAD,src/data/navigation.ts；src/components/HomeHeader.astro；src/components/HomeFooter.astro；站内语言/内容链接；外部推广链接未知,redirect,/music/?collection=:slug,规范化保留合法唯一的选择参数及实体/语言；单曲等 T06/T09 映射，合集继续兼容，不丢弃 query,gate 未启用先 503；启用后 302 到 musicPageHref 规范地址,src/music/pagePaths.js:10; src/music/pageHttp.js:19,no,代码/构建定义已核对；HTTP 状态未验证，留 T20；生产配置/schema 未核验
R0537,/music?track=:trackId,music slashless query,GET|HEAD,src/data/navigation.ts；src/components/HomeHeader.astro；src/components/HomeFooter.astro；站内语言/内容链接；外部推广链接未知,redirect,待稳定 ID 映射到同歌曲的语言详情地址；未知实体才 404,规范化保留合法唯一的选择参数及实体/语言；单曲等 T06/T09 映射，合集继续兼容，不丢弃 query,gate 未启用先 503；启用后 302 到 musicPageHref 规范地址,src/music/pagePaths.js:10; src/music/pageHttp.js:19,no,代码/构建定义已核对；HTTP 状态未验证，留 T20；生产配置/schema 未核验
R0538,/novel,slashless variant; novel slashless family,GET|HEAD,src/components/LanguageSwitcher.astro:34,retire,—,被替代的旧公开栏目/介绍/文章/小说；新版上线后 410（无对应替代作品），从 sitemap 移除,静态 slash 需 ASSETS 存在才 301；音乐受独立 gate/302；待 T20,src/pages/novel/index.astro:1; src/worker.js:23362; src/worker.js:22476,no,代码/构建定义已核对；HTTP 状态未验证，留 T20；生产配置/schema 未核验
R0539,/novel/,static HTML; sitemap entry; novel dynamic family,GET|HEAD,src/components/CaptionAiLanding.astro:45; src/components/Footer.astro:20; src/components/Footer.astro:38; src/components/Footer.astro:56; src/components/HomeHeader.astro:17; src/components/HomeHeader.astro:19,retire,—,被替代的旧公开栏目/介绍/文章/小说；新版上线后 410（无对应替代作品），从 sitemap 移除,现有 novel v2；其他 novel 语言前缀并非本 parser 的有效 novel 页面,src/pages/novel/index.astro:1; scripts/generate-sitemap.mjs:11; scripts/generate-sitemap.mjs:99; src/worker.js:18994,yes,代码/构建定义已核对；HTTP 状态未验证，留 T20；生产配置/schema 未核验
R0540,/novel/:series,novel slashless family,GET|HEAD,src/data/navigation.ts；src/components/HomeHeader.astro；src/components/HomeFooter.astro；站内语言/内容链接；外部推广链接未知,retire,—,被替代的旧公开栏目/介绍/文章/小说；新版上线后 410（无对应替代作品），从 sitemap 移除,见源代码；不是线上 HTTP 记录,src/worker.js:22476,no,代码/构建定义已核对；HTTP 状态未验证，留 T20；生产配置/schema 未核验
R0541,/novel/:series/,novel dynamic family,GET|HEAD,src/data/navigation.ts；src/components/HomeHeader.astro；src/components/HomeFooter.astro；站内语言/内容链接；外部推广链接未知,retire,—,被替代的旧公开栏目/介绍/文章/小说；新版上线后 410（无对应替代作品），从 sitemap 移除,现有 novel v2；其他 novel 语言前缀并非本 parser 的有效 novel 页面,src/worker.js:18994,no,代码/构建定义已核对；HTTP 状态未验证，留 T20；生产配置/schema 未核验
R0542,/novel/:series/chapter/:chapter,novel slashless family,GET|HEAD,src/data/navigation.ts；src/components/HomeHeader.astro；src/components/HomeFooter.astro；站内语言/内容链接；外部推广链接未知,service,/novel/:series/chapter/:chapter,历史授权阅读/书签兼容：匿名公开内容退出；已购访问依旧鉴权；T14 服务替代前不关断,见源代码；不是线上 HTTP 记录,src/worker.js:22476,no,代码/构建定义已核对；HTTP 状态未验证，留 T20；生产配置/schema 未核验
R0543,/novel/:series/chapter/:chapter/,novel dynamic family,GET|HEAD,src/data/navigation.ts；src/components/HomeHeader.astro；src/components/HomeFooter.astro；站内语言/内容链接；外部推广链接未知,service,/novel/:series/chapter/:chapter/,历史授权阅读/书签兼容：匿名公开内容退出；已购访问依旧鉴权；T14 服务替代前不关断,现有 novel v2；其他 novel 语言前缀并非本 parser 的有效 novel 页面,src/worker.js:18994,no,代码/构建定义已核对；HTTP 状态未验证，留 T20；生产配置/schema 未核验
R0544,/points,assets redirect,GET|HEAD,src/data/navigation.ts；src/components/HomeHeader.astro；src/components/HomeFooter.astro；站内语言/内容链接；外部推广链接未知,service,/en/points/,政策、售后、下载、登录、会员、余额/支付服务；退出旧栏目导航不等于删除服务,现有 assets 301 -> /en/points/；执行位置依 run_worker_first,public/_redirects:11,no,代码/构建定义已核对；HTTP 状态未验证，留 T20；生产配置/schema 未核验
R0545,/points/,assets redirect,GET|HEAD,src/data/navigation.ts；src/components/HomeHeader.astro；src/components/HomeFooter.astro；站内语言/内容链接；外部推广链接未知,service,/en/points/,政策、售后、下载、登录、会员、余额/支付服务；退出旧栏目导航不等于删除服务,现有 assets 301 -> /en/points/；执行位置依 run_worker_first,public/_redirects:12,no,代码/构建定义已核对；HTTP 状态未验证，留 T20；生产配置/schema 未核验
R0546,/privacy,assets redirect,GET|HEAD,src/data/navigation.ts；src/components/HomeHeader.astro；src/components/HomeFooter.astro；站内语言/内容链接；外部推广链接未知,service,/en/privacy/,政策、售后、下载、登录、会员、余额/支付服务；退出旧栏目导航不等于删除服务,现有 assets 301 -> /en/privacy/；执行位置依 run_worker_first,public/_redirects:13,no,代码/构建定义已核对；HTTP 状态未验证，留 T20；生产配置/schema 未核验
R0547,/privacy/,assets redirect,GET|HEAD,src/data/navigation.ts；src/components/HomeHeader.astro；src/components/HomeFooter.astro；站内语言/内容链接；外部推广链接未知,service,/en/privacy/,政策、售后、下载、登录、会员、余额/支付服务；退出旧栏目导航不等于删除服务,现有 assets 301 -> /en/privacy/；执行位置依 run_worker_first,public/_redirects:14,no,代码/构建定义已核对；HTTP 状态未验证，留 T20；生产配置/schema 未核验
R0548,/robots.txt,runtime/association/static asset family,GET|HEAD,src/data/navigation.ts；src/components/HomeHeader.astro；src/components/HomeFooter.astro；站内语言/内容链接；外部推广链接未知,service,/robots.txt,保留系统关联、实际游戏/依赖资源与必要静态能力；原鉴权/缓存/CSP不降低；静态资源范围不覆盖 Worker 私有资源拒绝规则,见源代码；不是线上 HTTP 记录,public/robots.txt:1,no,代码/构建定义已核对；HTTP 状态未验证，留 T20；生产配置/schema 未核验
R0549,/signal,dynamic slashless family,GET|HEAD,src/data/navigation.ts；src/components/HomeHeader.astro；src/components/HomeFooter.astro；站内语言/内容链接；外部推广链接未知,retire,—,被替代的旧公开栏目/介绍/文章/小说；新版上线后 410（无对应替代作品），从 sitemap 移除,现有永久补斜线跳转；未来在退出规则前阻止旧公开跳转链,src/worker.js:22474,no,代码/构建定义已核对；HTTP 状态未验证，留 T20；生产配置/schema 未核验
R0550,/signal/,sitemap entry; dynamic public family,GET|HEAD,src/data/navigation.ts；src/components/HomeHeader.astro；src/components/HomeFooter.astro；站内语言/内容链接；外部推广链接未知,retire,—,被替代的旧公开栏目/介绍/文章/小说；新版上线后 410（无对应替代作品），从 sitemap 移除,按语言和 slug 动态解析；D1 实际 slug 未获取,scripts/generate-sitemap.mjs:11; scripts/generate-sitemap.mjs:99; src/worker.js:18969; src/worker.js:21501,yes,代码/构建定义已核对；HTTP 状态未验证，留 T20；生产配置/schema 未核验
R0551,/signal/:slug,dynamic slashless family,GET|HEAD,src/data/navigation.ts；src/components/HomeHeader.astro；src/components/HomeFooter.astro；站内语言/内容链接；外部推广链接未知,retire,—,被替代的旧公开栏目/介绍/文章/小说；新版上线后 410（无对应替代作品），从 sitemap 移除,现有永久补斜线跳转；未来在退出规则前阻止旧公开跳转链,src/worker.js:22474,no,代码/构建定义已核对；HTTP 状态未验证，留 T20；生产配置/schema 未核验
R0552,/signal/:slug/,dynamic public family,GET|HEAD,src/data/navigation.ts；src/components/HomeHeader.astro；src/components/HomeFooter.astro；站内语言/内容链接；外部推广链接未知,retire,—,被替代的旧公开栏目/介绍/文章/小说；新版上线后 410（无对应替代作品），从 sitemap 移除,按语言和 slug 动态解析；D1 实际 slug 未获取,src/worker.js:18969; src/worker.js:21501,no,代码/构建定义已核对；HTTP 状态未验证，留 T20；生产配置/schema 未核验
R0553,/signal/:slug/card.png,dynamic public family,GET|HEAD,src/data/navigation.ts；src/components/HomeHeader.astro；src/components/HomeFooter.astro；站内语言/内容链接；外部推广链接未知,retire,—,被替代的旧公开栏目/介绍/文章/小说；新版上线后 410（无对应替代作品），从 sitemap 移除,按语言和 slug 动态解析；D1 实际 slug 未获取,src/worker.js:18969; src/worker.js:21501,no,代码/构建定义已核对；HTTP 状态未验证，留 T20；生产配置/schema 未核验
R0554,/signal/:slug/card.svg,dynamic public family,GET|HEAD,src/data/navigation.ts；src/components/HomeHeader.astro；src/components/HomeFooter.astro；站内语言/内容链接；外部推广链接未知,retire,—,被替代的旧公开栏目/介绍/文章/小说；新版上线后 410（无对应替代作品），从 sitemap 移除,按语言和 slug 动态解析；D1 实际 slug 未获取,src/worker.js:18969; src/worker.js:21501,no,代码/构建定义已核对；HTTP 状态未验证，留 T20；生产配置/schema 未核验
R0555,/signal/:slug/share-card.png,dynamic public family,GET|HEAD,src/data/navigation.ts；src/components/HomeHeader.astro；src/components/HomeFooter.astro；站内语言/内容链接；外部推广链接未知,retire,—,被替代的旧公开栏目/介绍/文章/小说；新版上线后 410（无对应替代作品），从 sitemap 移除,按语言和 slug 动态解析；D1 实际 slug 未获取,src/worker.js:18969; src/worker.js:21501,no,代码/构建定义已核对；HTTP 状态未验证，留 T20；生产配置/schema 未核验
R0556,/signal/:slug/share-card.svg,dynamic public family,GET|HEAD,src/data/navigation.ts；src/components/HomeHeader.astro；src/components/HomeFooter.astro；站内语言/内容链接；外部推广链接未知,retire,—,被替代的旧公开栏目/介绍/文章/小说；新版上线后 410（无对应替代作品），从 sitemap 移除,按语言和 slug 动态解析；D1 实际 slug 未获取,src/worker.js:18969; src/worker.js:21501,no,代码/构建定义已核对；HTTP 状态未验证，留 T20；生产配置/schema 未核验
R0557,/sitemap.xml,Worker endpoint,GET|HEAD,src/data/navigation.ts；src/components/HomeHeader.astro；src/components/HomeFooter.astro；站内语言/内容链接；外部推广链接未知,retire,—,被替代的旧公开栏目/介绍/文章/小说；新版上线后 410（无对应替代作品），从 sitemap 移除,见源代码；不是线上 HTTP 记录,src/worker.js:22925,no,代码/构建定义已核对；HTTP 状态未验证，留 T20；生产配置/schema 未核验
R0558,/support,assets redirect,GET|HEAD,src/data/navigation.ts；src/components/HomeHeader.astro；src/components/HomeFooter.astro；站内语言/内容链接；外部推广链接未知,service,/en/support/,政策、售后、下载、登录、会员、余额/支付服务；退出旧栏目导航不等于删除服务,现有 assets 301 -> /en/support/；执行位置依 run_worker_first,public/_redirects:17,no,代码/构建定义已核对；HTTP 状态未验证，留 T20；生产配置/schema 未核验
R0559,/support/,assets redirect,GET|HEAD,src/data/navigation.ts；src/components/HomeHeader.astro；src/components/HomeFooter.astro；站内语言/内容链接；外部推广链接未知,service,/en/support/,政策、售后、下载、登录、会员、余额/支付服务；退出旧栏目导航不等于删除服务,现有 assets 301 -> /en/support/；执行位置依 run_worker_first,public/_redirects:18,no,代码/构建定义已核对；HTTP 状态未验证，留 T20；生产配置/schema 未核验
R0560,/terms,assets redirect,GET|HEAD,src/data/navigation.ts；src/components/HomeHeader.astro；src/components/HomeFooter.astro；站内语言/内容链接；外部推广链接未知,service,/en/terms/,政策、售后、下载、登录、会员、余额/支付服务；退出旧栏目导航不等于删除服务,现有 assets 301 -> /en/terms/；执行位置依 run_worker_first,public/_redirects:15,no,代码/构建定义已核对；HTTP 状态未验证，留 T20；生产配置/schema 未核验
R0561,/terms/,assets redirect,GET|HEAD,src/data/navigation.ts；src/components/HomeHeader.astro；src/components/HomeFooter.astro；站内语言/内容链接；外部推广链接未知,service,/en/terms/,政策、售后、下载、登录、会员、余额/支付服务；退出旧栏目导航不等于删除服务,现有 assets 301 -> /en/terms/；执行位置依 run_worker_first,public/_redirects:16,no,代码/构建定义已核对；HTTP 状态未验证，留 T20；生产配置/schema 未核验
R0562,/works,legacy works slashless alias,GET|HEAD,src/components/LanguageSwitcher.astro:35,retire,—,被替代的旧公开栏目/介绍/文章/小说；新版上线后 410（无对应替代作品），从 sitemap 移除,见源代码；不是线上 HTTP 记录,src/worker.js:22494,no,代码/构建定义已核对；HTTP 状态未验证，留 T20；生产配置/schema 未核验
R0563,/works/,legacy works alias,GET|HEAD,src/components/LanguageSwitcher.astro:35,retire,—,被替代的旧公开栏目/介绍/文章/小说；新版上线后 410（无对应替代作品），从 sitemap 移除,现有 works -> novel 301；无新公开对应内容时应直接退役,src/worker.js:22494,no,代码/构建定义已核对；HTTP 状态未验证，留 T20；生产配置/schema 未核验
R0564,/works/:series,legacy works slashless alias,GET|HEAD,src/data/navigation.ts；src/components/HomeHeader.astro；src/components/HomeFooter.astro；站内语言/内容链接；外部推广链接未知,retire,—,被替代的旧公开栏目/介绍/文章/小说；新版上线后 410（无对应替代作品），从 sitemap 移除,见源代码；不是线上 HTTP 记录,src/worker.js:22494,no,代码/构建定义已核对；HTTP 状态未验证，留 T20；生产配置/schema 未核验
R0565,/works/:series/,legacy works alias,GET|HEAD,src/data/navigation.ts；src/components/HomeHeader.astro；src/components/HomeFooter.astro；站内语言/内容链接；外部推广链接未知,retire,—,被替代的旧公开栏目/介绍/文章/小说；新版上线后 410（无对应替代作品），从 sitemap 移除,现有 works -> novel 301；无新公开对应内容时应直接退役,src/worker.js:22494,no,代码/构建定义已核对；HTTP 状态未验证，留 T20；生产配置/schema 未核验
R0566,/works/:series/:chapter,legacy chapter alias,GET|HEAD,src/data/navigation.ts；src/components/HomeHeader.astro；src/components/HomeFooter.astro；站内语言/内容链接；外部推广链接未知,service,/novel/:series/chapter/:chapter/,历史授权/书签别名；直接到对应受保护阅读路径；匿名不保留旧公开正文,现有 301 保留 query 到 novel chapter,src/worker.js:22512,no,代码/构建定义已核对；HTTP 状态未验证，留 T20；生产配置/schema 未核验
R0567,/works/:series/:chapter/,legacy chapter alias,GET|HEAD,src/data/navigation.ts；src/components/HomeHeader.astro；src/components/HomeFooter.astro；站内语言/内容链接；外部推广链接未知,service,/novel/:series/chapter/:chapter/,历史授权/书签别名；直接到对应受保护阅读路径；匿名不保留旧公开正文,现有 301 保留 query 到 novel chapter,src/worker.js:22512,no,代码/构建定义已核对；HTTP 状态未验证，留 T20；生产配置/schema 未核验
R0568,/zh-hans,slashless variant,GET|HEAD,src/data/navigation.ts；src/components/HomeHeader.astro；src/components/HomeFooter.astro；站内语言/内容链接；外部推广链接未知,redirect,/zh-hans/,品牌首页或品牌说明，按新版内容更新；保持语言,静态 slash 需 ASSETS 存在才 301；音乐受独立 gate/302；待 T20,src/pages/zh-hans/index.astro:1; src/worker.js:23362,no,代码/构建定义已核对；HTTP 状态未验证，留 T20；生产配置/schema 未核验
R0569,/zh-hans/,static HTML; sitemap entry,GET|HEAD,src/data/navigation.ts；src/components/HomeHeader.astro；src/components/HomeFooter.astro；站内语言/内容链接；外部推广链接未知,keep,/zh-hans/,品牌首页或品牌说明，按新版内容更新；保持语言,dist/index.html 已生成；Worker/Access 门禁可能先响应，不能认定 HTTP 200,src/pages/zh-hans/index.astro:1; scripts/generate-sitemap.mjs:11; scripts/generate-sitemap.mjs:99,yes,代码/构建定义已核对；HTTP 状态未验证，留 T20；生产配置/schema 未核验
R0570,/zh-hans/404,slashless variant,GET|HEAD,src/data/navigation.ts；src/components/HomeHeader.astro；src/components/HomeFooter.astro；站内语言/内容链接；外部推广链接未知,service,/zh-hans/404/,保留错误页产物；响应状态在 T20 验证,静态 slash 需 ASSETS 存在才 301；音乐受独立 gate/302；待 T20,src/pages/zh-hans/404.astro:1; src/worker.js:23362,no,代码/构建定义已核对；HTTP 状态未验证，留 T20；生产配置/schema 未核验
R0571,/zh-hans/404/,static HTML,GET|HEAD,src/data/navigation.ts；src/components/HomeHeader.astro；src/components/HomeFooter.astro；站内语言/内容链接；外部推广链接未知,service,/zh-hans/404/,保留错误页产物；响应状态在 T20 验证,dist/index.html 已生成；Worker/Access 门禁可能先响应，不能认定 HTTP 200,src/pages/zh-hans/404.astro:1,no,代码/构建定义已核对；HTTP 状态未验证，留 T20；生产配置/schema 未核验
R0572,/zh-hans/apps,slashless variant,GET|HEAD,src/data/navigation.ts；src/components/HomeHeader.astro；src/components/HomeFooter.astro；站内语言/内容链接；外部推广链接未知,retire,—,被替代的旧公开栏目/介绍/文章/小说；新版上线后 410（无对应替代作品），从 sitemap 移除,静态 slash 需 ASSETS 存在才 301；音乐受独立 gate/302；待 T20,src/pages/zh-hans/apps/index.astro:1; src/worker.js:23362,no,代码/构建定义已核对；HTTP 状态未验证，留 T20；生产配置/schema 未核验
R0573,/zh-hans/apps/,static HTML; sitemap entry,GET|HEAD,src/data/navigation.ts；src/components/HomeHeader.astro；src/components/HomeFooter.astro；站内语言/内容链接；外部推广链接未知,retire,—,被替代的旧公开栏目/介绍/文章/小说；新版上线后 410（无对应替代作品），从 sitemap 移除,dist/index.html 已生成；Worker/Access 门禁可能先响应，不能认定 HTTP 200,src/pages/zh-hans/apps/index.astro:1; scripts/generate-sitemap.mjs:11; scripts/generate-sitemap.mjs:99,yes,代码/构建定义已核对；HTTP 状态未验证，留 T20；生产配置/schema 未核验
R0574,/zh-hans/apps/anytls-desktop-manager,Worker exact redirect,GET|HEAD,src/data/navigation.ts；src/components/HomeHeader.astro；src/components/HomeFooter.astro；站内语言/内容链接；外部推广链接未知,retire,—,被替代的旧公开栏目/介绍/文章/小说；新版上线后 410（无对应替代作品），从 sitemap 移除,现有 301 -> /zh-hans/apps/nodepilot/,src/worker.js:22468,no,代码/构建定义已核对；HTTP 状态未验证，留 T20；生产配置/schema 未核验
R0575,/zh-hans/apps/anytls-desktop-manager/,Worker exact redirect,GET|HEAD,src/data/navigation.ts；src/components/HomeHeader.astro；src/components/HomeFooter.astro；站内语言/内容链接；外部推广链接未知,retire,—,被替代的旧公开栏目/介绍/文章/小说；新版上线后 410（无对应替代作品），从 sitemap 移除,现有 301 -> /zh-hans/apps/nodepilot/,src/worker.js:22469,no,代码/构建定义已核对；HTTP 状态未验证，留 T20；生产配置/schema 未核验
R0576,/zh-hans/apps/caption-ai,slashless variant,GET|HEAD,src/data/navigation.ts；src/components/HomeHeader.astro；src/components/HomeFooter.astro；站内语言/内容链接；外部推广链接未知,retire,—,被替代的旧公开栏目/介绍/文章/小说；新版上线后 410（无对应替代作品），从 sitemap 移除,静态 slash 需 ASSETS 存在才 301；音乐受独立 gate/302；待 T20,src/pages/zh-hans/apps/caption-ai/index.astro:1; src/worker.js:23362,no,代码/构建定义已核对；HTTP 状态未验证，留 T20；生产配置/schema 未核验
R0577,/zh-hans/apps/caption-ai/,static HTML; sitemap entry,GET|HEAD,src/data/navigation.ts；src/components/HomeHeader.astro；src/components/HomeFooter.astro；站内语言/内容链接；外部推广链接未知,retire,—,被替代的旧公开栏目/介绍/文章/小说；新版上线后 410（无对应替代作品），从 sitemap 移除,dist/index.html 已生成；Worker/Access 门禁可能先响应，不能认定 HTTP 200,src/pages/zh-hans/apps/caption-ai/index.astro:1; scripts/generate-sitemap.mjs:11; scripts/generate-sitemap.mjs:99,yes,代码/构建定义已核对；HTTP 状态未验证，留 T20；生产配置/schema 未核验
R0578,/zh-hans/apps/caption-ai/android,slashless variant,GET|HEAD,src/data/navigation.ts；src/components/HomeHeader.astro；src/components/HomeFooter.astro；站内语言/内容链接；外部推广链接未知,service,/zh-hans/apps/caption-ai/android/,政策、售后、下载、登录、会员、余额/支付服务；退出旧栏目导航不等于删除服务,静态 slash 需 ASSETS 存在才 301；音乐受独立 gate/302；待 T20,src/pages/zh-hans/apps/caption-ai/android.astro:1; src/worker.js:23362,no,代码/构建定义已核对；HTTP 状态未验证，留 T20；生产配置/schema 未核验
R0579,/zh-hans/apps/caption-ai/android/,static HTML; sitemap entry,GET|HEAD,src/data/navigation.ts；src/components/HomeHeader.astro；src/components/HomeFooter.astro；站内语言/内容链接；外部推广链接未知,service,/zh-hans/apps/caption-ai/android/,政策、售后、下载、登录、会员、余额/支付服务；退出旧栏目导航不等于删除服务,dist/index.html 已生成；Worker/Access 门禁可能先响应，不能认定 HTTP 200,src/pages/zh-hans/apps/caption-ai/android.astro:1; scripts/generate-sitemap.mjs:11; scripts/generate-sitemap.mjs:99,yes,代码/构建定义已核对；HTTP 状态未验证，留 T20；生产配置/schema 未核验
R0580,/zh-hans/apps/caption-ai/download,slashless variant,GET|HEAD,下载组件与产品页；外部 App/历史下载链接（完整外链未获取）,service,/zh-hans/apps/caption-ai/download/,政策、售后、下载、登录、会员、余额/支付服务；退出旧栏目导航不等于删除服务,静态 slash 需 ASSETS 存在才 301；音乐受独立 gate/302；待 T20,src/pages/zh-hans/apps/caption-ai/download.astro:1; src/worker.js:23362,no,代码/构建定义已核对；HTTP 状态未验证，留 T20；生产配置/schema 未核验
R0581,/zh-hans/apps/caption-ai/download/,static HTML; sitemap entry,GET|HEAD,下载组件与产品页；外部 App/历史下载链接（完整外链未获取）,service,/zh-hans/apps/caption-ai/download/,政策、售后、下载、登录、会员、余额/支付服务；退出旧栏目导航不等于删除服务,dist/index.html 已生成；Worker/Access 门禁可能先响应，不能认定 HTTP 200,src/pages/zh-hans/apps/caption-ai/download.astro:1; scripts/generate-sitemap.mjs:11; scripts/generate-sitemap.mjs:99,yes,代码/构建定义已核对；HTTP 状态未验证，留 T20；生产配置/schema 未核验
R0582,/zh-hans/apps/caption-ai/privacy,slashless variant,GET|HEAD,src/data/navigation.ts；src/components/HomeHeader.astro；src/components/HomeFooter.astro；站内语言/内容链接；外部推广链接未知,service,/zh-hans/apps/caption-ai/privacy/,政策、售后、下载、登录、会员、余额/支付服务；退出旧栏目导航不等于删除服务,静态 slash 需 ASSETS 存在才 301；音乐受独立 gate/302；待 T20,src/pages/zh-hans/apps/caption-ai/privacy.astro:1; src/worker.js:23362,no,代码/构建定义已核对；HTTP 状态未验证，留 T20；生产配置/schema 未核验
R0583,/zh-hans/apps/caption-ai/privacy/,static HTML; sitemap entry,GET|HEAD,src/data/navigation.ts；src/components/HomeHeader.astro；src/components/HomeFooter.astro；站内语言/内容链接；外部推广链接未知,service,/zh-hans/apps/caption-ai/privacy/,政策、售后、下载、登录、会员、余额/支付服务；退出旧栏目导航不等于删除服务,dist/index.html 已生成；Worker/Access 门禁可能先响应，不能认定 HTTP 200,src/pages/zh-hans/apps/caption-ai/privacy.astro:1; scripts/generate-sitemap.mjs:11; scripts/generate-sitemap.mjs:99,yes,代码/构建定义已核对；HTTP 状态未验证，留 T20；生产配置/schema 未核验
R0584,/zh-hans/apps/caption-ai/support,slashless variant,GET|HEAD,src/data/navigation.ts；src/components/HomeHeader.astro；src/components/HomeFooter.astro；站内语言/内容链接；外部推广链接未知,service,/zh-hans/apps/caption-ai/support/,政策、售后、下载、登录、会员、余额/支付服务；退出旧栏目导航不等于删除服务,静态 slash 需 ASSETS 存在才 301；音乐受独立 gate/302；待 T20,src/pages/zh-hans/apps/caption-ai/support.astro:1; src/worker.js:23362,no,代码/构建定义已核对；HTTP 状态未验证，留 T20；生产配置/schema 未核验
R0585,/zh-hans/apps/caption-ai/support/,static HTML; sitemap entry,GET|HEAD,src/data/navigation.ts；src/components/HomeHeader.astro；src/components/HomeFooter.astro；站内语言/内容链接；外部推广链接未知,service,/zh-hans/apps/caption-ai/support/,政策、售后、下载、登录、会员、余额/支付服务；退出旧栏目导航不等于删除服务,dist/index.html 已生成；Worker/Access 门禁可能先响应，不能认定 HTTP 200,src/pages/zh-hans/apps/caption-ai/support.astro:1; scripts/generate-sitemap.mjs:11; scripts/generate-sitemap.mjs:99,yes,代码/构建定义已核对；HTTP 状态未验证，留 T20；生产配置/schema 未核验
R0586,/zh-hans/apps/caption-ai/terms,slashless variant,GET|HEAD,src/data/navigation.ts；src/components/HomeHeader.astro；src/components/HomeFooter.astro；站内语言/内容链接；外部推广链接未知,service,/zh-hans/apps/caption-ai/terms/,政策、售后、下载、登录、会员、余额/支付服务；退出旧栏目导航不等于删除服务,静态 slash 需 ASSETS 存在才 301；音乐受独立 gate/302；待 T20,src/pages/zh-hans/apps/caption-ai/terms.astro:1; src/worker.js:23362,no,代码/构建定义已核对；HTTP 状态未验证，留 T20；生产配置/schema 未核验
R0587,/zh-hans/apps/caption-ai/terms/,static HTML; sitemap entry,GET|HEAD,src/data/navigation.ts；src/components/HomeHeader.astro；src/components/HomeFooter.astro；站内语言/内容链接；外部推广链接未知,service,/zh-hans/apps/caption-ai/terms/,政策、售后、下载、登录、会员、余额/支付服务；退出旧栏目导航不等于删除服务,dist/index.html 已生成；Worker/Access 门禁可能先响应，不能认定 HTTP 200,src/pages/zh-hans/apps/caption-ai/terms.astro:1; scripts/generate-sitemap.mjs:11; scripts/generate-sitemap.mjs:99,yes,代码/构建定义已核对；HTTP 状态未验证，留 T20；生产配置/schema 未核验
R0588,/zh-hans/apps/cat-life-game,slashless variant,GET|HEAD,src/data/navigation.ts；src/components/HomeHeader.astro；src/components/HomeFooter.astro；站内语言/内容链接；外部推广链接未知,redirect,/zh-hans/games/cat-life-game/,对应同一游戏介绍；拟定地址待 T12 实现；不能占用 /games/cat-life/,静态 slash 需 ASSETS 存在才 301；音乐受独立 gate/302；待 T20,src/pages/zh-hans/apps/cat-life-game/index.astro:1; src/worker.js:23362,no,代码/构建定义已核对；HTTP 状态未验证，留 T20；生产配置/schema 未核验
R0589,/zh-hans/apps/cat-life-game/,static HTML; sitemap entry,GET|HEAD,src/data/navigation.ts；src/components/HomeHeader.astro；src/components/HomeFooter.astro；站内语言/内容链接；外部推广链接未知,redirect,/zh-hans/games/cat-life-game/,对应同一游戏介绍；拟定地址待 T12 实现；不能占用 /games/cat-life/,dist/index.html 已生成；Worker/Access 门禁可能先响应，不能认定 HTTP 200,src/pages/zh-hans/apps/cat-life-game/index.astro:1; scripts/generate-sitemap.mjs:11; scripts/generate-sitemap.mjs:99,yes,代码/构建定义已核对；HTTP 状态未验证，留 T20；生产配置/schema 未核验
R0590,/zh-hans/apps/mindbudget,slashless variant,GET|HEAD,src/data/navigation.ts；src/components/HomeHeader.astro；src/components/HomeFooter.astro；站内语言/内容链接；外部推广链接未知,retire,—,被替代的旧公开栏目/介绍/文章/小说；新版上线后 410（无对应替代作品），从 sitemap 移除,静态 slash 需 ASSETS 存在才 301；音乐受独立 gate/302；待 T20,src/pages/zh-hans/apps/mindbudget/index.astro:1; src/worker.js:23362,no,代码/构建定义已核对；HTTP 状态未验证，留 T20；生产配置/schema 未核验
R0591,/zh-hans/apps/mindbudget/,static HTML; sitemap entry,GET|HEAD,src/data/navigation.ts；src/components/HomeHeader.astro；src/components/HomeFooter.astro；站内语言/内容链接；外部推广链接未知,retire,—,被替代的旧公开栏目/介绍/文章/小说；新版上线后 410（无对应替代作品），从 sitemap 移除,dist/index.html 已生成；Worker/Access 门禁可能先响应，不能认定 HTTP 200,src/pages/zh-hans/apps/mindbudget/index.astro:1; scripts/generate-sitemap.mjs:11; scripts/generate-sitemap.mjs:99,yes,代码/构建定义已核对；HTTP 状态未验证，留 T20；生产配置/schema 未核验
R0592,/zh-hans/apps/mindbudget/download,slashless variant,GET|HEAD,下载组件与产品页；外部 App/历史下载链接（完整外链未获取）,service,/zh-hans/apps/mindbudget/download/,政策、售后、下载、登录、会员、余额/支付服务；退出旧栏目导航不等于删除服务,静态 slash 需 ASSETS 存在才 301；音乐受独立 gate/302；待 T20,src/pages/zh-hans/apps/mindbudget/download.astro:1; src/worker.js:23362,no,代码/构建定义已核对；HTTP 状态未验证，留 T20；生产配置/schema 未核验
R0593,/zh-hans/apps/mindbudget/download/,static HTML; sitemap entry,GET|HEAD,下载组件与产品页；外部 App/历史下载链接（完整外链未获取）,service,/zh-hans/apps/mindbudget/download/,政策、售后、下载、登录、会员、余额/支付服务；退出旧栏目导航不等于删除服务,dist/index.html 已生成；Worker/Access 门禁可能先响应，不能认定 HTTP 200,src/pages/zh-hans/apps/mindbudget/download.astro:1; scripts/generate-sitemap.mjs:11; scripts/generate-sitemap.mjs:99,yes,代码/构建定义已核对；HTTP 状态未验证，留 T20；生产配置/schema 未核验
R0594,/zh-hans/apps/mindbudget/privacy,slashless variant,GET|HEAD,src/data/navigation.ts；src/components/HomeHeader.astro；src/components/HomeFooter.astro；站内语言/内容链接；外部推广链接未知,service,/zh-hans/apps/mindbudget/privacy/,政策、售后、下载、登录、会员、余额/支付服务；退出旧栏目导航不等于删除服务,静态 slash 需 ASSETS 存在才 301；音乐受独立 gate/302；待 T20,src/pages/zh-hans/apps/mindbudget/privacy.astro:1; src/worker.js:23362,no,代码/构建定义已核对；HTTP 状态未验证，留 T20；生产配置/schema 未核验
R0595,/zh-hans/apps/mindbudget/privacy/,static HTML; sitemap entry,GET|HEAD,src/data/navigation.ts；src/components/HomeHeader.astro；src/components/HomeFooter.astro；站内语言/内容链接；外部推广链接未知,service,/zh-hans/apps/mindbudget/privacy/,政策、售后、下载、登录、会员、余额/支付服务；退出旧栏目导航不等于删除服务,dist/index.html 已生成；Worker/Access 门禁可能先响应，不能认定 HTTP 200,src/pages/zh-hans/apps/mindbudget/privacy.astro:1; scripts/generate-sitemap.mjs:11; scripts/generate-sitemap.mjs:99,yes,代码/构建定义已核对；HTTP 状态未验证，留 T20；生产配置/schema 未核验
R0596,/zh-hans/apps/mindbudget/support,slashless variant,GET|HEAD,src/data/navigation.ts；src/components/HomeHeader.astro；src/components/HomeFooter.astro；站内语言/内容链接；外部推广链接未知,service,/zh-hans/apps/mindbudget/support/,政策、售后、下载、登录、会员、余额/支付服务；退出旧栏目导航不等于删除服务,静态 slash 需 ASSETS 存在才 301；音乐受独立 gate/302；待 T20,src/pages/zh-hans/apps/mindbudget/support.astro:1; src/worker.js:23362,no,代码/构建定义已核对；HTTP 状态未验证，留 T20；生产配置/schema 未核验
R0597,/zh-hans/apps/mindbudget/support/,static HTML; sitemap entry,GET|HEAD,src/data/navigation.ts；src/components/HomeHeader.astro；src/components/HomeFooter.astro；站内语言/内容链接；外部推广链接未知,service,/zh-hans/apps/mindbudget/support/,政策、售后、下载、登录、会员、余额/支付服务；退出旧栏目导航不等于删除服务,dist/index.html 已生成；Worker/Access 门禁可能先响应，不能认定 HTTP 200,src/pages/zh-hans/apps/mindbudget/support.astro:1; scripts/generate-sitemap.mjs:11; scripts/generate-sitemap.mjs:99,yes,代码/构建定义已核对；HTTP 状态未验证，留 T20；生产配置/schema 未核验
R0598,/zh-hans/apps/nodepilot,slashless variant,GET|HEAD,src/data/navigation.ts；src/components/HomeHeader.astro；src/components/HomeFooter.astro；站内语言/内容链接；外部推广链接未知,retire,—,被替代的旧公开栏目/介绍/文章/小说；新版上线后 410（无对应替代作品），从 sitemap 移除,静态 slash 需 ASSETS 存在才 301；音乐受独立 gate/302；待 T20,src/pages/zh-hans/apps/nodepilot/index.astro:1; src/worker.js:23362,no,代码/构建定义已核对；HTTP 状态未验证，留 T20；生产配置/schema 未核验
R0599,/zh-hans/apps/nodepilot/,static HTML; sitemap entry,GET|HEAD,src/data/navigation.ts；src/components/HomeHeader.astro；src/components/HomeFooter.astro；站内语言/内容链接；外部推广链接未知,retire,—,被替代的旧公开栏目/介绍/文章/小说；新版上线后 410（无对应替代作品），从 sitemap 移除,dist/index.html 已生成；Worker/Access 门禁可能先响应，不能认定 HTTP 200,src/pages/zh-hans/apps/nodepilot/index.astro:1; scripts/generate-sitemap.mjs:11; scripts/generate-sitemap.mjs:99,yes,代码/构建定义已核对；HTTP 状态未验证，留 T20；生产配置/schema 未核验
R0600,/zh-hans/apps/novelforge-ai,slashless variant,GET|HEAD,src/data/navigation.ts；src/components/HomeHeader.astro；src/components/HomeFooter.astro；站内语言/内容链接；外部推广链接未知,retire,—,被替代的旧公开栏目/介绍/文章/小说；新版上线后 410（无对应替代作品），从 sitemap 移除,静态 slash 需 ASSETS 存在才 301；音乐受独立 gate/302；待 T20,src/pages/zh-hans/apps/novelforge-ai/index.astro:1; src/worker.js:23362,no,代码/构建定义已核对；HTTP 状态未验证，留 T20；生产配置/schema 未核验
R0601,/zh-hans/apps/novelforge-ai/,static HTML; sitemap entry,GET|HEAD,src/data/navigation.ts；src/components/HomeHeader.astro；src/components/HomeFooter.astro；站内语言/内容链接；外部推广链接未知,retire,—,被替代的旧公开栏目/介绍/文章/小说；新版上线后 410（无对应替代作品），从 sitemap 移除,dist/index.html 已生成；Worker/Access 门禁可能先响应，不能认定 HTTP 200,src/pages/zh-hans/apps/novelforge-ai/index.astro:1; scripts/generate-sitemap.mjs:11; scripts/generate-sitemap.mjs:99,yes,代码/构建定义已核对；HTTP 状态未验证，留 T20；生产配置/schema 未核验
R0602,/zh-hans/apps/novelforge-ai/download,slashless variant,GET|HEAD,下载组件与产品页；外部 App/历史下载链接（完整外链未获取）,service,/zh-hans/apps/novelforge-ai/download/,政策、售后、下载、登录、会员、余额/支付服务；退出旧栏目导航不等于删除服务,静态 slash 需 ASSETS 存在才 301；音乐受独立 gate/302；待 T20,src/pages/zh-hans/apps/novelforge-ai/download.astro:1; src/worker.js:23362,no,代码/构建定义已核对；HTTP 状态未验证，留 T20；生产配置/schema 未核验
R0603,/zh-hans/apps/novelforge-ai/download/,static HTML; sitemap entry,GET|HEAD,下载组件与产品页；外部 App/历史下载链接（完整外链未获取）,service,/zh-hans/apps/novelforge-ai/download/,政策、售后、下载、登录、会员、余额/支付服务；退出旧栏目导航不等于删除服务,dist/index.html 已生成；Worker/Access 门禁可能先响应，不能认定 HTTP 200,src/pages/zh-hans/apps/novelforge-ai/download.astro:1; scripts/generate-sitemap.mjs:11; scripts/generate-sitemap.mjs:99,yes,代码/构建定义已核对；HTTP 状态未验证，留 T20；生产配置/schema 未核验
R0604,/zh-hans/apps/privatepinyin,slashless variant,GET|HEAD,src/data/navigation.ts；src/components/HomeHeader.astro；src/components/HomeFooter.astro；站内语言/内容链接；外部推广链接未知,retire,—,被替代的旧公开栏目/介绍/文章/小说；新版上线后 410（无对应替代作品），从 sitemap 移除,静态 slash 需 ASSETS 存在才 301；音乐受独立 gate/302；待 T20,src/pages/zh-hans/apps/privatepinyin/index.astro:1; src/worker.js:23362,no,代码/构建定义已核对；HTTP 状态未验证，留 T20；生产配置/schema 未核验
R0605,/zh-hans/apps/privatepinyin/,static HTML; sitemap entry,GET|HEAD,src/data/navigation.ts；src/components/HomeHeader.astro；src/components/HomeFooter.astro；站内语言/内容链接；外部推广链接未知,retire,—,被替代的旧公开栏目/介绍/文章/小说；新版上线后 410（无对应替代作品），从 sitemap 移除,dist/index.html 已生成；Worker/Access 门禁可能先响应，不能认定 HTTP 200,src/pages/zh-hans/apps/privatepinyin/index.astro:1; scripts/generate-sitemap.mjs:11; scripts/generate-sitemap.mjs:99,yes,代码/构建定义已核对；HTTP 状态未验证，留 T20；生产配置/schema 未核验
R0606,/zh-hans/apps/privatepinyin/download,slashless variant,GET|HEAD,下载组件与产品页；外部 App/历史下载链接（完整外链未获取）,service,/zh-hans/apps/privatepinyin/download/,政策、售后、下载、登录、会员、余额/支付服务；退出旧栏目导航不等于删除服务,静态 slash 需 ASSETS 存在才 301；音乐受独立 gate/302；待 T20,src/pages/zh-hans/apps/privatepinyin/download.astro:1; src/worker.js:23362,no,代码/构建定义已核对；HTTP 状态未验证，留 T20；生产配置/schema 未核验
R0607,/zh-hans/apps/privatepinyin/download/,static HTML; sitemap entry,GET|HEAD,下载组件与产品页；外部 App/历史下载链接（完整外链未获取）,service,/zh-hans/apps/privatepinyin/download/,政策、售后、下载、登录、会员、余额/支付服务；退出旧栏目导航不等于删除服务,dist/index.html 已生成；Worker/Access 门禁可能先响应，不能认定 HTTP 200,src/pages/zh-hans/apps/privatepinyin/download.astro:1; scripts/generate-sitemap.mjs:11; scripts/generate-sitemap.mjs:99,yes,代码/构建定义已核对；HTTP 状态未验证，留 T20；生产配置/schema 未核验
R0608,/zh-hans/apps/privatepinyin/privacy,slashless variant,GET|HEAD,src/data/navigation.ts；src/components/HomeHeader.astro；src/components/HomeFooter.astro；站内语言/内容链接；外部推广链接未知,service,/zh-hans/apps/privatepinyin/privacy/,政策、售后、下载、登录、会员、余额/支付服务；退出旧栏目导航不等于删除服务,静态 slash 需 ASSETS 存在才 301；音乐受独立 gate/302；待 T20,src/pages/zh-hans/apps/privatepinyin/privacy.astro:1; src/worker.js:23362,no,代码/构建定义已核对；HTTP 状态未验证，留 T20；生产配置/schema 未核验
R0609,/zh-hans/apps/privatepinyin/privacy/,static HTML; sitemap entry,GET|HEAD,src/data/navigation.ts；src/components/HomeHeader.astro；src/components/HomeFooter.astro；站内语言/内容链接；外部推广链接未知,service,/zh-hans/apps/privatepinyin/privacy/,政策、售后、下载、登录、会员、余额/支付服务；退出旧栏目导航不等于删除服务,dist/index.html 已生成；Worker/Access 门禁可能先响应，不能认定 HTTP 200,src/pages/zh-hans/apps/privatepinyin/privacy.astro:1; scripts/generate-sitemap.mjs:11; scripts/generate-sitemap.mjs:99,yes,代码/构建定义已核对；HTTP 状态未验证，留 T20；生产配置/schema 未核验
R0610,/zh-hans/apps/privatepinyin/support,slashless variant,GET|HEAD,src/data/navigation.ts；src/components/HomeHeader.astro；src/components/HomeFooter.astro；站内语言/内容链接；外部推广链接未知,service,/zh-hans/apps/privatepinyin/support/,政策、售后、下载、登录、会员、余额/支付服务；退出旧栏目导航不等于删除服务,静态 slash 需 ASSETS 存在才 301；音乐受独立 gate/302；待 T20,src/pages/zh-hans/apps/privatepinyin/support.astro:1; src/worker.js:23362,no,代码/构建定义已核对；HTTP 状态未验证，留 T20；生产配置/schema 未核验
R0611,/zh-hans/apps/privatepinyin/support/,static HTML; sitemap entry,GET|HEAD,src/data/navigation.ts；src/components/HomeHeader.astro；src/components/HomeFooter.astro；站内语言/内容链接；外部推广链接未知,service,/zh-hans/apps/privatepinyin/support/,政策、售后、下载、登录、会员、余额/支付服务；退出旧栏目导航不等于删除服务,dist/index.html 已生成；Worker/Access 门禁可能先响应，不能认定 HTTP 200,src/pages/zh-hans/apps/privatepinyin/support.astro:1; scripts/generate-sitemap.mjs:11; scripts/generate-sitemap.mjs:99,yes,代码/构建定义已核对；HTTP 状态未验证，留 T20；生产配置/schema 未核验
R0612,/zh-hans/apps/simplecut-pro,slashless variant,GET|HEAD,src/data/navigation.ts；src/components/HomeHeader.astro；src/components/HomeFooter.astro；站内语言/内容链接；外部推广链接未知,retire,—,被替代的旧公开栏目/介绍/文章/小说；新版上线后 410（无对应替代作品），从 sitemap 移除,静态 slash 需 ASSETS 存在才 301；音乐受独立 gate/302；待 T20,src/pages/zh-hans/apps/simplecut-pro/index.astro:1; src/worker.js:23362,no,代码/构建定义已核对；HTTP 状态未验证，留 T20；生产配置/schema 未核验
R0613,/zh-hans/apps/simplecut-pro/,static HTML; sitemap entry,GET|HEAD,src/data/navigation.ts；src/components/HomeHeader.astro；src/components/HomeFooter.astro；站内语言/内容链接；外部推广链接未知,retire,—,被替代的旧公开栏目/介绍/文章/小说；新版上线后 410（无对应替代作品），从 sitemap 移除,dist/index.html 已生成；Worker/Access 门禁可能先响应，不能认定 HTTP 200,src/pages/zh-hans/apps/simplecut-pro/index.astro:1; scripts/generate-sitemap.mjs:11; scripts/generate-sitemap.mjs:99,yes,代码/构建定义已核对；HTTP 状态未验证，留 T20；生产配置/schema 未核验
R0614,/zh-hans/apps/simplecut-pro/download,slashless variant,GET|HEAD,下载组件与产品页；外部 App/历史下载链接（完整外链未获取）,service,/zh-hans/apps/simplecut-pro/download/,政策、售后、下载、登录、会员、余额/支付服务；退出旧栏目导航不等于删除服务,静态 slash 需 ASSETS 存在才 301；音乐受独立 gate/302；待 T20,src/pages/zh-hans/apps/simplecut-pro/download.astro:1; src/worker.js:23362,no,代码/构建定义已核对；HTTP 状态未验证，留 T20；生产配置/schema 未核验
R0615,/zh-hans/apps/simplecut-pro/download/,static HTML; sitemap entry,GET|HEAD,下载组件与产品页；外部 App/历史下载链接（完整外链未获取）,service,/zh-hans/apps/simplecut-pro/download/,政策、售后、下载、登录、会员、余额/支付服务；退出旧栏目导航不等于删除服务,dist/index.html 已生成；Worker/Access 门禁可能先响应，不能认定 HTTP 200,src/pages/zh-hans/apps/simplecut-pro/download.astro:1; scripts/generate-sitemap.mjs:11; scripts/generate-sitemap.mjs:99,yes,代码/构建定义已核对；HTTP 状态未验证，留 T20；生产配置/schema 未核验
R0616,/zh-hans/devlog,slashless variant; dynamic slashless family,GET|HEAD,src/data/navigation.ts；src/components/HomeHeader.astro；src/components/HomeFooter.astro；站内语言/内容链接；外部推广链接未知,retire,—,被替代的旧公开栏目/介绍/文章/小说；新版上线后 410（无对应替代作品），从 sitemap 移除,现有永久补斜线跳转；未来在退出规则前阻止旧公开跳转链,src/pages/[locale]/devlog/index.astro:1; src/worker.js:23362; src/worker.js:22474,no,代码/构建定义已核对；HTTP 状态未验证，留 T20；生产配置/schema 未核验
R0617,/zh-hans/devlog/,static HTML; dynamic public family,GET|HEAD,src/data/navigation.ts；src/components/HomeHeader.astro；src/components/HomeFooter.astro；站内语言/内容链接；外部推广链接未知,retire,—,被替代的旧公开栏目/介绍/文章/小说；新版上线后 410（无对应替代作品），从 sitemap 移除,按语言和 slug 动态解析；D1 实际 slug 未获取,src/pages/[locale]/devlog/index.astro:1; src/worker.js:18969; src/worker.js:21501,no,代码/构建定义已核对；HTTP 状态未验证，留 T20；生产配置/schema 未核验
R0618,/zh-hans/devlog/2026-05-17-SnapCopy-testflight-beta.md,slashless variant,GET|HEAD,src/data/navigation.ts；src/components/HomeHeader.astro；src/components/HomeFooter.astro；站内语言/内容链接；外部推广链接未知,retire,—,被替代的旧公开栏目/介绍/文章/小说；新版上线后 410（无对应替代作品），从 sitemap 移除,静态 slash 需 ASSETS 存在才 301；音乐受独立 gate/302；待 T20,src/pages/[locale]/devlog/[slug].astro:1; src/worker.js:23362,no,代码/构建定义已核对；HTTP 状态未验证，留 T20；生产配置/schema 未核验
R0619,/zh-hans/devlog/2026-05-17-SnapCopy-testflight-beta.md/,static HTML,GET|HEAD,src/data/navigation.ts；src/components/HomeHeader.astro；src/components/HomeFooter.astro；站内语言/内容链接；外部推广链接未知,retire,—,被替代的旧公开栏目/介绍/文章/小说；新版上线后 410（无对应替代作品），从 sitemap 移除,dist/index.html 已生成；Worker/Access 门禁可能先响应，不能认定 HTTP 200,src/pages/[locale]/devlog/[slug].astro:1,no,代码/构建定义已核对；HTTP 状态未验证，留 T20；生产配置/schema 未核验
R0620,/zh-hans/devlog/2026-05-17-snapcopy-testing,slashless variant,GET|HEAD,src/data/navigation.ts；src/components/HomeHeader.astro；src/components/HomeFooter.astro；站内语言/内容链接；外部推广链接未知,retire,—,被替代的旧公开栏目/介绍/文章/小说；新版上线后 410（无对应替代作品），从 sitemap 移除,静态 slash 需 ASSETS 存在才 301；音乐受独立 gate/302；待 T20,src/pages/[locale]/devlog/[slug].astro:1; src/worker.js:23362,no,代码/构建定义已核对；HTTP 状态未验证，留 T20；生产配置/schema 未核验
R0621,/zh-hans/devlog/2026-05-17-snapcopy-testing/,static HTML,GET|HEAD,src/data/navigation.ts；src/components/HomeHeader.astro；src/components/HomeFooter.astro；站内语言/内容链接；外部推广链接未知,retire,—,被替代的旧公开栏目/介绍/文章/小说；新版上线后 410（无对应替代作品），从 sitemap 移除,dist/index.html 已生成；Worker/Access 门禁可能先响应，不能认定 HTTP 200,src/pages/[locale]/devlog/[slug].astro:1,no,代码/构建定义已核对；HTTP 状态未验证，留 T20；生产配置/schema 未核验
R0622,/zh-hans/devlog/2026-05-17-station-cat-homepage,slashless variant,GET|HEAD,src/data/navigation.ts；src/components/HomeHeader.astro；src/components/HomeFooter.astro；站内语言/内容链接；外部推广链接未知,retire,—,被替代的旧公开栏目/介绍/文章/小说；新版上线后 410（无对应替代作品），从 sitemap 移除,静态 slash 需 ASSETS 存在才 301；音乐受独立 gate/302；待 T20,src/pages/[locale]/devlog/[slug].astro:1; src/worker.js:23362,no,代码/构建定义已核对；HTTP 状态未验证，留 T20；生产配置/schema 未核验
R0623,/zh-hans/devlog/2026-05-17-station-cat-homepage/,static HTML,GET|HEAD,src/data/navigation.ts；src/components/HomeHeader.astro；src/components/HomeFooter.astro；站内语言/内容链接；外部推广链接未知,retire,—,被替代的旧公开栏目/介绍/文章/小说；新版上线后 410（无对应替代作品），从 sitemap 移除,dist/index.html 已生成；Worker/Access 门禁可能先响应，不能认定 HTTP 200,src/pages/[locale]/devlog/[slug].astro:1,no,代码/构建定义已核对；HTTP 状态未验证，留 T20；生产配置/schema 未核验
R0624,/zh-hans/devlog/2026-05-19-snapcopy-v1-4-devlog,slashless variant,GET|HEAD,src/data/navigation.ts；src/components/HomeHeader.astro；src/components/HomeFooter.astro；站内语言/内容链接；外部推广链接未知,retire,—,被替代的旧公开栏目/介绍/文章/小说；新版上线后 410（无对应替代作品），从 sitemap 移除,静态 slash 需 ASSETS 存在才 301；音乐受独立 gate/302；待 T20,src/pages/[locale]/devlog/[slug].astro:1; src/worker.js:23362,no,代码/构建定义已核对；HTTP 状态未验证，留 T20；生产配置/schema 未核验
R0625,/zh-hans/devlog/2026-05-19-snapcopy-v1-4-devlog/,static HTML,GET|HEAD,src/data/navigation.ts；src/components/HomeHeader.astro；src/components/HomeFooter.astro；站内语言/内容链接；外部推广链接未知,retire,—,被替代的旧公开栏目/介绍/文章/小说；新版上线后 410（无对应替代作品），从 sitemap 移除,dist/index.html 已生成；Worker/Access 门禁可能先响应，不能认定 HTTP 200,src/pages/[locale]/devlog/[slug].astro:1,no,代码/构建定义已核对；HTTP 状态未验证，留 T20；生产配置/schema 未核验
R0626,/zh-hans/devlog/2026-05-31-snapcopy-v1-64-devlog,slashless variant,GET|HEAD,src/data/navigation.ts；src/components/HomeHeader.astro；src/components/HomeFooter.astro；站内语言/内容链接；外部推广链接未知,retire,—,被替代的旧公开栏目/介绍/文章/小说；新版上线后 410（无对应替代作品），从 sitemap 移除,静态 slash 需 ASSETS 存在才 301；音乐受独立 gate/302；待 T20,src/pages/[locale]/devlog/[slug].astro:1; src/worker.js:23362,no,代码/构建定义已核对；HTTP 状态未验证，留 T20；生产配置/schema 未核验
R0627,/zh-hans/devlog/2026-05-31-snapcopy-v1-64-devlog/,static HTML,GET|HEAD,src/data/navigation.ts；src/components/HomeHeader.astro；src/components/HomeFooter.astro；站内语言/内容链接；外部推广链接未知,retire,—,被替代的旧公开栏目/介绍/文章/小说；新版上线后 410（无对应替代作品），从 sitemap 移除,dist/index.html 已生成；Worker/Access 门禁可能先响应，不能认定 HTTP 200,src/pages/[locale]/devlog/[slug].astro:1,no,代码/构建定义已核对；HTTP 状态未验证，留 T20；生产配置/schema 未核验
R0628,/zh-hans/devlog/2026-06-14-simplecut-pro-user-first-video-editing,slashless variant,GET|HEAD,src/data/navigation.ts；src/components/HomeHeader.astro；src/components/HomeFooter.astro；站内语言/内容链接；外部推广链接未知,retire,—,被替代的旧公开栏目/介绍/文章/小说；新版上线后 410（无对应替代作品），从 sitemap 移除,静态 slash 需 ASSETS 存在才 301；音乐受独立 gate/302；待 T20,src/pages/[locale]/devlog/[slug].astro:1; src/worker.js:23362,no,代码/构建定义已核对；HTTP 状态未验证，留 T20；生产配置/schema 未核验
R0629,/zh-hans/devlog/2026-06-14-simplecut-pro-user-first-video-editing/,static HTML,GET|HEAD,src/data/navigation.ts；src/components/HomeHeader.astro；src/components/HomeFooter.astro；站内语言/内容链接；外部推广链接未知,retire,—,被替代的旧公开栏目/介绍/文章/小说；新版上线后 410（无对应替代作品），从 sitemap 移除,dist/index.html 已生成；Worker/Access 门禁可能先响应，不能认定 HTTP 200,src/pages/[locale]/devlog/[slug].astro:1,no,代码/构建定义已核对；HTTP 状态未验证，留 T20；生产配置/schema 未核验
R0630,/zh-hans/devlog/:slug,dynamic slashless family,GET|HEAD,src/data/navigation.ts；src/components/HomeHeader.astro；src/components/HomeFooter.astro；站内语言/内容链接；外部推广链接未知,retire,—,被替代的旧公开栏目/介绍/文章/小说；新版上线后 410（无对应替代作品），从 sitemap 移除,现有永久补斜线跳转；未来在退出规则前阻止旧公开跳转链,src/worker.js:22474,no,代码/构建定义已核对；HTTP 状态未验证，留 T20；生产配置/schema 未核验
R0631,/zh-hans/devlog/:slug/,dynamic public family,GET|HEAD,src/data/navigation.ts；src/components/HomeHeader.astro；src/components/HomeFooter.astro；站内语言/内容链接；外部推广链接未知,retire,—,被替代的旧公开栏目/介绍/文章/小说；新版上线后 410（无对应替代作品），从 sitemap 移除,按语言和 slug 动态解析；D1 实际 slug 未获取,src/worker.js:18969; src/worker.js:21501,no,代码/构建定义已核对；HTTP 状态未验证，留 T20；生产配置/schema 未核验
R0632,/zh-hans/library,slashless variant,GET|HEAD,src/data/navigation.ts；src/components/HomeHeader.astro；src/components/HomeFooter.astro；站内语言/内容链接；外部推广链接未知,service,/zh-hans/library/,政策、售后、下载、登录、会员、余额/支付服务；退出旧栏目导航不等于删除服务,静态 slash 需 ASSETS 存在才 301；音乐受独立 gate/302；待 T20,src/pages/zh-hans/library/index.astro:1; src/worker.js:23362,no,代码/构建定义已核对；HTTP 状态未验证，留 T20；生产配置/schema 未核验
R0633,/zh-hans/library/,static HTML,GET|HEAD,public/games/cat-life/cloud-sync.js:208; public/games/cat-life/commerce.js:252; public/games/cat-life/site-integration.js:23; src/components/Footer.astro:58; src/components/SerialsHubPage.astro:51; src/data/navigation.ts:35,service,/zh-hans/library/,政策、售后、下载、登录、会员、余额/支付服务；退出旧栏目导航不等于删除服务,dist/index.html 已生成；Worker/Access 门禁可能先响应，不能认定 HTTP 200,src/pages/zh-hans/library/index.astro:1,no,代码/构建定义已核对；HTTP 状态未验证，留 T20；生产配置/schema 未核验
R0634,/zh-hans/music,slashless variant; music slashless,GET|HEAD,src/data/navigation.ts；src/components/HomeHeader.astro；src/components/HomeFooter.astro；站内语言/内容链接；外部推广链接未知,redirect,/zh-hans/music/,按音乐 handler gate 后执行无斜线规范化,静态 slash 需 ASSETS 存在才 301；音乐受独立 gate/302；待 T20,src/pages/zh-hans/music/index.astro:1; src/worker.js:23362; src/music/pagePaths.js:2; src/music/pageHttp.js:19,no,代码/构建定义已核对；HTTP 状态未验证，留 T20；生产配置/schema 未核验
R0635,/zh-hans/music/,static HTML; music alias/query/descendant,GET|HEAD,src/data/navigation.ts；src/components/HomeHeader.astro；src/components/HomeFooter.astro；站内语言/内容链接；外部推广链接未知,keep,/zh-hans/music/,音乐根页面继续；别名和无斜线按原语言规范化；运行开关仍有效,gate 未启用先 503；gate 启用后根页面/别名 302/ASSETS，未知后代 404,src/pages/zh-hans/music/index.astro:1; src/music/pagePaths.js:3; src/music/pageHttp.js:17,no,代码/构建定义已核对；HTTP 状态未验证，留 T20；生产配置/schema 未核验
R0636,/zh-hans/music/:legacyDescendant/*,music alias/query/descendant,GET|HEAD,src/data/navigation.ts；src/components/HomeHeader.astro；src/components/HomeFooter.astro；站内语言/内容链接；外部推广链接未知,retire,404 仅用于无法映射的遗留后代；新详情路由例外,namespace 匹配不代表现有详情页；不能关闭将实现的 /music/tracks/:slug/；不猜测 slug 存在,gate 未启用先 503；gate 启用后根页面/别名 302/ASSETS，未知后代 404,src/music/pagePaths.js:3; src/music/pageHttp.js:17,no,代码/构建定义已核对；HTTP 状态未验证，留 T20；生产配置/schema 未核验
R0637,/zh-hans/music/?collection=:slug,music alias/query/descendant,GET|HEAD,src/data/navigation.ts；src/components/HomeHeader.astro；src/components/HomeFooter.astro；站内语言/内容链接；外部推广链接未知,service,/zh-hans/music/?collection=:slug,保留有效合集选择与原生合集能力；本期没有新的合集详情路由规格，不能强行跳到单曲或通用首页；失效实体沿用真实错误,gate 未启用先 503；gate 启用后根页面/别名 302/ASSETS，未知后代 404,src/music/pagePaths.js:3; src/music/pageHttp.js:17,no,代码/构建定义已核对；HTTP 状态未验证，留 T20；生产配置/schema 未核验
R0638,/zh-hans/music/?track=:trackId,music alias/query/descendant,GET|HEAD,src/data/navigation.ts；src/components/HomeHeader.astro；src/components/HomeFooter.astro；站内语言/内容链接；外部推广链接未知,redirect,待 T06/T09：稳定 track ID 映射到同歌曲 /music/tracks/:slug/ 的对应语言地址；不存在/不公开才 404,真实 ID/slug 映射尚未核验；有效记录暂不能解析新 slug 时保持兼容或报告阻塞，不自动按不存在处理,gate 未启用先 503；gate 启用后根页面/别名 302/ASSETS，未知后代 404,src/music/pagePaths.js:3; src/music/pageHttp.js:17,no,代码/构建定义已核对；HTTP 状态未验证，留 T20；生产配置/schema 未核验
R0639,/zh-hans/music?collection=:slug,music slashless query,GET|HEAD,src/data/navigation.ts；src/components/HomeHeader.astro；src/components/HomeFooter.astro；站内语言/内容链接；外部推广链接未知,redirect,/zh-hans/music/?collection=:slug,规范化保留合法唯一的选择参数及实体/语言；单曲等 T06/T09 映射，合集继续兼容，不丢弃 query,gate 未启用先 503；启用后 302 到 musicPageHref 规范地址,src/music/pagePaths.js:10; src/music/pageHttp.js:19,no,代码/构建定义已核对；HTTP 状态未验证，留 T20；生产配置/schema 未核验
R0640,/zh-hans/music?track=:trackId,music slashless query,GET|HEAD,src/data/navigation.ts；src/components/HomeHeader.astro；src/components/HomeFooter.astro；站内语言/内容链接；外部推广链接未知,redirect,待稳定 ID 映射到同歌曲的语言详情地址；未知实体才 404,规范化保留合法唯一的选择参数及实体/语言；单曲等 T06/T09 映射，合集继续兼容，不丢弃 query,gate 未启用先 503；启用后 302 到 musicPageHref 规范地址,src/music/pagePaths.js:10; src/music/pageHttp.js:19,no,代码/构建定义已核对；HTTP 状态未验证，留 T20；生产配置/schema 未核验
R0641,/zh-hans/novel/*,unsupported novel prefix,GET|HEAD,src/data/navigation.ts；src/components/HomeHeader.astro；src/components/HomeFooter.astro；站内语言/内容链接；外部推广链接未知,retire,404,当前 novel parser 只承认无前缀繁体和 en；记录语言候选/失效旧链，不写成有效页面,见源代码；不是线上 HTTP 记录,src/worker.js:18994,no,代码/构建定义已核对；HTTP 状态未验证，留 T20；生产配置/schema 未核验
R0642,/zh-hans/points,slashless variant,GET|HEAD,src/data/navigation.ts；src/components/HomeHeader.astro；src/components/HomeFooter.astro；站内语言/内容链接；外部推广链接未知,service,/zh-hans/points/,政策、售后、下载、登录、会员、余额/支付服务；退出旧栏目导航不等于删除服务,静态 slash 需 ASSETS 存在才 301；音乐受独立 gate/302；待 T20,src/pages/zh-hans/points.astro:1; src/worker.js:23362,no,代码/构建定义已核对；HTTP 状态未验证，留 T20；生产配置/schema 未核验
R0643,/zh-hans/points/,static HTML; sitemap entry,GET|HEAD,public/games/cat-life/commerce.js:260; src/components/Footer.astro:59; src/components/GeneralLegalIndex.astro:76; src/components/ReaderLibraryPage.astro:24; src/data/navigation.ts:32; src/data/products/station-points.ts:9,service,/zh-hans/points/,政策、售后、下载、登录、会员、余额/支付服务；退出旧栏目导航不等于删除服务,dist/index.html 已生成；Worker/Access 门禁可能先响应，不能认定 HTTP 200,src/pages/zh-hans/points.astro:1; scripts/generate-sitemap.mjs:11; scripts/generate-sitemap.mjs:99,yes,代码/构建定义已核对；HTTP 状态未验证，留 T20；生产配置/schema 未核验
R0644,/zh-hans/privacy,slashless variant,GET|HEAD,src/data/navigation.ts；src/components/HomeHeader.astro；src/components/HomeFooter.astro；站内语言/内容链接；外部推广链接未知,service,/zh-hans/privacy/,政策、售后、下载、登录、会员、余额/支付服务；退出旧栏目导航不等于删除服务,静态 slash 需 ASSETS 存在才 301；音乐受独立 gate/302；待 T20,src/pages/zh-hans/privacy.astro:1; src/worker.js:23362,no,代码/构建定义已核对；HTTP 状态未验证，留 T20；生产配置/schema 未核验
R0645,/zh-hans/privacy/,static HTML; sitemap entry,GET|HEAD,src/data/navigation.ts；src/components/HomeHeader.astro；src/components/HomeFooter.astro；站内语言/内容链接；外部推广链接未知,service,/zh-hans/privacy/,政策、售后、下载、登录、会员、余额/支付服务；退出旧栏目导航不等于删除服务,dist/index.html 已生成；Worker/Access 门禁可能先响应，不能认定 HTTP 200,src/pages/zh-hans/privacy.astro:1; scripts/generate-sitemap.mjs:11; scripts/generate-sitemap.mjs:99,yes,代码/构建定义已核对；HTTP 状态未验证，留 T20；生产配置/schema 未核验
R0646,/zh-hans/signal,dynamic slashless family,GET|HEAD,src/data/navigation.ts；src/components/HomeHeader.astro；src/components/HomeFooter.astro；站内语言/内容链接；外部推广链接未知,retire,—,被替代的旧公开栏目/介绍/文章/小说；新版上线后 410（无对应替代作品），从 sitemap 移除,现有永久补斜线跳转；未来在退出规则前阻止旧公开跳转链,src/worker.js:22474,no,代码/构建定义已核对；HTTP 状态未验证，留 T20；生产配置/schema 未核验
R0647,/zh-hans/signal/,sitemap entry; dynamic public family,GET|HEAD,src/data/navigation.ts；src/components/HomeHeader.astro；src/components/HomeFooter.astro；站内语言/内容链接；外部推广链接未知,retire,—,被替代的旧公开栏目/介绍/文章/小说；新版上线后 410（无对应替代作品），从 sitemap 移除,按语言和 slug 动态解析；D1 实际 slug 未获取,scripts/generate-sitemap.mjs:11; scripts/generate-sitemap.mjs:99; src/worker.js:18969; src/worker.js:21501,yes,代码/构建定义已核对；HTTP 状态未验证，留 T20；生产配置/schema 未核验
R0648,/zh-hans/signal/:slug,dynamic slashless family,GET|HEAD,src/data/navigation.ts；src/components/HomeHeader.astro；src/components/HomeFooter.astro；站内语言/内容链接；外部推广链接未知,retire,—,被替代的旧公开栏目/介绍/文章/小说；新版上线后 410（无对应替代作品），从 sitemap 移除,现有永久补斜线跳转；未来在退出规则前阻止旧公开跳转链,src/worker.js:22474,no,代码/构建定义已核对；HTTP 状态未验证，留 T20；生产配置/schema 未核验
R0649,/zh-hans/signal/:slug/,dynamic public family,GET|HEAD,src/data/navigation.ts；src/components/HomeHeader.astro；src/components/HomeFooter.astro；站内语言/内容链接；外部推广链接未知,retire,—,被替代的旧公开栏目/介绍/文章/小说；新版上线后 410（无对应替代作品），从 sitemap 移除,按语言和 slug 动态解析；D1 实际 slug 未获取,src/worker.js:18969; src/worker.js:21501,no,代码/构建定义已核对；HTTP 状态未验证，留 T20；生产配置/schema 未核验
R0650,/zh-hans/signal/:slug/card.png,dynamic public family,GET|HEAD,src/data/navigation.ts；src/components/HomeHeader.astro；src/components/HomeFooter.astro；站内语言/内容链接；外部推广链接未知,retire,—,被替代的旧公开栏目/介绍/文章/小说；新版上线后 410（无对应替代作品），从 sitemap 移除,按语言和 slug 动态解析；D1 实际 slug 未获取,src/worker.js:18969; src/worker.js:21501,no,代码/构建定义已核对；HTTP 状态未验证，留 T20；生产配置/schema 未核验
R0651,/zh-hans/signal/:slug/card.svg,dynamic public family,GET|HEAD,src/data/navigation.ts；src/components/HomeHeader.astro；src/components/HomeFooter.astro；站内语言/内容链接；外部推广链接未知,retire,—,被替代的旧公开栏目/介绍/文章/小说；新版上线后 410（无对应替代作品），从 sitemap 移除,按语言和 slug 动态解析；D1 实际 slug 未获取,src/worker.js:18969; src/worker.js:21501,no,代码/构建定义已核对；HTTP 状态未验证，留 T20；生产配置/schema 未核验
R0652,/zh-hans/signal/:slug/share-card.png,dynamic public family,GET|HEAD,src/data/navigation.ts；src/components/HomeHeader.astro；src/components/HomeFooter.astro；站内语言/内容链接；外部推广链接未知,retire,—,被替代的旧公开栏目/介绍/文章/小说；新版上线后 410（无对应替代作品），从 sitemap 移除,按语言和 slug 动态解析；D1 实际 slug 未获取,src/worker.js:18969; src/worker.js:21501,no,代码/构建定义已核对；HTTP 状态未验证，留 T20；生产配置/schema 未核验
R0653,/zh-hans/signal/:slug/share-card.svg,dynamic public family,GET|HEAD,src/data/navigation.ts；src/components/HomeHeader.astro；src/components/HomeFooter.astro；站内语言/内容链接；外部推广链接未知,retire,—,被替代的旧公开栏目/介绍/文章/小说；新版上线后 410（无对应替代作品），从 sitemap 移除,按语言和 slug 动态解析；D1 实际 slug 未获取,src/worker.js:18969; src/worker.js:21501,no,代码/构建定义已核对；HTTP 状态未验证，留 T20；生产配置/schema 未核验
R0654,/zh-hans/terms,slashless variant,GET|HEAD,src/data/navigation.ts；src/components/HomeHeader.astro；src/components/HomeFooter.astro；站内语言/内容链接；外部推广链接未知,service,/zh-hans/terms/,政策、售后、下载、登录、会员、余额/支付服务；退出旧栏目导航不等于删除服务,静态 slash 需 ASSETS 存在才 301；音乐受独立 gate/302；待 T20,src/pages/zh-hans/terms.astro:1; src/worker.js:23362,no,代码/构建定义已核对；HTTP 状态未验证，留 T20；生产配置/schema 未核验
R0655,/zh-hans/terms/,static HTML; sitemap entry,GET|HEAD,src/data/navigation.ts；src/components/HomeHeader.astro；src/components/HomeFooter.astro；站内语言/内容链接；外部推广链接未知,service,/zh-hans/terms/,政策、售后、下载、登录、会员、余额/支付服务；退出旧栏目导航不等于删除服务,dist/index.html 已生成；Worker/Access 门禁可能先响应，不能认定 HTTP 200,src/pages/zh-hans/terms.astro:1; scripts/generate-sitemap.mjs:11; scripts/generate-sitemap.mjs:99,yes,代码/构建定义已核对；HTTP 状态未验证，留 T20；生产配置/schema 未核验
R0656,/zh-hans/works,legacy works slashless alias,GET|HEAD,src/data/navigation.ts；src/components/HomeHeader.astro；src/components/HomeFooter.astro；站内语言/内容链接；外部推广链接未知,retire,—,被替代的旧公开栏目/介绍/文章/小说；新版上线后 410（无对应替代作品），从 sitemap 移除,见源代码；不是线上 HTTP 记录,src/worker.js:22494,no,代码/构建定义已核对；HTTP 状态未验证，留 T20；生产配置/schema 未核验
R0657,/zh-hans/works/,legacy works alias,GET|HEAD,src/data/navigation.ts；src/components/HomeHeader.astro；src/components/HomeFooter.astro；站内语言/内容链接；外部推广链接未知,retire,—,被替代的旧公开栏目/介绍/文章/小说；新版上线后 410（无对应替代作品），从 sitemap 移除,现有 works -> novel 301；无新公开对应内容时应直接退役,src/worker.js:22494,no,代码/构建定义已核对；HTTP 状态未验证，留 T20；生产配置/schema 未核验
R0658,/zh-hans/works/:series,legacy works slashless alias,GET|HEAD,src/data/navigation.ts；src/components/HomeHeader.astro；src/components/HomeFooter.astro；站内语言/内容链接；外部推广链接未知,retire,—,被替代的旧公开栏目/介绍/文章/小说；新版上线后 410（无对应替代作品），从 sitemap 移除,见源代码；不是线上 HTTP 记录,src/worker.js:22494,no,代码/构建定义已核对；HTTP 状态未验证，留 T20；生产配置/schema 未核验
R0659,/zh-hans/works/:series/,legacy works alias,GET|HEAD,src/data/navigation.ts；src/components/HomeHeader.astro；src/components/HomeFooter.astro；站内语言/内容链接；外部推广链接未知,retire,—,被替代的旧公开栏目/介绍/文章/小说；新版上线后 410（无对应替代作品），从 sitemap 移除,现有 works -> novel 301；无新公开对应内容时应直接退役,src/worker.js:22494,no,代码/构建定义已核对；HTTP 状态未验证，留 T20；生产配置/schema 未核验
R0660,/zh-hans/works/:series/:chapter,legacy chapter alias,GET|HEAD,src/data/navigation.ts；src/components/HomeHeader.astro；src/components/HomeFooter.astro；站内语言/内容链接；外部推广链接未知,service,/novel/:series/chapter/:chapter/,历史授权/书签别名；直接到对应受保护阅读路径；匿名不保留旧公开正文,现有 301 保留 query 到 novel chapter,src/worker.js:22512,no,代码/构建定义已核对；HTTP 状态未验证，留 T20；生产配置/schema 未核验
R0661,/zh-hans/works/:series/:chapter/,legacy chapter alias,GET|HEAD,src/data/navigation.ts；src/components/HomeHeader.astro；src/components/HomeFooter.astro；站内语言/内容链接；外部推广链接未知,service,/novel/:series/chapter/:chapter/,历史授权/书签别名；直接到对应受保护阅读路径；匿名不保留旧公开正文,现有 301 保留 query 到 novel chapter,src/worker.js:22512,no,代码/构建定义已核对；HTTP 状态未验证，留 T20；生产配置/schema 未核验
R0662,/zh-hant,assets redirect,GET|HEAD,src/data/navigation.ts；src/components/HomeHeader.astro；src/components/HomeFooter.astro；站内语言/内容链接；外部推广链接未知,redirect,/,保留繁体首页规范别名，直接跳转，避免循环,现有 assets 301 -> /；执行位置依 run_worker_first,public/_redirects:2,no,代码/构建定义已核对；HTTP 状态未验证，留 T20；生产配置/schema 未核验
R0663,/zh-hant/,assets redirect,GET|HEAD,src/data/navigation.ts；src/components/HomeHeader.astro；src/components/HomeFooter.astro；站内语言/内容链接；外部推广链接未知,redirect,/,保留繁体首页规范别名，直接跳转，避免循环,现有 assets 301 -> /；执行位置依 run_worker_first,public/_redirects:3,no,代码/构建定义已核对；HTTP 状态未验证，留 T20；生产配置/schema 未核验
R0664,/zh-hant/404,slashless variant,GET|HEAD,src/data/navigation.ts；src/components/HomeHeader.astro；src/components/HomeFooter.astro；站内语言/内容链接；外部推广链接未知,service,/zh-hant/404/,保留错误页产物；响应状态在 T20 验证,静态 slash 需 ASSETS 存在才 301；音乐受独立 gate/302；待 T20,src/pages/zh-hant/404.astro:1; src/worker.js:23362,no,代码/构建定义已核对；HTTP 状态未验证，留 T20；生产配置/schema 未核验
R0665,/zh-hant/404/,static HTML,GET|HEAD,src/data/navigation.ts；src/components/HomeHeader.astro；src/components/HomeFooter.astro；站内语言/内容链接；外部推广链接未知,service,/zh-hant/404/,保留错误页产物；响应状态在 T20 验证,dist/index.html 已生成；Worker/Access 门禁可能先响应，不能认定 HTTP 200,src/pages/zh-hant/404.astro:1,no,代码/构建定义已核对；HTTP 状态未验证，留 T20；生产配置/schema 未核验
R0666,/zh-hant/apps,slashless variant,GET|HEAD,src/data/navigation.ts；src/components/HomeHeader.astro；src/components/HomeFooter.astro；站内语言/内容链接；外部推广链接未知,retire,—,被替代的旧公开栏目/介绍/文章/小说；新版上线后 410（无对应替代作品），从 sitemap 移除,静态 slash 需 ASSETS 存在才 301；音乐受独立 gate/302；待 T20,src/pages/zh-hant/apps/index.astro:1; src/worker.js:23362,no,代码/构建定义已核对；HTTP 状态未验证，留 T20；生产配置/schema 未核验
R0667,/zh-hant/apps/,static HTML; sitemap entry,GET|HEAD,src/data/navigation.ts；src/components/HomeHeader.astro；src/components/HomeFooter.astro；站内语言/内容链接；外部推广链接未知,retire,—,被替代的旧公开栏目/介绍/文章/小说；新版上线后 410（无对应替代作品），从 sitemap 移除,dist/index.html 已生成；Worker/Access 门禁可能先响应，不能认定 HTTP 200,src/pages/zh-hant/apps/index.astro:1; scripts/generate-sitemap.mjs:11; scripts/generate-sitemap.mjs:99,yes,代码/构建定义已核对；HTTP 状态未验证，留 T20；生产配置/schema 未核验
R0668,/zh-hant/apps/anytls-desktop-manager,Worker exact redirect,GET|HEAD,src/data/navigation.ts；src/components/HomeHeader.astro；src/components/HomeFooter.astro；站内语言/内容链接；外部推广链接未知,retire,—,被替代的旧公开栏目/介绍/文章/小说；新版上线后 410（无对应替代作品），从 sitemap 移除,现有 301 -> /zh-hant/apps/nodepilot/,src/worker.js:22466,no,代码/构建定义已核对；HTTP 状态未验证，留 T20；生产配置/schema 未核验
R0669,/zh-hant/apps/anytls-desktop-manager/,Worker exact redirect,GET|HEAD,src/data/navigation.ts；src/components/HomeHeader.astro；src/components/HomeFooter.astro；站内语言/内容链接；外部推广链接未知,retire,—,被替代的旧公开栏目/介绍/文章/小说；新版上线后 410（无对应替代作品），从 sitemap 移除,现有 301 -> /zh-hant/apps/nodepilot/,src/worker.js:22467,no,代码/构建定义已核对；HTTP 状态未验证，留 T20；生产配置/schema 未核验
R0670,/zh-hant/apps/caption-ai,slashless variant,GET|HEAD,src/data/navigation.ts；src/components/HomeHeader.astro；src/components/HomeFooter.astro；站内语言/内容链接；外部推广链接未知,retire,—,被替代的旧公开栏目/介绍/文章/小说；新版上线后 410（无对应替代作品），从 sitemap 移除,静态 slash 需 ASSETS 存在才 301；音乐受独立 gate/302；待 T20,src/pages/zh-hant/apps/caption-ai/index.astro:1; src/worker.js:23362,no,代码/构建定义已核对；HTTP 状态未验证，留 T20；生产配置/schema 未核验
R0671,/zh-hant/apps/caption-ai/,static HTML; sitemap entry,GET|HEAD,src/data/navigation.ts；src/components/HomeHeader.astro；src/components/HomeFooter.astro；站内语言/内容链接；外部推广链接未知,retire,—,被替代的旧公开栏目/介绍/文章/小说；新版上线后 410（无对应替代作品），从 sitemap 移除,dist/index.html 已生成；Worker/Access 门禁可能先响应，不能认定 HTTP 200,src/pages/zh-hant/apps/caption-ai/index.astro:1; scripts/generate-sitemap.mjs:11; scripts/generate-sitemap.mjs:99,yes,代码/构建定义已核对；HTTP 状态未验证，留 T20；生产配置/schema 未核验
R0672,/zh-hant/apps/caption-ai/android,slashless variant,GET|HEAD,src/data/navigation.ts；src/components/HomeHeader.astro；src/components/HomeFooter.astro；站内语言/内容链接；外部推广链接未知,service,/zh-hant/apps/caption-ai/android/,政策、售后、下载、登录、会员、余额/支付服务；退出旧栏目导航不等于删除服务,静态 slash 需 ASSETS 存在才 301；音乐受独立 gate/302；待 T20,src/pages/zh-hant/apps/caption-ai/android.astro:1; src/worker.js:23362,no,代码/构建定义已核对；HTTP 状态未验证，留 T20；生产配置/schema 未核验
R0673,/zh-hant/apps/caption-ai/android/,static HTML; sitemap entry,GET|HEAD,src/data/navigation.ts；src/components/HomeHeader.astro；src/components/HomeFooter.astro；站内语言/内容链接；外部推广链接未知,service,/zh-hant/apps/caption-ai/android/,政策、售后、下载、登录、会员、余额/支付服务；退出旧栏目导航不等于删除服务,dist/index.html 已生成；Worker/Access 门禁可能先响应，不能认定 HTTP 200,src/pages/zh-hant/apps/caption-ai/android.astro:1; scripts/generate-sitemap.mjs:11; scripts/generate-sitemap.mjs:99,yes,代码/构建定义已核对；HTTP 状态未验证，留 T20；生产配置/schema 未核验
R0674,/zh-hant/apps/caption-ai/download,slashless variant,GET|HEAD,下载组件与产品页；外部 App/历史下载链接（完整外链未获取）,service,/zh-hant/apps/caption-ai/download/,政策、售后、下载、登录、会员、余额/支付服务；退出旧栏目导航不等于删除服务,静态 slash 需 ASSETS 存在才 301；音乐受独立 gate/302；待 T20,src/pages/zh-hant/apps/caption-ai/download.astro:1; src/worker.js:23362,no,代码/构建定义已核对；HTTP 状态未验证，留 T20；生产配置/schema 未核验
R0675,/zh-hant/apps/caption-ai/download/,static HTML; sitemap entry,GET|HEAD,下载组件与产品页；外部 App/历史下载链接（完整外链未获取）,service,/zh-hant/apps/caption-ai/download/,政策、售后、下载、登录、会员、余额/支付服务；退出旧栏目导航不等于删除服务,dist/index.html 已生成；Worker/Access 门禁可能先响应，不能认定 HTTP 200,src/pages/zh-hant/apps/caption-ai/download.astro:1; scripts/generate-sitemap.mjs:11; scripts/generate-sitemap.mjs:99,yes,代码/构建定义已核对；HTTP 状态未验证，留 T20；生产配置/schema 未核验
R0676,/zh-hant/apps/caption-ai/privacy,slashless variant,GET|HEAD,src/data/navigation.ts；src/components/HomeHeader.astro；src/components/HomeFooter.astro；站内语言/内容链接；外部推广链接未知,service,/zh-hant/apps/caption-ai/privacy/,政策、售后、下载、登录、会员、余额/支付服务；退出旧栏目导航不等于删除服务,静态 slash 需 ASSETS 存在才 301；音乐受独立 gate/302；待 T20,src/pages/zh-hant/apps/caption-ai/privacy.astro:1; src/worker.js:23362,no,代码/构建定义已核对；HTTP 状态未验证，留 T20；生产配置/schema 未核验
R0677,/zh-hant/apps/caption-ai/privacy/,static HTML; sitemap entry,GET|HEAD,src/data/navigation.ts；src/components/HomeHeader.astro；src/components/HomeFooter.astro；站内语言/内容链接；外部推广链接未知,service,/zh-hant/apps/caption-ai/privacy/,政策、售后、下载、登录、会员、余额/支付服务；退出旧栏目导航不等于删除服务,dist/index.html 已生成；Worker/Access 门禁可能先响应，不能认定 HTTP 200,src/pages/zh-hant/apps/caption-ai/privacy.astro:1; scripts/generate-sitemap.mjs:11; scripts/generate-sitemap.mjs:99,yes,代码/构建定义已核对；HTTP 状态未验证，留 T20；生产配置/schema 未核验
R0678,/zh-hant/apps/caption-ai/support,slashless variant,GET|HEAD,src/data/navigation.ts；src/components/HomeHeader.astro；src/components/HomeFooter.astro；站内语言/内容链接；外部推广链接未知,service,/zh-hant/apps/caption-ai/support/,政策、售后、下载、登录、会员、余额/支付服务；退出旧栏目导航不等于删除服务,静态 slash 需 ASSETS 存在才 301；音乐受独立 gate/302；待 T20,src/pages/zh-hant/apps/caption-ai/support.astro:1; src/worker.js:23362,no,代码/构建定义已核对；HTTP 状态未验证，留 T20；生产配置/schema 未核验
R0679,/zh-hant/apps/caption-ai/support/,static HTML; sitemap entry,GET|HEAD,src/data/navigation.ts；src/components/HomeHeader.astro；src/components/HomeFooter.astro；站内语言/内容链接；外部推广链接未知,service,/zh-hant/apps/caption-ai/support/,政策、售后、下载、登录、会员、余额/支付服务；退出旧栏目导航不等于删除服务,dist/index.html 已生成；Worker/Access 门禁可能先响应，不能认定 HTTP 200,src/pages/zh-hant/apps/caption-ai/support.astro:1; scripts/generate-sitemap.mjs:11; scripts/generate-sitemap.mjs:99,yes,代码/构建定义已核对；HTTP 状态未验证，留 T20；生产配置/schema 未核验
R0680,/zh-hant/apps/caption-ai/terms,slashless variant,GET|HEAD,src/data/navigation.ts；src/components/HomeHeader.astro；src/components/HomeFooter.astro；站内语言/内容链接；外部推广链接未知,service,/zh-hant/apps/caption-ai/terms/,政策、售后、下载、登录、会员、余额/支付服务；退出旧栏目导航不等于删除服务,静态 slash 需 ASSETS 存在才 301；音乐受独立 gate/302；待 T20,src/pages/zh-hant/apps/caption-ai/terms.astro:1; src/worker.js:23362,no,代码/构建定义已核对；HTTP 状态未验证，留 T20；生产配置/schema 未核验
R0681,/zh-hant/apps/caption-ai/terms/,static HTML; sitemap entry,GET|HEAD,src/data/navigation.ts；src/components/HomeHeader.astro；src/components/HomeFooter.astro；站内语言/内容链接；外部推广链接未知,service,/zh-hant/apps/caption-ai/terms/,政策、售后、下载、登录、会员、余额/支付服务；退出旧栏目导航不等于删除服务,dist/index.html 已生成；Worker/Access 门禁可能先响应，不能认定 HTTP 200,src/pages/zh-hant/apps/caption-ai/terms.astro:1; scripts/generate-sitemap.mjs:11; scripts/generate-sitemap.mjs:99,yes,代码/构建定义已核对；HTTP 状态未验证，留 T20；生产配置/schema 未核验
R0682,/zh-hant/apps/cat-life-game,slashless variant,GET|HEAD,src/data/navigation.ts；src/components/HomeHeader.astro；src/components/HomeFooter.astro；站内语言/内容链接；外部推广链接未知,redirect,/zh-hant/games/cat-life-game/,对应同一游戏介绍；拟定地址待 T12 实现；不能占用 /games/cat-life/,静态 slash 需 ASSETS 存在才 301；音乐受独立 gate/302；待 T20,src/pages/zh-hant/apps/cat-life-game/index.astro:1; src/worker.js:23362,no,代码/构建定义已核对；HTTP 状态未验证，留 T20；生产配置/schema 未核验
R0683,/zh-hant/apps/cat-life-game/,static HTML; sitemap entry,GET|HEAD,src/data/navigation.ts；src/components/HomeHeader.astro；src/components/HomeFooter.astro；站内语言/内容链接；外部推广链接未知,redirect,/zh-hant/games/cat-life-game/,对应同一游戏介绍；拟定地址待 T12 实现；不能占用 /games/cat-life/,dist/index.html 已生成；Worker/Access 门禁可能先响应，不能认定 HTTP 200,src/pages/zh-hant/apps/cat-life-game/index.astro:1; scripts/generate-sitemap.mjs:11; scripts/generate-sitemap.mjs:99,yes,代码/构建定义已核对；HTTP 状态未验证，留 T20；生产配置/schema 未核验
R0684,/zh-hant/apps/mindbudget,slashless variant,GET|HEAD,src/data/navigation.ts；src/components/HomeHeader.astro；src/components/HomeFooter.astro；站内语言/内容链接；外部推广链接未知,retire,—,被替代的旧公开栏目/介绍/文章/小说；新版上线后 410（无对应替代作品），从 sitemap 移除,静态 slash 需 ASSETS 存在才 301；音乐受独立 gate/302；待 T20,src/pages/zh-hant/apps/mindbudget/index.astro:1; src/worker.js:23362,no,代码/构建定义已核对；HTTP 状态未验证，留 T20；生产配置/schema 未核验
R0685,/zh-hant/apps/mindbudget/,static HTML; sitemap entry,GET|HEAD,src/data/navigation.ts；src/components/HomeHeader.astro；src/components/HomeFooter.astro；站内语言/内容链接；外部推广链接未知,retire,—,被替代的旧公开栏目/介绍/文章/小说；新版上线后 410（无对应替代作品），从 sitemap 移除,dist/index.html 已生成；Worker/Access 门禁可能先响应，不能认定 HTTP 200,src/pages/zh-hant/apps/mindbudget/index.astro:1; scripts/generate-sitemap.mjs:11; scripts/generate-sitemap.mjs:99,yes,代码/构建定义已核对；HTTP 状态未验证，留 T20；生产配置/schema 未核验
R0686,/zh-hant/apps/mindbudget/download,slashless variant,GET|HEAD,下载组件与产品页；外部 App/历史下载链接（完整外链未获取）,service,/zh-hant/apps/mindbudget/download/,政策、售后、下载、登录、会员、余额/支付服务；退出旧栏目导航不等于删除服务,静态 slash 需 ASSETS 存在才 301；音乐受独立 gate/302；待 T20,src/pages/zh-hant/apps/mindbudget/download.astro:1; src/worker.js:23362,no,代码/构建定义已核对；HTTP 状态未验证，留 T20；生产配置/schema 未核验
R0687,/zh-hant/apps/mindbudget/download/,static HTML; sitemap entry,GET|HEAD,下载组件与产品页；外部 App/历史下载链接（完整外链未获取）,service,/zh-hant/apps/mindbudget/download/,政策、售后、下载、登录、会员、余额/支付服务；退出旧栏目导航不等于删除服务,dist/index.html 已生成；Worker/Access 门禁可能先响应，不能认定 HTTP 200,src/pages/zh-hant/apps/mindbudget/download.astro:1; scripts/generate-sitemap.mjs:11; scripts/generate-sitemap.mjs:99,yes,代码/构建定义已核对；HTTP 状态未验证，留 T20；生产配置/schema 未核验
R0688,/zh-hant/apps/mindbudget/privacy,slashless variant,GET|HEAD,src/data/navigation.ts；src/components/HomeHeader.astro；src/components/HomeFooter.astro；站内语言/内容链接；外部推广链接未知,service,/zh-hant/apps/mindbudget/privacy/,政策、售后、下载、登录、会员、余额/支付服务；退出旧栏目导航不等于删除服务,静态 slash 需 ASSETS 存在才 301；音乐受独立 gate/302；待 T20,src/pages/zh-hant/apps/mindbudget/privacy.astro:1; src/worker.js:23362,no,代码/构建定义已核对；HTTP 状态未验证，留 T20；生产配置/schema 未核验
R0689,/zh-hant/apps/mindbudget/privacy/,static HTML; sitemap entry,GET|HEAD,src/data/navigation.ts；src/components/HomeHeader.astro；src/components/HomeFooter.astro；站内语言/内容链接；外部推广链接未知,service,/zh-hant/apps/mindbudget/privacy/,政策、售后、下载、登录、会员、余额/支付服务；退出旧栏目导航不等于删除服务,dist/index.html 已生成；Worker/Access 门禁可能先响应，不能认定 HTTP 200,src/pages/zh-hant/apps/mindbudget/privacy.astro:1; scripts/generate-sitemap.mjs:11; scripts/generate-sitemap.mjs:99,yes,代码/构建定义已核对；HTTP 状态未验证，留 T20；生产配置/schema 未核验
R0690,/zh-hant/apps/mindbudget/support,slashless variant,GET|HEAD,src/data/navigation.ts；src/components/HomeHeader.astro；src/components/HomeFooter.astro；站内语言/内容链接；外部推广链接未知,service,/zh-hant/apps/mindbudget/support/,政策、售后、下载、登录、会员、余额/支付服务；退出旧栏目导航不等于删除服务,静态 slash 需 ASSETS 存在才 301；音乐受独立 gate/302；待 T20,src/pages/zh-hant/apps/mindbudget/support.astro:1; src/worker.js:23362,no,代码/构建定义已核对；HTTP 状态未验证，留 T20；生产配置/schema 未核验
R0691,/zh-hant/apps/mindbudget/support/,static HTML; sitemap entry,GET|HEAD,src/data/navigation.ts；src/components/HomeHeader.astro；src/components/HomeFooter.astro；站内语言/内容链接；外部推广链接未知,service,/zh-hant/apps/mindbudget/support/,政策、售后、下载、登录、会员、余额/支付服务；退出旧栏目导航不等于删除服务,dist/index.html 已生成；Worker/Access 门禁可能先响应，不能认定 HTTP 200,src/pages/zh-hant/apps/mindbudget/support.astro:1; scripts/generate-sitemap.mjs:11; scripts/generate-sitemap.mjs:99,yes,代码/构建定义已核对；HTTP 状态未验证，留 T20；生产配置/schema 未核验
R0692,/zh-hant/apps/nodepilot,slashless variant,GET|HEAD,src/data/navigation.ts；src/components/HomeHeader.astro；src/components/HomeFooter.astro；站内语言/内容链接；外部推广链接未知,retire,—,被替代的旧公开栏目/介绍/文章/小说；新版上线后 410（无对应替代作品），从 sitemap 移除,静态 slash 需 ASSETS 存在才 301；音乐受独立 gate/302；待 T20,src/pages/zh-hant/apps/nodepilot/index.astro:1; src/worker.js:23362,no,代码/构建定义已核对；HTTP 状态未验证，留 T20；生产配置/schema 未核验
R0693,/zh-hant/apps/nodepilot/,static HTML; sitemap entry,GET|HEAD,src/data/navigation.ts；src/components/HomeHeader.astro；src/components/HomeFooter.astro；站内语言/内容链接；外部推广链接未知,retire,—,被替代的旧公开栏目/介绍/文章/小说；新版上线后 410（无对应替代作品），从 sitemap 移除,dist/index.html 已生成；Worker/Access 门禁可能先响应，不能认定 HTTP 200,src/pages/zh-hant/apps/nodepilot/index.astro:1; scripts/generate-sitemap.mjs:11; scripts/generate-sitemap.mjs:99,yes,代码/构建定义已核对；HTTP 状态未验证，留 T20；生产配置/schema 未核验
R0694,/zh-hant/apps/novelforge-ai,slashless variant,GET|HEAD,src/data/navigation.ts；src/components/HomeHeader.astro；src/components/HomeFooter.astro；站内语言/内容链接；外部推广链接未知,retire,—,被替代的旧公开栏目/介绍/文章/小说；新版上线后 410（无对应替代作品），从 sitemap 移除,静态 slash 需 ASSETS 存在才 301；音乐受独立 gate/302；待 T20,src/pages/zh-hant/apps/novelforge-ai/index.astro:1; src/worker.js:23362,no,代码/构建定义已核对；HTTP 状态未验证，留 T20；生产配置/schema 未核验
R0695,/zh-hant/apps/novelforge-ai/,static HTML; sitemap entry,GET|HEAD,src/data/navigation.ts；src/components/HomeHeader.astro；src/components/HomeFooter.astro；站内语言/内容链接；外部推广链接未知,retire,—,被替代的旧公开栏目/介绍/文章/小说；新版上线后 410（无对应替代作品），从 sitemap 移除,dist/index.html 已生成；Worker/Access 门禁可能先响应，不能认定 HTTP 200,src/pages/zh-hant/apps/novelforge-ai/index.astro:1; scripts/generate-sitemap.mjs:11; scripts/generate-sitemap.mjs:99,yes,代码/构建定义已核对；HTTP 状态未验证，留 T20；生产配置/schema 未核验
R0696,/zh-hant/apps/novelforge-ai/download,slashless variant,GET|HEAD,下载组件与产品页；外部 App/历史下载链接（完整外链未获取）,service,/zh-hant/apps/novelforge-ai/download/,政策、售后、下载、登录、会员、余额/支付服务；退出旧栏目导航不等于删除服务,静态 slash 需 ASSETS 存在才 301；音乐受独立 gate/302；待 T20,src/pages/zh-hant/apps/novelforge-ai/download.astro:1; src/worker.js:23362,no,代码/构建定义已核对；HTTP 状态未验证，留 T20；生产配置/schema 未核验
R0697,/zh-hant/apps/novelforge-ai/download/,static HTML; sitemap entry,GET|HEAD,下载组件与产品页；外部 App/历史下载链接（完整外链未获取）,service,/zh-hant/apps/novelforge-ai/download/,政策、售后、下载、登录、会员、余额/支付服务；退出旧栏目导航不等于删除服务,dist/index.html 已生成；Worker/Access 门禁可能先响应，不能认定 HTTP 200,src/pages/zh-hant/apps/novelforge-ai/download.astro:1; scripts/generate-sitemap.mjs:11; scripts/generate-sitemap.mjs:99,yes,代码/构建定义已核对；HTTP 状态未验证，留 T20；生产配置/schema 未核验
R0698,/zh-hant/apps/privatepinyin,slashless variant,GET|HEAD,src/data/navigation.ts；src/components/HomeHeader.astro；src/components/HomeFooter.astro；站内语言/内容链接；外部推广链接未知,retire,—,被替代的旧公开栏目/介绍/文章/小说；新版上线后 410（无对应替代作品），从 sitemap 移除,静态 slash 需 ASSETS 存在才 301；音乐受独立 gate/302；待 T20,src/pages/zh-hant/apps/privatepinyin/index.astro:1; src/worker.js:23362,no,代码/构建定义已核对；HTTP 状态未验证，留 T20；生产配置/schema 未核验
R0699,/zh-hant/apps/privatepinyin/,static HTML; sitemap entry,GET|HEAD,src/data/navigation.ts；src/components/HomeHeader.astro；src/components/HomeFooter.astro；站内语言/内容链接；外部推广链接未知,retire,—,被替代的旧公开栏目/介绍/文章/小说；新版上线后 410（无对应替代作品），从 sitemap 移除,dist/index.html 已生成；Worker/Access 门禁可能先响应，不能认定 HTTP 200,src/pages/zh-hant/apps/privatepinyin/index.astro:1; scripts/generate-sitemap.mjs:11; scripts/generate-sitemap.mjs:99,yes,代码/构建定义已核对；HTTP 状态未验证，留 T20；生产配置/schema 未核验
R0700,/zh-hant/apps/privatepinyin/download,slashless variant,GET|HEAD,下载组件与产品页；外部 App/历史下载链接（完整外链未获取）,service,/zh-hant/apps/privatepinyin/download/,政策、售后、下载、登录、会员、余额/支付服务；退出旧栏目导航不等于删除服务,静态 slash 需 ASSETS 存在才 301；音乐受独立 gate/302；待 T20,src/pages/zh-hant/apps/privatepinyin/download.astro:1; src/worker.js:23362,no,代码/构建定义已核对；HTTP 状态未验证，留 T20；生产配置/schema 未核验
R0701,/zh-hant/apps/privatepinyin/download/,static HTML; sitemap entry,GET|HEAD,下载组件与产品页；外部 App/历史下载链接（完整外链未获取）,service,/zh-hant/apps/privatepinyin/download/,政策、售后、下载、登录、会员、余额/支付服务；退出旧栏目导航不等于删除服务,dist/index.html 已生成；Worker/Access 门禁可能先响应，不能认定 HTTP 200,src/pages/zh-hant/apps/privatepinyin/download.astro:1; scripts/generate-sitemap.mjs:11; scripts/generate-sitemap.mjs:99,yes,代码/构建定义已核对；HTTP 状态未验证，留 T20；生产配置/schema 未核验
R0702,/zh-hant/apps/privatepinyin/privacy,slashless variant,GET|HEAD,src/data/navigation.ts；src/components/HomeHeader.astro；src/components/HomeFooter.astro；站内语言/内容链接；外部推广链接未知,service,/zh-hant/apps/privatepinyin/privacy/,政策、售后、下载、登录、会员、余额/支付服务；退出旧栏目导航不等于删除服务,静态 slash 需 ASSETS 存在才 301；音乐受独立 gate/302；待 T20,src/pages/zh-hant/apps/privatepinyin/privacy.astro:1; src/worker.js:23362,no,代码/构建定义已核对；HTTP 状态未验证，留 T20；生产配置/schema 未核验
R0703,/zh-hant/apps/privatepinyin/privacy/,static HTML; sitemap entry,GET|HEAD,src/data/navigation.ts；src/components/HomeHeader.astro；src/components/HomeFooter.astro；站内语言/内容链接；外部推广链接未知,service,/zh-hant/apps/privatepinyin/privacy/,政策、售后、下载、登录、会员、余额/支付服务；退出旧栏目导航不等于删除服务,dist/index.html 已生成；Worker/Access 门禁可能先响应，不能认定 HTTP 200,src/pages/zh-hant/apps/privatepinyin/privacy.astro:1; scripts/generate-sitemap.mjs:11; scripts/generate-sitemap.mjs:99,yes,代码/构建定义已核对；HTTP 状态未验证，留 T20；生产配置/schema 未核验
R0704,/zh-hant/apps/privatepinyin/support,slashless variant,GET|HEAD,src/data/navigation.ts；src/components/HomeHeader.astro；src/components/HomeFooter.astro；站内语言/内容链接；外部推广链接未知,service,/zh-hant/apps/privatepinyin/support/,政策、售后、下载、登录、会员、余额/支付服务；退出旧栏目导航不等于删除服务,静态 slash 需 ASSETS 存在才 301；音乐受独立 gate/302；待 T20,src/pages/zh-hant/apps/privatepinyin/support.astro:1; src/worker.js:23362,no,代码/构建定义已核对；HTTP 状态未验证，留 T20；生产配置/schema 未核验
R0705,/zh-hant/apps/privatepinyin/support/,static HTML; sitemap entry,GET|HEAD,src/data/navigation.ts；src/components/HomeHeader.astro；src/components/HomeFooter.astro；站内语言/内容链接；外部推广链接未知,service,/zh-hant/apps/privatepinyin/support/,政策、售后、下载、登录、会员、余额/支付服务；退出旧栏目导航不等于删除服务,dist/index.html 已生成；Worker/Access 门禁可能先响应，不能认定 HTTP 200,src/pages/zh-hant/apps/privatepinyin/support.astro:1; scripts/generate-sitemap.mjs:11; scripts/generate-sitemap.mjs:99,yes,代码/构建定义已核对；HTTP 状态未验证，留 T20；生产配置/schema 未核验
R0706,/zh-hant/apps/simplecut-pro,slashless variant,GET|HEAD,src/data/navigation.ts；src/components/HomeHeader.astro；src/components/HomeFooter.astro；站内语言/内容链接；外部推广链接未知,retire,—,被替代的旧公开栏目/介绍/文章/小说；新版上线后 410（无对应替代作品），从 sitemap 移除,静态 slash 需 ASSETS 存在才 301；音乐受独立 gate/302；待 T20,src/pages/zh-hant/apps/simplecut-pro/index.astro:1; src/worker.js:23362,no,代码/构建定义已核对；HTTP 状态未验证，留 T20；生产配置/schema 未核验
R0707,/zh-hant/apps/simplecut-pro/,static HTML; sitemap entry,GET|HEAD,src/data/navigation.ts；src/components/HomeHeader.astro；src/components/HomeFooter.astro；站内语言/内容链接；外部推广链接未知,retire,—,被替代的旧公开栏目/介绍/文章/小说；新版上线后 410（无对应替代作品），从 sitemap 移除,dist/index.html 已生成；Worker/Access 门禁可能先响应，不能认定 HTTP 200,src/pages/zh-hant/apps/simplecut-pro/index.astro:1; scripts/generate-sitemap.mjs:11; scripts/generate-sitemap.mjs:99,yes,代码/构建定义已核对；HTTP 状态未验证，留 T20；生产配置/schema 未核验
R0708,/zh-hant/apps/simplecut-pro/download,slashless variant,GET|HEAD,下载组件与产品页；外部 App/历史下载链接（完整外链未获取）,service,/zh-hant/apps/simplecut-pro/download/,政策、售后、下载、登录、会员、余额/支付服务；退出旧栏目导航不等于删除服务,静态 slash 需 ASSETS 存在才 301；音乐受独立 gate/302；待 T20,src/pages/zh-hant/apps/simplecut-pro/download.astro:1; src/worker.js:23362,no,代码/构建定义已核对；HTTP 状态未验证，留 T20；生产配置/schema 未核验
R0709,/zh-hant/apps/simplecut-pro/download/,static HTML; sitemap entry,GET|HEAD,下载组件与产品页；外部 App/历史下载链接（完整外链未获取）,service,/zh-hant/apps/simplecut-pro/download/,政策、售后、下载、登录、会员、余额/支付服务；退出旧栏目导航不等于删除服务,dist/index.html 已生成；Worker/Access 门禁可能先响应，不能认定 HTTP 200,src/pages/zh-hant/apps/simplecut-pro/download.astro:1; scripts/generate-sitemap.mjs:11; scripts/generate-sitemap.mjs:99,yes,代码/构建定义已核对；HTTP 状态未验证，留 T20；生产配置/schema 未核验
R0710,/zh-hant/devlog,dynamic slashless family,GET|HEAD,src/data/navigation.ts；src/components/HomeHeader.astro；src/components/HomeFooter.astro；站内语言/内容链接；外部推广链接未知,retire,—,被替代的旧公开栏目/介绍/文章/小说；新版上线后 410（无对应替代作品），从 sitemap 移除,现有永久补斜线跳转；未来在退出规则前阻止旧公开跳转链,src/worker.js:22474,no,代码/构建定义已核对；HTTP 状态未验证，留 T20；生产配置/schema 未核验
R0711,/zh-hant/devlog/,dynamic public family,GET|HEAD,src/data/navigation.ts；src/components/HomeHeader.astro；src/components/HomeFooter.astro；站内语言/内容链接；外部推广链接未知,retire,—,被替代的旧公开栏目/介绍/文章/小说；新版上线后 410（无对应替代作品），从 sitemap 移除,按语言和 slug 动态解析；D1 实际 slug 未获取,src/worker.js:18969; src/worker.js:21501,no,代码/构建定义已核对；HTTP 状态未验证，留 T20；生产配置/schema 未核验
R0712,/zh-hant/devlog/:slug,dynamic slashless family,GET|HEAD,src/data/navigation.ts；src/components/HomeHeader.astro；src/components/HomeFooter.astro；站内语言/内容链接；外部推广链接未知,retire,—,被替代的旧公开栏目/介绍/文章/小说；新版上线后 410（无对应替代作品），从 sitemap 移除,现有永久补斜线跳转；未来在退出规则前阻止旧公开跳转链,src/worker.js:22474,no,代码/构建定义已核对；HTTP 状态未验证，留 T20；生产配置/schema 未核验
R0713,/zh-hant/devlog/:slug/,dynamic public family,GET|HEAD,src/data/navigation.ts；src/components/HomeHeader.astro；src/components/HomeFooter.astro；站内语言/内容链接；外部推广链接未知,retire,—,被替代的旧公开栏目/介绍/文章/小说；新版上线后 410（无对应替代作品），从 sitemap 移除,按语言和 slug 动态解析；D1 实际 slug 未获取,src/worker.js:18969; src/worker.js:21501,no,代码/构建定义已核对；HTTP 状态未验证，留 T20；生产配置/schema 未核验
R0714,/zh-hant/library,slashless variant,GET|HEAD,src/data/navigation.ts；src/components/HomeHeader.astro；src/components/HomeFooter.astro；站内语言/内容链接；外部推广链接未知,service,/zh-hant/library/,政策、售后、下载、登录、会员、余额/支付服务；退出旧栏目导航不等于删除服务,静态 slash 需 ASSETS 存在才 301；音乐受独立 gate/302；待 T20,src/pages/zh-hant/library/index.astro:1; src/worker.js:23362,no,代码/构建定义已核对；HTTP 状态未验证，留 T20；生产配置/schema 未核验
R0715,/zh-hant/library/,static HTML,GET|HEAD,public/games/cat-life/cloud-sync.js:209; public/games/cat-life/commerce.js:253; public/games/cat-life/index.html:29; public/games/cat-life/index.html:37; public/games/cat-life/site-integration.js:15; src/components/Footer.astro:40,service,/zh-hant/library/,政策、售后、下载、登录、会员、余额/支付服务；退出旧栏目导航不等于删除服务,dist/index.html 已生成；Worker/Access 门禁可能先响应，不能认定 HTTP 200,src/pages/zh-hant/library/index.astro:1,no,代码/构建定义已核对；HTTP 状态未验证，留 T20；生产配置/schema 未核验
R0716,/zh-hant/music,music slashless,GET|HEAD,src/data/navigation.ts；src/components/HomeHeader.astro；src/components/HomeFooter.astro；站内语言/内容链接；外部推广链接未知,redirect,/music/,按音乐 handler gate 后执行无斜线规范化,见源代码；不是线上 HTTP 记录,src/music/pagePaths.js:2; src/music/pageHttp.js:19,no,代码/构建定义已核对；HTTP 状态未验证，留 T20；生产配置/schema 未核验
R0717,/zh-hant/music/,music alias/query/descendant,GET|HEAD,src/data/navigation.ts；src/components/HomeHeader.astro；src/components/HomeFooter.astro；站内语言/内容链接；外部推广链接未知,redirect,/music/,音乐根页面继续；别名和无斜线按原语言规范化；运行开关仍有效,gate 未启用先 503；gate 启用后根页面/别名 302/ASSETS，未知后代 404,src/music/pagePaths.js:3; src/music/pageHttp.js:17,no,代码/构建定义已核对；HTTP 状态未验证，留 T20；生产配置/schema 未核验
R0718,/zh-hant/music/:legacyDescendant/*,music alias/query/descendant,GET|HEAD,src/data/navigation.ts；src/components/HomeHeader.astro；src/components/HomeFooter.astro；站内语言/内容链接；外部推广链接未知,retire,404 仅用于无法映射的遗留后代；新详情路由例外,namespace 匹配不代表现有详情页；不能关闭将实现的 /music/tracks/:slug/；不猜测 slug 存在,gate 未启用先 503；gate 启用后根页面/别名 302/ASSETS，未知后代 404,src/music/pagePaths.js:3; src/music/pageHttp.js:17,no,代码/构建定义已核对；HTTP 状态未验证，留 T20；生产配置/schema 未核验
R0719,/zh-hant/music/?collection=:slug,music alias/query/descendant,GET|HEAD,src/data/navigation.ts；src/components/HomeHeader.astro；src/components/HomeFooter.astro；站内语言/内容链接；外部推广链接未知,service,/zh-hant/music/?collection=:slug,保留有效合集选择与原生合集能力；本期没有新的合集详情路由规格，不能强行跳到单曲或通用首页；失效实体沿用真实错误,gate 未启用先 503；gate 启用后根页面/别名 302/ASSETS，未知后代 404,src/music/pagePaths.js:3; src/music/pageHttp.js:17,no,代码/构建定义已核对；HTTP 状态未验证，留 T20；生产配置/schema 未核验
R0720,/zh-hant/music/?track=:trackId,music alias/query/descendant,GET|HEAD,src/data/navigation.ts；src/components/HomeHeader.astro；src/components/HomeFooter.astro；站内语言/内容链接；外部推广链接未知,redirect,待 T06/T09：稳定 track ID 映射到同歌曲 /music/tracks/:slug/ 的对应语言地址；不存在/不公开才 404,真实 ID/slug 映射尚未核验；有效记录暂不能解析新 slug 时保持兼容或报告阻塞，不自动按不存在处理,gate 未启用先 503；gate 启用后根页面/别名 302/ASSETS，未知后代 404,src/music/pagePaths.js:3; src/music/pageHttp.js:17,no,代码/构建定义已核对；HTTP 状态未验证，留 T20；生产配置/schema 未核验
R0721,/zh-hant/music/index.html,music normalization variant,GET|HEAD,src/data/navigation.ts；src/components/HomeHeader.astro；src/components/HomeFooter.astro；站内语言/内容链接；外部推广链接未知,retire,404 对非法/未知后代；合法新路径先解析,解码/反斜线/重复斜线影响 namespace 命中；不当作新增作品；T20 必须测试 raw 请求与真实路由顺序,见源代码；不是线上 HTTP 记录,src/music/pagePaths.js:4; src/music/pageHttp.js:19,no,代码/构建定义已核对；HTTP 状态未验证，留 T20；生产配置/schema 未核验
R0722,/zh-hant/music?collection=:slug,music slashless query,GET|HEAD,src/data/navigation.ts；src/components/HomeHeader.astro；src/components/HomeFooter.astro；站内语言/内容链接；外部推广链接未知,redirect,/music/?collection=:slug,规范化保留合法唯一的选择参数及实体/语言；单曲等 T06/T09 映射，合集继续兼容，不丢弃 query,gate 未启用先 503；启用后 302 到 musicPageHref 规范地址,src/music/pagePaths.js:10; src/music/pageHttp.js:19,no,代码/构建定义已核对；HTTP 状态未验证，留 T20；生产配置/schema 未核验
R0723,/zh-hant/music?track=:trackId,music slashless query,GET|HEAD,src/data/navigation.ts；src/components/HomeHeader.astro；src/components/HomeFooter.astro；站内语言/内容链接；外部推广链接未知,redirect,待稳定 ID 映射到同歌曲的语言详情地址；未知实体才 404,规范化保留合法唯一的选择参数及实体/语言；单曲等 T06/T09 映射，合集继续兼容，不丢弃 query,gate 未启用先 503；启用后 302 到 musicPageHref 规范地址,src/music/pagePaths.js:10; src/music/pageHttp.js:19,no,代码/构建定义已核对；HTTP 状态未验证，留 T20；生产配置/schema 未核验
R0724,/zh-hant/novel/*,unsupported novel prefix,GET|HEAD,src/data/navigation.ts；src/components/HomeHeader.astro；src/components/HomeFooter.astro；站内语言/内容链接；外部推广链接未知,retire,404,当前 novel parser 只承认无前缀繁体和 en；记录语言候选/失效旧链，不写成有效页面,见源代码；不是线上 HTTP 记录,src/worker.js:18994,no,代码/构建定义已核对；HTTP 状态未验证，留 T20；生产配置/schema 未核验
R0725,/zh-hant/points,slashless variant,GET|HEAD,src/data/navigation.ts；src/components/HomeHeader.astro；src/components/HomeFooter.astro；站内语言/内容链接；外部推广链接未知,service,/zh-hant/points/,政策、售后、下载、登录、会员、余额/支付服务；退出旧栏目导航不等于删除服务,静态 slash 需 ASSETS 存在才 301；音乐受独立 gate/302；待 T20,src/pages/zh-hant/points.astro:1; src/worker.js:23362,no,代码/构建定义已核对；HTTP 状态未验证，留 T20；生产配置/schema 未核验
R0726,/zh-hant/points/,static HTML; sitemap entry,GET|HEAD,public/games/cat-life/commerce.js:261; src/components/Footer.astro:41; src/components/GeneralLegalIndex.astro:58; src/components/ReaderLibraryPage.astro:24; src/data/navigation.ts:20; src/data/products/station-points.ts:8,service,/zh-hant/points/,政策、售后、下载、登录、会员、余额/支付服务；退出旧栏目导航不等于删除服务,dist/index.html 已生成；Worker/Access 门禁可能先响应，不能认定 HTTP 200,src/pages/zh-hant/points.astro:1; scripts/generate-sitemap.mjs:11; scripts/generate-sitemap.mjs:99,yes,代码/构建定义已核对；HTTP 状态未验证，留 T20；生产配置/schema 未核验
R0727,/zh-hant/privacy,slashless variant,GET|HEAD,src/data/navigation.ts；src/components/HomeHeader.astro；src/components/HomeFooter.astro；站内语言/内容链接；外部推广链接未知,service,/zh-hant/privacy/,政策、售后、下载、登录、会员、余额/支付服务；退出旧栏目导航不等于删除服务,静态 slash 需 ASSETS 存在才 301；音乐受独立 gate/302；待 T20,src/pages/zh-hant/privacy.astro:1; src/worker.js:23362,no,代码/构建定义已核对；HTTP 状态未验证，留 T20；生产配置/schema 未核验
R0728,/zh-hant/privacy/,static HTML; sitemap entry,GET|HEAD,src/data/navigation.ts；src/components/HomeHeader.astro；src/components/HomeFooter.astro；站内语言/内容链接；外部推广链接未知,service,/zh-hant/privacy/,政策、售后、下载、登录、会员、余额/支付服务；退出旧栏目导航不等于删除服务,dist/index.html 已生成；Worker/Access 门禁可能先响应，不能认定 HTTP 200,src/pages/zh-hant/privacy.astro:1; scripts/generate-sitemap.mjs:11; scripts/generate-sitemap.mjs:99,yes,代码/构建定义已核对；HTTP 状态未验证，留 T20；生产配置/schema 未核验
R0729,/zh-hant/signal,dynamic slashless family,GET|HEAD,src/data/navigation.ts；src/components/HomeHeader.astro；src/components/HomeFooter.astro；站内语言/内容链接；外部推广链接未知,retire,—,被替代的旧公开栏目/介绍/文章/小说；新版上线后 410（无对应替代作品），从 sitemap 移除,现有永久补斜线跳转；未来在退出规则前阻止旧公开跳转链,src/worker.js:22474,no,代码/构建定义已核对；HTTP 状态未验证，留 T20；生产配置/schema 未核验
R0730,/zh-hant/signal/,sitemap entry; dynamic public family,GET|HEAD,src/data/navigation.ts；src/components/HomeHeader.astro；src/components/HomeFooter.astro；站内语言/内容链接；外部推广链接未知,retire,—,被替代的旧公开栏目/介绍/文章/小说；新版上线后 410（无对应替代作品），从 sitemap 移除,按语言和 slug 动态解析；D1 实际 slug 未获取,scripts/generate-sitemap.mjs:11; scripts/generate-sitemap.mjs:99; src/worker.js:18969; src/worker.js:21501,yes,代码/构建定义已核对；HTTP 状态未验证，留 T20；生产配置/schema 未核验
R0731,/zh-hant/signal/:slug,dynamic slashless family,GET|HEAD,src/data/navigation.ts；src/components/HomeHeader.astro；src/components/HomeFooter.astro；站内语言/内容链接；外部推广链接未知,retire,—,被替代的旧公开栏目/介绍/文章/小说；新版上线后 410（无对应替代作品），从 sitemap 移除,现有永久补斜线跳转；未来在退出规则前阻止旧公开跳转链,src/worker.js:22474,no,代码/构建定义已核对；HTTP 状态未验证，留 T20；生产配置/schema 未核验
R0732,/zh-hant/signal/:slug/,dynamic public family,GET|HEAD,src/data/navigation.ts；src/components/HomeHeader.astro；src/components/HomeFooter.astro；站内语言/内容链接；外部推广链接未知,retire,—,被替代的旧公开栏目/介绍/文章/小说；新版上线后 410（无对应替代作品），从 sitemap 移除,按语言和 slug 动态解析；D1 实际 slug 未获取,src/worker.js:18969; src/worker.js:21501,no,代码/构建定义已核对；HTTP 状态未验证，留 T20；生产配置/schema 未核验
R0733,/zh-hant/signal/:slug/card.png,dynamic public family,GET|HEAD,src/data/navigation.ts；src/components/HomeHeader.astro；src/components/HomeFooter.astro；站内语言/内容链接；外部推广链接未知,retire,—,被替代的旧公开栏目/介绍/文章/小说；新版上线后 410（无对应替代作品），从 sitemap 移除,按语言和 slug 动态解析；D1 实际 slug 未获取,src/worker.js:18969; src/worker.js:21501,no,代码/构建定义已核对；HTTP 状态未验证，留 T20；生产配置/schema 未核验
R0734,/zh-hant/signal/:slug/card.svg,dynamic public family,GET|HEAD,src/data/navigation.ts；src/components/HomeHeader.astro；src/components/HomeFooter.astro；站内语言/内容链接；外部推广链接未知,retire,—,被替代的旧公开栏目/介绍/文章/小说；新版上线后 410（无对应替代作品），从 sitemap 移除,按语言和 slug 动态解析；D1 实际 slug 未获取,src/worker.js:18969; src/worker.js:21501,no,代码/构建定义已核对；HTTP 状态未验证，留 T20；生产配置/schema 未核验
R0735,/zh-hant/signal/:slug/share-card.png,dynamic public family,GET|HEAD,src/data/navigation.ts；src/components/HomeHeader.astro；src/components/HomeFooter.astro；站内语言/内容链接；外部推广链接未知,retire,—,被替代的旧公开栏目/介绍/文章/小说；新版上线后 410（无对应替代作品），从 sitemap 移除,按语言和 slug 动态解析；D1 实际 slug 未获取,src/worker.js:18969; src/worker.js:21501,no,代码/构建定义已核对；HTTP 状态未验证，留 T20；生产配置/schema 未核验
R0736,/zh-hant/signal/:slug/share-card.svg,dynamic public family,GET|HEAD,src/data/navigation.ts；src/components/HomeHeader.astro；src/components/HomeFooter.astro；站内语言/内容链接；外部推广链接未知,retire,—,被替代的旧公开栏目/介绍/文章/小说；新版上线后 410（无对应替代作品），从 sitemap 移除,按语言和 slug 动态解析；D1 实际 slug 未获取,src/worker.js:18969; src/worker.js:21501,no,代码/构建定义已核对；HTTP 状态未验证，留 T20；生产配置/schema 未核验
R0737,/zh-hant/terms,slashless variant,GET|HEAD,src/data/navigation.ts；src/components/HomeHeader.astro；src/components/HomeFooter.astro；站内语言/内容链接；外部推广链接未知,service,/zh-hant/terms/,政策、售后、下载、登录、会员、余额/支付服务；退出旧栏目导航不等于删除服务,静态 slash 需 ASSETS 存在才 301；音乐受独立 gate/302；待 T20,src/pages/zh-hant/terms.astro:1; src/worker.js:23362,no,代码/构建定义已核对；HTTP 状态未验证，留 T20；生产配置/schema 未核验
R0738,/zh-hant/terms/,static HTML; sitemap entry,GET|HEAD,src/data/navigation.ts；src/components/HomeHeader.astro；src/components/HomeFooter.astro；站内语言/内容链接；外部推广链接未知,service,/zh-hant/terms/,政策、售后、下载、登录、会员、余额/支付服务；退出旧栏目导航不等于删除服务,dist/index.html 已生成；Worker/Access 门禁可能先响应，不能认定 HTTP 200,src/pages/zh-hant/terms.astro:1; scripts/generate-sitemap.mjs:11; scripts/generate-sitemap.mjs:99,yes,代码/构建定义已核对；HTTP 状态未验证，留 T20；生产配置/schema 未核验
R0739,/zh-hant/works,legacy works slashless alias,GET|HEAD,src/data/navigation.ts；src/components/HomeHeader.astro；src/components/HomeFooter.astro；站内语言/内容链接；外部推广链接未知,retire,—,被替代的旧公开栏目/介绍/文章/小说；新版上线后 410（无对应替代作品），从 sitemap 移除,见源代码；不是线上 HTTP 记录,src/worker.js:22494,no,代码/构建定义已核对；HTTP 状态未验证，留 T20；生产配置/schema 未核验
R0740,/zh-hant/works/,legacy works alias,GET|HEAD,src/data/navigation.ts；src/components/HomeHeader.astro；src/components/HomeFooter.astro；站内语言/内容链接；外部推广链接未知,retire,—,被替代的旧公开栏目/介绍/文章/小说；新版上线后 410（无对应替代作品），从 sitemap 移除,现有 works -> novel 301；无新公开对应内容时应直接退役,src/worker.js:22494,no,代码/构建定义已核对；HTTP 状态未验证，留 T20；生产配置/schema 未核验
R0741,/zh-hant/works/:series,legacy works slashless alias,GET|HEAD,src/data/navigation.ts；src/components/HomeHeader.astro；src/components/HomeFooter.astro；站内语言/内容链接；外部推广链接未知,retire,—,被替代的旧公开栏目/介绍/文章/小说；新版上线后 410（无对应替代作品），从 sitemap 移除,见源代码；不是线上 HTTP 记录,src/worker.js:22494,no,代码/构建定义已核对；HTTP 状态未验证，留 T20；生产配置/schema 未核验
R0742,/zh-hant/works/:series/,legacy works alias,GET|HEAD,src/data/navigation.ts；src/components/HomeHeader.astro；src/components/HomeFooter.astro；站内语言/内容链接；外部推广链接未知,retire,—,被替代的旧公开栏目/介绍/文章/小说；新版上线后 410（无对应替代作品），从 sitemap 移除,现有 works -> novel 301；无新公开对应内容时应直接退役,src/worker.js:22494,no,代码/构建定义已核对；HTTP 状态未验证，留 T20；生产配置/schema 未核验
R0743,/zh-hant/works/:series/:chapter,legacy chapter alias,GET|HEAD,src/data/navigation.ts；src/components/HomeHeader.astro；src/components/HomeFooter.astro；站内语言/内容链接；外部推广链接未知,service,/novel/:series/chapter/:chapter/,历史授权/书签别名；直接到对应受保护阅读路径；匿名不保留旧公开正文,现有 301 保留 query 到 novel chapter,src/worker.js:22512,no,代码/构建定义已核对；HTTP 状态未验证，留 T20；生产配置/schema 未核验
R0744,/zh-hant/works/:series/:chapter/,legacy chapter alias,GET|HEAD,src/data/navigation.ts；src/components/HomeHeader.astro；src/components/HomeFooter.astro；站内语言/内容链接；外部推广链接未知,service,/novel/:series/chapter/:chapter/,历史授权/书签别名；直接到对应受保护阅读路径；匿名不保留旧公开正文,现有 301 保留 query 到 novel chapter,src/worker.js:22512,no,代码/构建定义已核对；HTTP 状态未验证，留 T20；生产配置/schema 未核验
R0745,matcher:/^\/(?:(?:en|ja|zh-hans|zh-hant)\/)?devlog(?:\/.*)?$/,route matcher,见匹配器对应 handler,src/data/navigation.ts；src/components/HomeHeader.astro；src/components/HomeFooter.astro；站内语言/内容链接；外部推广链接未知,retire,—,旧公开路径补斜线/匹配范围；授权阅读和服务例外优先；避免先重定向到已退役页,原始匹配器表达式；非单个真实 URL,src/worker.js:22477,no,代码/构建定义已核对；HTTP 状态未验证，留 T20；生产配置/schema 未核验
R0746,matcher:/^\/(?:(?:en|ja|zh-hans|zh-hant)\/)?signal(?:\/.*)?$/,route matcher,见匹配器对应 handler,src/data/navigation.ts；src/components/HomeHeader.astro；src/components/HomeFooter.astro；站内语言/内容链接；外部推广链接未知,retire,—,旧公开路径补斜线/匹配范围；授权阅读和服务例外优先；避免先重定向到已退役页,原始匹配器表达式；非单个真实 URL,src/worker.js:22475,no,代码/构建定义已核对；HTTP 状态未验证，留 T20；生产配置/schema 未核验
R0747,matcher:/^\/(?:(?:en|ja|zh-hans|zh-hant)\/)?works(?:\/.*)?$/,route matcher,见匹配器对应 handler,src/data/navigation.ts；src/components/HomeHeader.astro；src/components/HomeFooter.astro；站内语言/内容链接；外部推广链接未知,retire,—,旧公开路径补斜线/匹配范围；授权阅读和服务例外优先；避免先重定向到已退役页,原始匹配器表达式；非单个真实 URL,src/worker.js:22478,no,代码/构建定义已核对；HTTP 状态未验证，留 T20；生产配置/schema 未核验
R0748,matcher:/^\/(?:en\/)?novel(?:\/.*)?$/,route matcher,见匹配器对应 handler,src/data/navigation.ts；src/components/HomeHeader.astro；src/components/HomeFooter.astro；站内语言/内容链接；外部推广链接未知,retire,—,旧公开路径补斜线/匹配范围；授权阅读和服务例外优先；避免先重定向到已退役页,原始匹配器表达式；非单个真实 URL,src/worker.js:22476,no,代码/构建定义已核对；HTTP 状态未验证，留 T20；生产配置/schema 未核验
R0749,matcher:/^\/(?:en\/|ja\/|zh-hans\/|zh-hant\/)?music(?:\/|$)/,route matcher,见匹配器对应 handler,src/data/navigation.ts；src/components/HomeHeader.astro；src/components/HomeFooter.astro；站内语言/内容链接；外部推广链接未知,keep,音乐根路径与新 /music/tracks/:slug/ 分开处理,广义 namespace 匹配，不代表所有后代已有页面；新详情路由在最后遗留后代 404 前匹配；原 gate 保留,原始匹配器表达式；非单个真实 URL,src/music/pagePaths.js:6,no,代码/构建定义已核对；HTTP 状态未验证，留 T20；生产配置/schema 未核验
R0750,matcher:/^\/(?:en\/|ja\/|zh-hans\/|zh-hant\/)?music\/?$/,route matcher,见匹配器对应 handler,src/data/navigation.ts；src/components/HomeHeader.astro；src/components/HomeFooter.astro；站内语言/内容链接；外部推广链接未知,keep,音乐根路径与新 /music/tracks/:slug/ 分开处理,广义 namespace 匹配，不代表所有后代已有页面；新详情路由在最后遗留后代 404 前匹配；原 gate 保留,原始匹配器表达式；非单个真实 URL,src/music/pageHttp.js:19,no,代码/构建定义已核对；HTTP 状态未验证，留 T20；生产配置/schema 未核验
R0751,matcher:/^\/admin(?:-v2)?(?:\/|$)/,route matcher,见匹配器对应 handler,src/data/navigation.ts；src/components/HomeHeader.astro；src/components/HomeFooter.astro；站内语言/内容链接；外部推广链接未知,service,现行服务模式不变,保留动态 ID 端点及既有鉴权，不能用公开栏目退出规则覆盖,原始匹配器表达式；非单个真实 URL,src/worker.js:124,no,代码/构建定义已核对；HTTP 状态未验证，留 T20；生产配置/schema 未核验
R0752,matcher:/^\/admin\/api\/music\/assets\/([^/]+)$/,route matcher,见匹配器对应 handler,src/data/navigation.ts；src/components/HomeHeader.astro；src/components/HomeFooter.astro；站内语言/内容链接；外部推广链接未知,service,现行服务模式不变,保留动态 ID 端点及既有鉴权，不能用公开栏目退出规则覆盖,原始匹配器表达式；非单个真实 URL,src/music/adminHttp.js:161,no,代码/构建定义已核对；HTTP 状态未验证，留 T20；生产配置/schema 未核验
R0753,matcher:/^\/admin\/api\/music\/cleanup\/([^/]+)$/,route matcher,见匹配器对应 handler,src/data/navigation.ts；src/components/HomeHeader.astro；src/components/HomeFooter.astro；站内语言/内容链接；外部推广链接未知,service,现行服务模式不变,保留动态 ID 端点及既有鉴权，不能用公开栏目退出规则覆盖,原始匹配器表达式；非单个真实 URL,src/music/adminHttp.js:163,no,代码/构建定义已核对；HTTP 状态未验证，留 T20；生产配置/schema 未核验
R0754,matcher:/^\/admin\/api\/music\/collection-assets\/([^/]+)$/,route matcher,见匹配器对应 handler,src/data/navigation.ts；src/components/HomeHeader.astro；src/components/HomeFooter.astro；站内语言/内容链接；外部推广链接未知,service,现行服务模式不变,保留动态 ID 端点及既有鉴权，不能用公开栏目退出规则覆盖,原始匹配器表达式；非单个真实 URL,src/music/adminHttp.js:159,no,代码/构建定义已核对；HTTP 状态未验证，留 T20；生产配置/schema 未核验
R0755,matcher:/^\/admin\/api\/music\/collection-uploads\/([^/]+)(?:\/(body|complete))?$/,route matcher,见匹配器对应 handler,src/data/navigation.ts；src/components/HomeHeader.astro；src/components/HomeFooter.astro；站内语言/内容链接；外部推广链接未知,service,现行服务模式不变,保留动态 ID 端点及既有鉴权，不能用公开栏目退出规则覆盖,原始匹配器表达式；非单个真实 URL,src/music/adminHttp.js:158,no,代码/构建定义已核对；HTTP 状态未验证，留 T20；生产配置/schema 未核验
R0756,matcher:/^\/admin\/api\/music\/collections\/([^/]+)(?:\/(tracks))?$/,route matcher,见匹配器对应 handler,src/data/navigation.ts；src/components/HomeHeader.astro；src/components/HomeFooter.astro；站内语言/内容链接；外部推广链接未知,service,现行服务模式不变,保留动态 ID 端点及既有鉴权，不能用公开栏目退出规则覆盖,原始匹配器表达式；非单个真实 URL,src/music/adminHttp.js:162,no,代码/构建定义已核对；HTTP 状态未验证，留 T20；生产配置/schema 未核验
R0757,matcher:/^\/admin\/api\/music\/revisions\/([^/]+)\/rights-review$/,route matcher,见匹配器对应 handler,src/data/navigation.ts；src/components/HomeHeader.astro；src/components/HomeFooter.astro；站内语言/内容链接；外部推广链接未知,service,现行服务模式不变,保留动态 ID 端点及既有鉴权，不能用公开栏目退出规则覆盖,原始匹配器表达式；非单个真实 URL,src/music/adminHttp.js:156,no,代码/构建定义已核对；HTTP 状态未验证，留 T20；生产配置/schema 未核验
R0758,matcher:/^\/admin\/api\/music\/revisions\/([^/]+)\/technical-review$/,route matcher,见匹配器对应 handler,src/data/navigation.ts；src/components/HomeHeader.astro；src/components/HomeFooter.astro；站内语言/内容链接；外部推广链接未知,service,现行服务模式不变,保留动态 ID 端点及既有鉴权，不能用公开栏目退出规则覆盖,原始匹配器表达式；非单个真实 URL,src/music/adminHttp.js:157,no,代码/构建定义已核对；HTTP 状态未验证，留 T20；生产配置/schema 未核验
R0759,matcher:/^\/admin\/api\/music\/tracks\/([^/]+)(?:\/(publish|unpublish|archive))?$/,route matcher,见匹配器对应 handler,src/data/navigation.ts；src/components/HomeHeader.astro；src/components/HomeFooter.astro；站内语言/内容链接；外部推广链接未知,service,现行服务模式不变,保留动态 ID 端点及既有鉴权，不能用公开栏目退出规则覆盖,原始匹配器表达式；非单个真实 URL,src/music/adminHttp.js:155,no,代码/构建定义已核对；HTTP 状态未验证，留 T20；生产配置/schema 未核验
R0760,matcher:/^\/admin\/api\/music\/uploads\/([^/]+)(?:\/(body|complete))?$/,route matcher,见匹配器对应 handler,src/data/navigation.ts；src/components/HomeHeader.astro；src/components/HomeFooter.astro；站内语言/内容链接；外部推广链接未知,service,现行服务模式不变,保留动态 ID 端点及既有鉴权，不能用公开栏目退出规则覆盖,原始匹配器表达式；非单个真实 URL,src/music/adminHttp.js:160,no,代码/构建定义已核对；HTTP 状态未验证，留 T20；生产配置/schema 未核验
R0761,matcher:/^\/api\/mobile\/v1\/deletion-requests\/([^/]+)\/status$/,route matcher,见匹配器对应 handler,src/data/navigation.ts；src/components/HomeHeader.astro；src/components/HomeFooter.astro；站内语言/内容链接；外部推广链接未知,service,现行原生 API 模式不变,原生匹配器/会话/音频许可/删除门禁保持；相对 /music 模式实际加 /api/mobile/v1 前缀,原始匹配器表达式；非单个真实 URL,src/mobile/http.js:113,no,代码/构建定义已核对；HTTP 状态未验证，留 T20；生产配置/schema 未核验
R0762,matcher:/^\/api\/mobile\/v1\/me\/deletion-requests\/([^/]+)\/confirm$/,route matcher,见匹配器对应 handler,src/data/navigation.ts；src/components/HomeHeader.astro；src/components/HomeFooter.astro；站内语言/内容链接；外部推广链接未知,service,现行原生 API 模式不变,原生匹配器/会话/音频许可/删除门禁保持；相对 /music 模式实际加 /api/mobile/v1 前缀,原始匹配器表达式；非单个真实 URL,src/mobile/http.js:130,no,代码/构建定义已核对；HTTP 状态未验证，留 T20；生产配置/schema 未核验
R0763,matcher:/^\/api\/mobile\/v1\/music\/media\//,route matcher,见匹配器对应 handler,src/data/navigation.ts；src/components/HomeHeader.astro；src/components/HomeFooter.astro；站内语言/内容链接；外部推广链接未知,service,现行原生 API 模式不变,原生匹配器/会话/音频许可/删除门禁保持；相对 /music 模式实际加 /api/mobile/v1 前缀,原始匹配器表达式；非单个真实 URL,src/mobile/http.js:58,no,代码/构建定义已核对；HTTP 状态未验证，留 T20；生产配置/schema 未核验
R0764,matcher:/^\/api\/music\/(tracks|collections)\/([^/]+)\/share\.png$/,route matcher,见匹配器对应 handler,src/data/navigation.ts；src/components/HomeHeader.astro；src/components/HomeFooter.astro；站内语言/内容链接；外部推广链接未知,service,现行服务模式不变,保留动态 ID 端点及既有鉴权，不能用公开栏目退出规则覆盖,原始匹配器表达式；非单个真实 URL,src/music/shareCardHttp.js:11,no,代码/构建定义已核对；HTTP 状态未验证，留 T20；生产配置/schema 未核验
R0765,matcher:/^\/api\/music\/collections\/([^/]+)$/,route matcher,见匹配器对应 handler,src/data/navigation.ts；src/components/HomeHeader.astro；src/components/HomeFooter.astro；站内语言/内容链接；外部推广链接未知,service,现行服务模式不变,保留动态 ID 端点及既有鉴权，不能用公开栏目退出规则覆盖,原始匹配器表达式；非单个真实 URL,src/music/publicHttp.js:18,no,代码/构建定义已核对；HTTP 状态未验证，留 T20；生产配置/schema 未核验
R0766,matcher:/^\/api\/music\/collections\/([^/]+)\/cover$/,route matcher,见匹配器对应 handler,src/data/navigation.ts；src/components/HomeHeader.astro；src/components/HomeFooter.astro；站内语言/内容链接；外部推广链接未知,service,现行服务模式不变,保留动态 ID 端点及既有鉴权，不能用公开栏目退出规则覆盖,原始匹配器表达式；非单个真实 URL,src/music/publicHttp.js:41,no,代码/构建定义已核对；HTTP 状态未验证，留 T20；生产配置/schema 未核验
R0767,matcher:/^\/api\/music\/tracks\/([^/]+)$/,route matcher,见匹配器对应 handler,src/data/navigation.ts；src/components/HomeHeader.astro；src/components/HomeFooter.astro；站内语言/内容链接；外部推广链接未知,service,现行服务模式不变,保留动态 ID 端点及既有鉴权，不能用公开栏目退出规则覆盖,原始匹配器表达式；非单个真实 URL,src/music/publicHttp.js:15,no,代码/构建定义已核对；HTTP 状态未验证，留 T20；生产配置/schema 未核验
R0768,matcher:/^\/api\/music\/tracks\/([^/]+)\/(cover|lyrics)$/,route matcher,见匹配器对应 handler,src/data/navigation.ts；src/components/HomeHeader.astro；src/components/HomeFooter.astro；站内语言/内容链接；外部推广链接未知,service,现行服务模式不变,保留动态 ID 端点及既有鉴权，不能用公开栏目退出规则覆盖,原始匹配器表达式；非单个真实 URL,src/music/publicHttp.js:16,no,代码/构建定义已核对；HTTP 状态未验证，留 T20；生产配置/schema 未核验
R0769,matcher:/^\/api\/music\/tracks\/([^/]+)\/access$/,route matcher,见匹配器对应 handler,src/data/navigation.ts；src/components/HomeHeader.astro；src/components/HomeFooter.astro；站内语言/内容链接；外部推广链接未知,service,现行服务模式不变,保留动态 ID 端点及既有鉴权，不能用公开栏目退出规则覆盖,原始匹配器表达式；非单个真实 URL,src/music/publicHttp.js:17,no,代码/构建定义已核对；HTTP 状态未验证，留 T20；生产配置/schema 未核验
R0770,matcher:/^\/api\/music\/tracks\/([^/]+)\/audio$/,route matcher,见匹配器对应 handler,src/data/navigation.ts；src/components/HomeHeader.astro；src/components/HomeFooter.astro；站内语言/内容链接；外部推广链接未知,service,现行服务模式不变,保留动态 ID 端点及既有鉴权，不能用公开栏目退出规则覆盖,原始匹配器表达式；非单个真实 URL,src/music/mediaResponse.js:9,no,代码/构建定义已核对；HTTP 状态未验证，留 T20；生产配置/schema 未核验
R0771,"matcher:/^\/music\/collections\/([a-z0-9-]{1,100})$/",route matcher,见匹配器对应 handler,src/data/navigation.ts；src/components/HomeHeader.astro；src/components/HomeFooter.astro；站内语言/内容链接；外部推广链接未知,service,现行原生 API 模式不变,原生匹配器/会话/音频许可/删除门禁保持；相对 /music 模式实际加 /api/mobile/v1 前缀,原始匹配器表达式；非单个真实 URL,src/mobile/music.js:166,no,代码/构建定义已核对；HTTP 状态未验证，留 T20；生产配置/schema 未核验
R0772,matcher:/^\/music\/media\/([^/]+)\/audio$/,route matcher,见匹配器对应 handler,src/data/navigation.ts；src/components/HomeHeader.astro；src/components/HomeFooter.astro；站内语言/内容链接；外部推广链接未知,service,现行原生 API 模式不变,原生匹配器/会话/音频许可/删除门禁保持；相对 /music 模式实际加 /api/mobile/v1 前缀,原始匹配器表达式；非单个真实 URL,src/mobile/music.js:87,no,代码/构建定义已核对；HTTP 状态未验证，留 T20；生产配置/schema 未核验
R0773,matcher:/^\/music\/tracks\/([^/]+)$/,route matcher,见匹配器对应 handler,src/data/navigation.ts；src/components/HomeHeader.astro；src/components/HomeFooter.astro；站内语言/内容链接；外部推广链接未知,service,现行原生 API 模式不变,原生匹配器/会话/音频许可/删除门禁保持；相对 /music 模式实际加 /api/mobile/v1 前缀,原始匹配器表达式；非单个真实 URL,src/mobile/music.js:159,no,代码/构建定义已核对；HTTP 状态未验证，留 T20；生产配置/schema 未核验
R0774,matcher:/^\/music\/tracks\/([^/]+)\/offline-permit$/,route matcher,见匹配器对应 handler,src/data/navigation.ts；src/components/HomeHeader.astro；src/components/HomeFooter.astro；站内语言/内容链接；外部推广链接未知,service,现行原生 API 模式不变,原生匹配器/会话/音频许可/删除门禁保持；相对 /music 模式实际加 /api/mobile/v1 前缀,原始匹配器表达式；非单个真实 URL,src/mobile/music.js:118,no,代码/构建定义已核对；HTTP 状态未验证，留 T20；生产配置/schema 未核验
R0775,matcher:/^\/music\/tracks\/([^/]+)\/playback-grants$/,route matcher,见匹配器对应 handler,src/data/navigation.ts；src/components/HomeHeader.astro；src/components/HomeFooter.astro；站内语言/内容链接；外部推广链接未知,service,现行原生 API 模式不变,原生匹配器/会话/音频许可/删除门禁保持；相对 /music 模式实际加 /api/mobile/v1 前缀,原始匹配器表达式；非单个真实 URL,src/mobile/music.js:134,no,代码/构建定义已核对；HTTP 状态未验证，留 T20；生产配置/schema 未核验
R0776,matcher:prefix:/admin/api/music/,route matcher,见匹配器对应 handler,src/data/navigation.ts；src/components/HomeHeader.astro；src/components/HomeFooter.astro；站内语言/内容链接；外部推广链接未知,service,现行服务模式不变,保留动态 ID 端点及既有鉴权，不能用公开栏目退出规则覆盖,原始匹配器表达式；非单个真实 URL,src/music/adminHttp.js:20,no,代码/构建定义已核对；HTTP 状态未验证，留 T20；生产配置/schema 未核验
R0777,matcher:prefix:/api/mobile/,route matcher,见匹配器对应 handler,src/data/navigation.ts；src/components/HomeHeader.astro；src/components/HomeFooter.astro；站内语言/内容链接；外部推广链接未知,service,现行原生 API 模式不变,原生匹配器/会话/音频许可/删除门禁保持；相对 /music 模式实际加 /api/mobile/v1 前缀,原始匹配器表达式；非单个真实 URL,src/mobile/http.js:48,no,代码/构建定义已核对；HTTP 状态未验证，留 T20；生产配置/schema 未核验
R0778,matcher:prefix:/api/mobile/v1/me/music/,route matcher,见匹配器对应 handler,src/data/navigation.ts；src/components/HomeHeader.astro；src/components/HomeFooter.astro；站内语言/内容链接；外部推广链接未知,service,现行原生 API 模式不变,原生匹配器/会话/音频许可/删除门禁保持；相对 /music 模式实际加 /api/mobile/v1 前缀,原始匹配器表达式；非单个真实 URL,src/mobile/http.js:116,no,代码/构建定义已核对；HTTP 状态未验证，留 T20；生产配置/schema 未核验
R0779,matcher:prefix:/api/mobile/v1/music/,route matcher,见匹配器对应 handler,src/data/navigation.ts；src/components/HomeHeader.astro；src/components/HomeFooter.astro；站内语言/内容链接；外部推广链接未知,service,现行原生 API 模式不变,原生匹配器/会话/音频许可/删除门禁保持；相对 /music 模式实际加 /api/mobile/v1 前缀,原始匹配器表达式；非单个真实 URL,src/mobile/http.js:63,no,代码/构建定义已核对；HTTP 状态未验证，留 T20；生产配置/schema 未核验
R0780,matcher:prefix:/auth/mobile/,route matcher,见匹配器对应 handler,src/data/navigation.ts；src/components/HomeHeader.astro；src/components/HomeFooter.astro；站内语言/内容链接；外部推广链接未知,service,现行原生 API 模式不变,原生匹配器/会话/音频许可/删除门禁保持；相对 /music 模式实际加 /api/mobile/v1 前缀,原始匹配器表达式；非单个真实 URL,src/mobile/http.js:48; src/mobile/http.js:78,no,代码/构建定义已核对；HTTP 状态未验证，留 T20；生产配置/schema 未核验
