
> landing-site@0.1.0 test:browser
> playwright test

[WebServer] (node:12227) Warning: The 'NO_COLOR' env is ignored due to the 'FORCE_COLOR' env being set.
[WebServer] (Use `node --trace-warnings ...` to show where the warning was created)

Running 148 tests using 1 worker

(node:12228) Warning: The 'NO_COLOR' env is ignored due to the 'FORCE_COLOR' env being set.
(Use `node --trace-warnings ...` to show where the warning was created)
  ✘    1 scripts/browser-tests/cat-life-cloud-save.spec.mjs:43:1 › migrates a legacy guest save before first cloud upload and blocks oversized follow-up writes (0ms)
(node:12229) Warning: The 'NO_COLOR' env is ignored due to the 'FORCE_COLOR' env being set.
(Use `node --trace-warnings ...` to show where the warning was created)
  ✘    2 scripts/browser-tests/cat-life-cloud-save.spec.mjs:96:1 › lists recovery records and restores a selected cloud revision (0ms)
(node:12230) Warning: The 'NO_COLOR' env is ignored due to the 'FORCE_COLOR' env being set.
(Use `node --trace-warnings ...` to show where the warning was created)
  ✘    3 scripts/browser-tests/cat-life-cloud-save.spec.mjs:160:1 › shows the conflict chooser when another session wins the revision race (0ms)
(node:12231) Warning: The 'NO_COLOR' env is ignored due to the 'FORCE_COLOR' env being set.
(Use `node --trace-warnings ...` to show where the warning was created)
  ✘    4 scripts/browser-tests/cat-life-cloud-save.spec.mjs:199:1 › keeps member recovery controls reachable at mobile width (0ms)
(node:12232) Warning: The 'NO_COLOR' env is ignored due to the 'FORCE_COLOR' env being set.
(Use `node --trace-warnings ...` to show where the warning was created)
  ✘    5 scripts/browser-tests/cat-life-commerce-refresh.spec.mjs:81:3 › out-of-order commerce responses cannot overwrite latest state: older-success (0ms)
(node:12233) Warning: The 'NO_COLOR' env is ignored due to the 'FORCE_COLOR' env being set.
(Use `node --trace-warnings ...` to show where the warning was created)
  ✘    6 scripts/browser-tests/cat-life-commerce-refresh.spec.mjs:81:3 › out-of-order commerce responses cannot overwrite latest state: older-failure (0ms)
(node:12234) Warning: The 'NO_COLOR' env is ignored due to the 'FORCE_COLOR' env being set.
(Use `node --trace-warnings ...` to show where the warning was created)
  ✘    7 scripts/browser-tests/cat-life-commerce-refresh.spec.mjs:81:3 › out-of-order commerce responses cannot overwrite latest state: newer-guest (0ms)
(node:12235) Warning: The 'NO_COLOR' env is ignored due to the 'FORCE_COLOR' env being set.
(Use `node --trace-warnings ...` to show where the warning was created)
  ✘    8 scripts/browser-tests/cat-life-commerce-refresh.spec.mjs:81:3 › out-of-order commerce responses cannot overwrite latest state: newer-failure (0ms)
(node:12236) Warning: The 'NO_COLOR' env is ignored due to the 'FORCE_COLOR' env being set.
(Use `node --trace-warnings ...` to show where the warning was created)
  ✘    9 scripts/browser-tests/cat-life-commerce-refresh.spec.mjs:117:3 › a refresh rejects inconsistent endpoint identities: different-accounts (0ms)
(node:12237) Warning: The 'NO_COLOR' env is ignored due to the 'FORCE_COLOR' env being set.
(Use `node --trace-warnings ...` to show where the warning was created)
  ✘   10 scripts/browser-tests/cat-life-commerce-refresh.spec.mjs:117:3 › a refresh rejects inconsistent endpoint identities: different-authentication (0ms)
(node:12240) Warning: The 'NO_COLOR' env is ignored due to the 'FORCE_COLOR' env being set.
(Use `node --trace-warnings ...` to show where the warning was created)
  ✘   11 scripts/browser-tests/cat-life-commerce-refresh.spec.mjs:132:7 › arcade slot rules survive successful commerce and background render at 390px (0ms)
(node:12241) Warning: The 'NO_COLOR' env is ignored due to the 'FORCE_COLOR' env being set.
(Use `node --trace-warnings ...` to show where the warning was created)
  ✘   12 scripts/browser-tests/cat-life-commerce-refresh.spec.mjs:132:7 › arcade slot rules survive failed commerce and background render at 390px (0ms)
(node:12242) Warning: The 'NO_COLOR' env is ignored due to the 'FORCE_COLOR' env being set.
(Use `node --trace-warnings ...` to show where the warning was created)
  ✘   13 scripts/browser-tests/cat-life-commerce-refresh.spec.mjs:132:7 › arcade lottery rules survive successful commerce and background render at 390px (0ms)
(node:12243) Warning: The 'NO_COLOR' env is ignored due to the 'FORCE_COLOR' env being set.
(Use `node --trace-warnings ...` to show where the warning was created)
  ✘   14 scripts/browser-tests/cat-life-commerce-refresh.spec.mjs:132:7 › arcade lottery rules survive failed commerce and background render at 390px (0ms)
(node:12244) Warning: The 'NO_COLOR' env is ignored due to the 'FORCE_COLOR' env being set.
(Use `node --trace-warnings ...` to show where the warning was created)
  ✘   15 scripts/browser-tests/cat-life-commerce-refresh.spec.mjs:158:3 › lottery digit retains value and focus across background and commerce render at 390px (0ms)
(node:12245) Warning: The 'NO_COLOR' env is ignored due to the 'FORCE_COLOR' env being set.
(Use `node --trace-warnings ...` to show where the warning was created)
  ✘   16 scripts/browser-tests/cat-life-commerce-refresh.spec.mjs:174:3 › care rules remain open and focused across background and commerce render at 390px (0ms)
(node:12246) Warning: The 'NO_COLOR' env is ignored due to the 'FORCE_COLOR' env being set.
(Use `node --trace-warnings ...` to show where the warning was created)
  ✘   17 scripts/browser-tests/cat-life-commerce-refresh.spec.mjs:198:5 › background focus rejects disabled replacement at 390px (0ms)
(node:12247) Warning: The 'NO_COLOR' env is ignored due to the 'FORCE_COLOR' env being set.
(Use `node --trace-warnings ...` to show where the warning was created)
  ✘   18 scripts/browser-tests/cat-life-commerce-refresh.spec.mjs:198:5 › background focus rejects duplicate replacement at 390px (0ms)
(node:12248) Warning: The 'NO_COLOR' env is ignored due to the 'FORCE_COLOR' env being set.
(Use `node --trace-warnings ...` to show where the warning was created)
  ✘   19 scripts/browser-tests/cat-life-commerce-refresh.spec.mjs:198:5 › background focus rejects other-region replacement at 390px (0ms)
(node:12251) Warning: The 'NO_COLOR' env is ignored due to the 'FORCE_COLOR' env being set.
(Use `node --trace-warnings ...` to show where the warning was created)
  ✘   20 scripts/browser-tests/cat-life-commerce-refresh.spec.mjs:238:3 › member entitlement initialization updates ownership without interrupting editing at 390px (0ms)
(node:12252) Warning: The 'NO_COLOR' env is ignored due to the 'FORCE_COLOR' env being set.
(Use `node --trace-warnings ...` to show where the warning was created)
  ✘   21 scripts/browser-tests/cat-life-commerce-refresh.spec.mjs:273:7 › initial commerce success preserves cats draft and selection at 390px (0ms)
(node:12253) Warning: The 'NO_COLOR' env is ignored due to the 'FORCE_COLOR' env being set.
(Use `node --trace-warnings ...` to show where the warning was created)
  ✘   22 scripts/browser-tests/cat-life-commerce-refresh.spec.mjs:273:7 › initial commerce success preserves save draft and selection at 390px (0ms)
(node:12254) Warning: The 'NO_COLOR' env is ignored due to the 'FORCE_COLOR' env being set.
(Use `node --trace-warnings ...` to show where the warning was created)
  ✘   23 scripts/browser-tests/cat-life-commerce-refresh.spec.mjs:294:5 › initial commerce success preserves rename button focus and unsubmitted draft at 390px (0ms)
(node:12255) Warning: The 'NO_COLOR' env is ignored due to the 'FORCE_COLOR' env being set.
(Use `node --trace-warnings ...` to show where the warning was created)
  ✘   24 scripts/browser-tests/cat-life-commerce-refresh.spec.mjs:273:7 › initial commerce failure preserves cats draft and selection at 390px (0ms)
(node:12256) Warning: The 'NO_COLOR' env is ignored due to the 'FORCE_COLOR' env being set.
(Use `node --trace-warnings ...` to show where the warning was created)
  ✘   25 scripts/browser-tests/cat-life-commerce-refresh.spec.mjs:273:7 › initial commerce failure preserves save draft and selection at 390px (0ms)
(node:12257) Warning: The 'NO_COLOR' env is ignored due to the 'FORCE_COLOR' env being set.
(Use `node --trace-warnings ...` to show where the warning was created)
  ✘   26 scripts/browser-tests/cat-life-commerce-refresh.spec.mjs:294:5 › initial commerce failure preserves rename button focus and unsubmitted draft at 390px (0ms)
(node:12258) Warning: The 'NO_COLOR' env is ignored due to the 'FORCE_COLOR' env being set.
(Use `node --trace-warnings ...` to show where the warning was created)
  ✘   27 scripts/browser-tests/cat-life-commerce-refresh.spec.mjs:313:3 › late commerce response preserves current navigation focus without reopening an old page at 390px (0ms)
(node:12259) Warning: The 'NO_COLOR' env is ignored due to the 'FORCE_COLOR' env being set.
(Use `node --trace-warnings ...` to show where the warning was created)
  ✘   28 scripts/browser-tests/cat-life-commerce-refresh.spec.mjs:132:7 › arcade slot rules survive successful commerce and background render at 1280px (0ms)
(node:12260) Warning: The 'NO_COLOR' env is ignored due to the 'FORCE_COLOR' env being set.
(Use `node --trace-warnings ...` to show where the warning was created)
  ✘   29 scripts/browser-tests/cat-life-commerce-refresh.spec.mjs:132:7 › arcade slot rules survive failed commerce and background render at 1280px (0ms)
(node:12261) Warning: The 'NO_COLOR' env is ignored due to the 'FORCE_COLOR' env being set.
(Use `node --trace-warnings ...` to show where the warning was created)
  ✘   30 scripts/browser-tests/cat-life-commerce-refresh.spec.mjs:132:7 › arcade lottery rules survive successful commerce and background render at 1280px (0ms)
(node:12262) Warning: The 'NO_COLOR' env is ignored due to the 'FORCE_COLOR' env being set.
(Use `node --trace-warnings ...` to show where the warning was created)
  ✘   31 scripts/browser-tests/cat-life-commerce-refresh.spec.mjs:132:7 › arcade lottery rules survive failed commerce and background render at 1280px (0ms)
(node:12263) Warning: The 'NO_COLOR' env is ignored due to the 'FORCE_COLOR' env being set.
(Use `node --trace-warnings ...` to show where the warning was created)
  ✘   32 scripts/browser-tests/cat-life-commerce-refresh.spec.mjs:158:3 › lottery digit retains value and focus across background and commerce render at 1280px (0ms)
(node:12264) Warning: The 'NO_COLOR' env is ignored due to the 'FORCE_COLOR' env being set.
(Use `node --trace-warnings ...` to show where the warning was created)
  ✘   33 scripts/browser-tests/cat-life-commerce-refresh.spec.mjs:174:3 › care rules remain open and focused across background and commerce render at 1280px (0ms)
(node:12265) Warning: The 'NO_COLOR' env is ignored due to the 'FORCE_COLOR' env being set.
(Use `node --trace-warnings ...` to show where the warning was created)
  ✘   34 scripts/browser-tests/cat-life-commerce-refresh.spec.mjs:198:5 › background focus rejects disabled replacement at 1280px (0ms)
(node:12266) Warning: The 'NO_COLOR' env is ignored due to the 'FORCE_COLOR' env being set.
(Use `node --trace-warnings ...` to show where the warning was created)
  ✘   35 scripts/browser-tests/cat-life-commerce-refresh.spec.mjs:198:5 › background focus rejects duplicate replacement at 1280px (0ms)
(node:12267) Warning: The 'NO_COLOR' env is ignored due to the 'FORCE_COLOR' env being set.
(Use `node --trace-warnings ...` to show where the warning was created)
  ✘   36 scripts/browser-tests/cat-life-commerce-refresh.spec.mjs:198:5 › background focus rejects other-region replacement at 1280px (0ms)
(node:12268) Warning: The 'NO_COLOR' env is ignored due to the 'FORCE_COLOR' env being set.
(Use `node --trace-warnings ...` to show where the warning was created)
  ✘   37 scripts/browser-tests/cat-life-commerce-refresh.spec.mjs:238:3 › member entitlement initialization updates ownership without interrupting editing at 1280px (0ms)
(node:12269) Warning: The 'NO_COLOR' env is ignored due to the 'FORCE_COLOR' env being set.
(Use `node --trace-warnings ...` to show where the warning was created)
  ✘   38 scripts/browser-tests/cat-life-commerce-refresh.spec.mjs:273:7 › initial commerce success preserves cats draft and selection at 1280px (0ms)
(node:12270) Warning: The 'NO_COLOR' env is ignored due to the 'FORCE_COLOR' env being set.
(Use `node --trace-warnings ...` to show where the warning was created)
  ✘   39 scripts/browser-tests/cat-life-commerce-refresh.spec.mjs:273:7 › initial commerce success preserves save draft and selection at 1280px (0ms)
(node:12271) Warning: The 'NO_COLOR' env is ignored due to the 'FORCE_COLOR' env being set.
(Use `node --trace-warnings ...` to show where the warning was created)
  ✘   40 scripts/browser-tests/cat-life-commerce-refresh.spec.mjs:294:5 › initial commerce success preserves rename button focus and unsubmitted draft at 1280px (0ms)
(node:12272) Warning: The 'NO_COLOR' env is ignored due to the 'FORCE_COLOR' env being set.
(Use `node --trace-warnings ...` to show where the warning was created)
  ✘   41 scripts/browser-tests/cat-life-commerce-refresh.spec.mjs:273:7 › initial commerce failure preserves cats draft and selection at 1280px (0ms)
(node:12273) Warning: The 'NO_COLOR' env is ignored due to the 'FORCE_COLOR' env being set.
(Use `node --trace-warnings ...` to show where the warning was created)
  ✘   42 scripts/browser-tests/cat-life-commerce-refresh.spec.mjs:273:7 › initial commerce failure preserves save draft and selection at 1280px (0ms)
(node:12274) Warning: The 'NO_COLOR' env is ignored due to the 'FORCE_COLOR' env being set.
(Use `node --trace-warnings ...` to show where the warning was created)
  ✘   43 scripts/browser-tests/cat-life-commerce-refresh.spec.mjs:294:5 › initial commerce failure preserves rename button focus and unsubmitted draft at 1280px (0ms)
(node:12275) Warning: The 'NO_COLOR' env is ignored due to the 'FORCE_COLOR' env being set.
(Use `node --trace-warnings ...` to show where the warning was created)
  ✘   44 scripts/browser-tests/cat-life-commerce-refresh.spec.mjs:313:3 › late commerce response preserves current navigation focus without reopening an old page at 1280px (0ms)
(node:12276) Warning: The 'NO_COLOR' env is ignored due to the 'FORCE_COLOR' env being set.
(Use `node --trace-warnings ...` to show where the warning was created)
  ✘   45 scripts/browser-tests/cat-life-commerce.spec.mjs:101:3 › room purchase, decoration, reload and revocation through UI at 1440px (0ms)
(node:12277) Warning: The 'NO_COLOR' env is ignored due to the 'FORCE_COLOR' env being set.
(Use `node --trace-warnings ...` to show where the warning was created)
  ✘   46 scripts/browser-tests/cat-life-commerce.spec.mjs:101:3 › room purchase, decoration, reload and revocation through UI at 390px (0ms)
(node:12278) Warning: The 'NO_COLOR' env is ignored due to the 'FORCE_COLOR' env being set.
(Use `node --trace-warnings ...` to show where the warning was created)
  ✘   47 scripts/browser-tests/cat-life-commerce.spec.mjs:183:1 › bench avoidance repairs old full-room layouts visually, survives resize and constrains dragging (0ms)
(node:12279) Warning: The 'NO_COLOR' env is ignored due to the 'FORCE_COLOR' env being set.
(Use `node --trace-warnings ...` to show where the warning was created)
  ✘   48 scripts/browser-tests/cat-life-commerce.spec.mjs:269:3 › localized offer scope and support links fit mobile: en (0ms)
(node:12280) Warning: The 'NO_COLOR' env is ignored due to the 'FORCE_COLOR' env being set.
(Use `node --trace-warnings ...` to show where the warning was created)
  ✘   49 scripts/browser-tests/cat-life-commerce.spec.mjs:269:3 › localized offer scope and support links fit mobile: zh-CN (0ms)
(node:12281) Warning: The 'NO_COLOR' env is ignored due to the 'FORCE_COLOR' env being set.
(Use `node --trace-warnings ...` to show where the warning was created)
  ✘   50 scripts/browser-tests/cat-life-commerce.spec.mjs:269:3 › localized offer scope and support links fit mobile: zh-Hant (0ms)
(node:12282) Warning: The 'NO_COLOR' env is ignored due to the 'FORCE_COLOR' env being set.
(Use `node --trace-warnings ...` to show where the warning was created)
  ✘   51 scripts/browser-tests/cat-life-commerce.spec.mjs:269:3 › localized offer scope and support links fit mobile: ja (0ms)
(node:12283) Warning: The 'NO_COLOR' env is ignored due to the 'FORCE_COLOR' env being set.
(Use `node --trace-warnings ...` to show where the warning was created)
  ✘   52 scripts/browser-tests/cat-life-commerce.spec.mjs:304:1 › uncertain redemption preserves the retry key and never promises no debit (0ms)
(node:12284) Warning: The 'NO_COLOR' env is ignored due to the 'FORCE_COLOR' env being set.
(Use `node --trace-warnings ...` to show where the warning was created)
  ✘   53 scripts/browser-tests/cat-life-commerce.spec.mjs:327:1 › redeems an active skin with server data only and applies the official entitlement (0ms)
(node:12285) Warning: The 'NO_COLOR' env is ignored due to the 'FORCE_COLOR' env being set.
(Use `node --trace-warnings ...` to show where the warning was created)
  ✘   54 scripts/browser-tests/cat-life-commerce.spec.mjs:398:1 › shows active products to guests but routes redemption through member sign-in (0ms)
(node:12286) Warning: The 'NO_COLOR' env is ignored due to the 'FORCE_COLOR' env being set.
(Use `node --trace-warnings ...` to show where the warning was created)
  ✘   55 scripts/browser-tests/cat-life-commerce.spec.mjs:419:1 › keeps the normal shop and member store as separate pages (0ms)
(node:12287) Warning: The 'NO_COLOR' env is ignored due to the 'FORCE_COLOR' env being set.
(Use `node --trace-warnings ...` to show where the warning was created)
  ✘   56 scripts/browser-tests/cat-life-commerce.spec.mjs:464:1 › keeps live player condition only in the masthead and exposes work progression (0ms)
(node:12288) Warning: The 'NO_COLOR' env is ignored due to the 'FORCE_COLOR' env being set.
(Use `node --trace-warnings ...` to show where the warning was created)
  ✘   57 scripts/browser-tests/cat-life-commerce.spec.mjs:476:1 › keeps compact mouse controls while restoring 44px touch targets (0ms)
(node:12289) Warning: The 'NO_COLOR' env is ignored due to the 'FORCE_COLOR' env being set.
(Use `node --trace-warnings ...` to show where the warning was created)
  ✘   58 scripts/browser-tests/cat-life-commerce.spec.mjs:490:1 › opens the separate member store from mobile More without horizontal overflow (0ms)
(node:12290) Warning: The 'NO_COLOR' env is ignored due to the 'FORCE_COLOR' env being set.
(Use `node --trace-warnings ...` to show where the warning was created)
  ✘   59 scripts/browser-tests/cat-life-commerce.spec.mjs:510:1 › unlocks the complete station room option set from an account entitlement (0ms)
(node:12291) Warning: The 'NO_COLOR' env is ignored due to the 'FORCE_COLOR' env being set.
(Use `node --trace-warnings ...` to show where the warning was created)
  ✘   60 scripts/browser-tests/cat-life-commerce.spec.mjs:539:1 › keeps forged premium room values visually locked for a guest and fits mobile width (0ms)
(node:12292) Warning: The 'NO_COLOR' env is ignored due to the 'FORCE_COLOR' env being set.
(Use `node --trace-warnings ...` to show where the warning was created)
  ✘   61 scripts/browser-tests/cat-life-commerce.spec.mjs:579:1 › does not reuse another account offline entitlement cache after an account switch (0ms)
(node:12293) Warning: The 'NO_COLOR' env is ignored due to the 'FORCE_COLOR' env being set.
(Use `node --trace-warnings ...` to show where the warning was created)
  ✘   62 scripts/browser-tests/cat-life-commerce.spec.mjs:601:1 › keeps cosmetics offline after verifying the same account without enabling redemption (0ms)
(node:12294) Warning: The 'NO_COLOR' env is ignored due to the 'FORCE_COLOR' env being set.
(Use `node --trace-warnings ...` to show where the warning was created)
  ✘   63 scripts/browser-tests/cat-life-commerce.spec.mjs:629:1 › cached account and cosmetics cannot start the game when the session is unavailable (0ms)
(node:12295) Warning: The 'NO_COLOR' env is ignored due to the 'FORCE_COLOR' env being set.
(Use `node --trace-warnings ...` to show where the warning was created)
  ✘   64 scripts/browser-tests/cat-life-commerce.spec.mjs:649:1 › removes equipped premium visuals after the server revokes their entitlements (0ms)
(node:12296) Warning: The 'NO_COLOR' env is ignored due to the 'FORCE_COLOR' env being set.
(Use `node --trace-warnings ...` to show where the warning was created)
  ✘   65 scripts/browser-tests/cat-life-gentle-care.spec.mjs:43:1 › leaving does not overwrite a compatible slot changed outside the running game (0ms)
(node:12299) Warning: The 'NO_COLOR' env is ignored due to the 'FORCE_COLOR' env being set.
(Use `node --trace-warnings ...` to show where the warning was created)
  ✘   66 scripts/browser-tests/cat-life-gentle-care.spec.mjs:59:1 › 390px: welcome back after a week, rescue and emergency meal remain usable after reload (0ms)
(node:12300) Warning: The 'NO_COLOR' env is ignored due to the 'FORCE_COLOR' env being set.
(Use `node --trace-warnings ...` to show where the warning was created)
  ✘   67 scripts/browser-tests/cat-life-gentle-care.spec.mjs:84:1 › temporary care connects cats, hospital, collection and backpack without consuming supplies (0ms)
(node:12301) Warning: The 'NO_COLOR' env is ignored due to the 'FORCE_COLOR' env being set.
(Use `node --trace-warnings ...` to show where the warning was created)
  ✘   68 scripts/browser-tests/cat-life-gentle-care.spec.mjs:99:1 › old loss stays opt-in and recovery keeps a local backup and the same bond (0ms)
(node:12302) Warning: The 'NO_COLOR' env is ignored due to the 'FORCE_COLOR' env being set.
(Use `node --trace-warnings ...` to show where the warning was created)
  ✘   69 scripts/browser-tests/cat-life-gentle-care.spec.mjs:115:1 › focus plus reload preserves two partial 20-minute care intervals (0ms)
(node:12303) Warning: The 'NO_COLOR' env is ignored due to the 'FORCE_COLOR' env being set.
(Use `node --trace-warnings ...` to show where the warning was created)
  ✘   70 scripts/browser-tests/cat-life-gentle-care.spec.mjs:133:1 › v2 import honors old cat trackers despite fresh meta and shows the new release notice (0ms)
(node:12304) Warning: The 'NO_COLOR' env is ignored due to the 'FORCE_COLOR' env being set.
(Use `node --trace-warnings ...` to show where the warning was created)
  ✘   71 scripts/browser-tests/cat-life-interaction-polish.spec.mjs:18:39 › 390px veteran: guidance locates one care action; settlement is inline once (0ms)
(node:12305) Warning: The 'NO_COLOR' env is ignored due to the 'FORCE_COLOR' env being set.
(Use `node --trace-warnings ...` to show where the warning was created)
  ✘   72 scripts/browser-tests/cat-life-interaction-polish.spec.mjs:18:39 › 390px novice: guidance locates one care action; settlement is inline once (0ms)
(node:12306) Warning: The 'NO_COLOR' env is ignored due to the 'FORCE_COLOR' env being set.
(Use `node --trace-warnings ...` to show where the warning was created)
  ✘   73 scripts/browser-tests/cat-life-interaction-polish.spec.mjs:46:3 › 390px: find additional care opens details without consuming; orange focus survives redraw (0ms)
(node:12307) Warning: The 'NO_COLOR' env is ignored due to the 'FORCE_COLOR' env being set.
(Use `node --trace-warnings ...` to show where the warning was created)
  ✘   74 scripts/browser-tests/cat-life-interaction-polish.spec.mjs:18:39 › 1280px veteran: guidance locates one care action; settlement is inline once (0ms)
(node:12308) Warning: The 'NO_COLOR' env is ignored due to the 'FORCE_COLOR' env being set.
(Use `node --trace-warnings ...` to show where the warning was created)
  ✘   75 scripts/browser-tests/cat-life-interaction-polish.spec.mjs:18:39 › 1280px novice: guidance locates one care action; settlement is inline once (0ms)
(node:12309) Warning: The 'NO_COLOR' env is ignored due to the 'FORCE_COLOR' env being set.
(Use `node --trace-warnings ...` to show where the warning was created)
  ✘   76 scripts/browser-tests/cat-life-interaction-polish.spec.mjs:46:3 › 1280px: find additional care opens details without consuming; orange focus survives redraw (0ms)
(node:12310) Warning: The 'NO_COLOR' env is ignored due to the 'FORCE_COLOR' env being set.
(Use `node --trace-warnings ...` to show where the warning was created)
  ✘   77 scripts/browser-tests/cat-life-interaction-polish.spec.mjs:70:1 › home care keeps success toast; failed care on the cat page keeps errors (0ms)
(node:12311) Warning: The 'NO_COLOR' env is ignored due to the 'FORCE_COLOR' env being set.
(Use `node --trace-warnings ...` to show where the warning was created)
  ✘   78 scripts/browser-tests/cat-life-interactions.spec.mjs:16:40 › 390px: scene, honest receipt, stable three-action layout and additional care (0ms)
(node:12312) Warning: The 'NO_COLOR' env is ignored due to the 'FORCE_COLOR' env being set.
(Use `node --trace-warnings ...` to show where the warning was created)
  ✘   79 scripts/browser-tests/cat-life-interactions.spec.mjs:16:40 › 1040px: scene, honest receipt, stable three-action layout and additional care (0ms)
(node:12313) Warning: The 'NO_COLOR' env is ignored due to the 'FORCE_COLOR' env being set.
(Use `node --trace-warnings ...` to show where the warning was created)
  ✘   80 scripts/browser-tests/cat-life-interactions.spec.mjs:16:40 › 1280px: scene, honest receipt, stable three-action layout and additional care (0ms)
(node:12314) Warning: The 'NO_COLOR' env is ignored due to the 'FORCE_COLOR' env being set.
(Use `node --trace-warnings ...` to show where the warning was created)
  ✘   81 scripts/browser-tests/cat-life-interactions.spec.mjs:40:1 › double click across replacement settles once; background render resumes the animation clock (0ms)
(node:12315) Warning: The 'NO_COLOR' env is ignored due to the 'FORCE_COLOR' env being set.
(Use `node --trace-warnings ...` to show where the warning was created)
  ✘   82 scripts/browser-tests/cat-life-interactions.spec.mjs:57:1 › rest and play have distinct animation, reduced motion disables it; reload clears only UI feedback (0ms)
(node:12316) Warning: The 'NO_COLOR' env is ignored due to the 'FORCE_COLOR' env being set.
(Use `node --trace-warnings ...` to show where the warning was created)
  ✘   83 scripts/browser-tests/cat-life-memories.spec.mjs:20:1 › 390px: actual care creates memories; home opens the correct journal, reload and rename retain entries (0ms)
(node:12317) Warning: The 'NO_COLOR' env is ignored due to the 'FORCE_COLOR' env being set.
(Use `node --trace-warnings ...` to show where the warning was created)
  ✘   84 scripts/browser-tests/cat-life-memories.spec.mjs:57:1 › journal expansion survives actions and focus refresh while nickname drafts are kept (0ms)
(node:12318) Warning: The 'NO_COLOR' env is ignored due to the 'FORCE_COLOR' env being set.
(Use `node --trace-warnings ...` to show where the warning was created)
  ✘   85 scripts/browser-tests/cat-life-memories.spec.mjs:84:1 › most recent memory selects its own cat instead of the previously selected cat (0ms)
(node:12319) Warning: The 'NO_COLOR' env is ignored due to the 'FORCE_COLOR' env being set.
(Use `node --trace-warnings ...` to show where the warning was created)
  ✘   86 scripts/browser-tests/cat-life-memories.spec.mjs:105:3 › zh-CN: legacy milestones have no invented dates; complete bond and future journal remain readable (0ms)
(node:12320) Warning: The 'NO_COLOR' env is ignored due to the 'FORCE_COLOR' env being set.
(Use `node --trace-warnings ...` to show where the warning was created)
  ✘   87 scripts/browser-tests/cat-life-memories.spec.mjs:105:3 › en: legacy milestones have no invented dates; complete bond and future journal remain readable (0ms)
(node:12321) Warning: The 'NO_COLOR' env is ignored due to the 'FORCE_COLOR' env being set.
(Use `node --trace-warnings ...` to show where the warning was created)
  ✘   88 scripts/browser-tests/cat-life-memories.spec.mjs:105:3 › ja: legacy milestones have no invented dates; complete bond and future journal remain readable (0ms)
(node:12322) Warning: The 'NO_COLOR' env is ignored due to the 'FORCE_COLOR' env being set.
(Use `node --trace-warnings ...` to show where the warning was created)
  ✘   89 scripts/browser-tests/cat-life-motion.spec.mjs:25:40 › 390px: CSP-safe rig actually draws; feeding preserves settlement, focus and canvas through redraw (0ms)
(node:12323) Warning: The 'NO_COLOR' env is ignored due to the 'FORCE_COLOR' env being set.
(Use `node --trace-warnings ...` to show where the warning was created)
  ✘   90 scripts/browser-tests/cat-life-motion.spec.mjs:25:40 › 1040px: CSP-safe rig actually draws; feeding preserves settlement, focus and canvas through redraw (0ms)
(node:12324) Warning: The 'NO_COLOR' env is ignored due to the 'FORCE_COLOR' env being set.
(Use `node --trace-warnings ...` to show where the warning was created)
  ✘   91 scripts/browser-tests/cat-life-motion.spec.mjs:25:40 › 1280px: CSP-safe rig actually draws; feeding preserves settlement, focus and canvas through redraw (0ms)
(node:12325) Warning: The 'NO_COLOR' env is ignored due to the 'FORCE_COLOR' env being set.
(Use `node --trace-warnings ...` to show where the warning was created)
  ✘   92 scripts/browser-tests/cat-life-motion.spec.mjs:55:1 › reduced motion, membership and non-orange/sheltered/dead cats retain their original art (0ms)
(node:12326) Warning: The 'NO_COLOR' env is ignored due to the 'FORCE_COLOR' env being set.
(Use `node --trace-warnings ...` to show where the warning was created)
  ✘   93 scripts/browser-tests/cat-life-motion.spec.mjs:76:1 › asset failure keeps a visible image and care still settles (0ms)
(node:12327) Warning: The 'NO_COLOR' env is ignored due to the 'FORCE_COLOR' env being set.
(Use `node --trace-warnings ...` to show where the warning was created)
  ✘   94 scripts/browser-tests/cat-life-motion.spec.mjs:84:1 › home and room use animated cats; repeated routes and save replacement cannot retain stale canvases (0ms)
(node:12328) Warning: The 'NO_COLOR' env is ignored due to the 'FORCE_COLOR' env being set.
(Use `node --trace-warnings ...` to show where the warning was created)
  ✘   95 scripts/browser-tests/cat-life-motion.spec.mjs:103:1 › entering the room during a care reaction resumes the rig when the reaction expires (0ms)
(node:12329) Warning: The 'NO_COLOR' env is ignored due to the 'FORCE_COLOR' env being set.
(Use `node --trace-warnings ...` to show where the warning was created)
  ✘   96 scripts/browser-tests/cat-life-music.spec.mjs:34:3 › 390px: approved AAC decodes after gesture, loops and survives all page changes without restarting (0ms)
(node:12330) Warning: The 'NO_COLOR' env is ignored due to the 'FORCE_COLOR' env being set.
(Use `node --trace-warnings ...` to show where the warning was created)
  ✘   97 scripts/browser-tests/cat-life-music.spec.mjs:49:3 › 390px: mute, volume and hidden/BFCache restoration pause and resume the same decoded track (0ms)
(node:12331) Warning: The 'NO_COLOR' env is ignored due to the 'FORCE_COLOR' env being set.
(Use `node --trace-warnings ...` to show where the warning was created)
  ✘   98 scripts/browser-tests/cat-life-music.spec.mjs:34:3 › 1280px: approved AAC decodes after gesture, loops and survives all page changes without restarting (0ms)
(node:12332) Warning: The 'NO_COLOR' env is ignored due to the 'FORCE_COLOR' env being set.
(Use `node --trace-warnings ...` to show where the warning was created)
  ✘   99 scripts/browser-tests/cat-life-music.spec.mjs:49:3 › 1280px: mute, volume and hidden/BFCache restoration pause and resume the same decoded track (0ms)
(node:12333) Warning: The 'NO_COLOR' env is ignored due to the 'FORCE_COLOR' env being set.
(Use `node --trace-warnings ...` to show where the warning was created)
  ✘  100 scripts/browser-tests/cat-life-music.spec.mjs:76:1 › native decoded loop crosses the 75-second boundary without a silent padding gap (0ms)
(node:12335) Warning: The 'NO_COLOR' env is ignored due to the 'FORCE_COLOR' env being set.
(Use `node --trace-warnings ...` to show where the warning was created)
  ✘  101 scripts/browser-tests/cat-life-music.spec.mjs:92:1 › delayed asset cannot play after mute; failed requests stay quiet until a fresh gesture (0ms)
(node:12336) Warning: The 'NO_COLOR' env is ignored due to the 'FORCE_COLOR' env being set.
(Use `node --trace-warnings ...` to show where the warning was created)
  ✘  102 scripts/browser-tests/cat-life-music.spec.mjs:112:1 › existing custom music stays selected, pauses/resumes, and clearing restores the new default (0ms)
(node:12337) Warning: The 'NO_COLOR' env is ignored due to the 'FORCE_COLOR' env being set.
(Use `node --trace-warnings ...` to show where the warning was created)
  ✘  103 scripts/browser-tests/cat-life-onboarding.spec.mjs:17:1 › 390px first visit: meet, claim once, feed, play and finish real work; progress survives reload (0ms)
(node:12338) Warning: The 'NO_COLOR' env is ignored due to the 'FORCE_COLOR' env being set.
(Use `node --trace-warnings ...` to show where the warning was created)
  ✘  104 scripts/browser-tests/cat-life-onboarding.spec.mjs:55:1 › a week away retains the second package and care date; welcome-home does not earn a learning day (0ms)
(node:12339) Warning: The 'NO_COLOR' env is ignored due to the 'FORCE_COLOR' env being set.
(Use `node --trace-warnings ...` to show where the warning was created)
  ✘  105 scripts/browser-tests/cat-life-onboarding.spec.mjs:86:1 › first clinic aid works with no coins, synchronizes with hospital UI and cannot be reused (0ms)
(node:12340) Warning: The 'NO_COLOR' env is ignored due to the 'FORCE_COLOR' env being set.
(Use `node --trace-warnings ...` to show where the warning was created)
  ✘  106 scripts/browser-tests/cat-life-onboarding.spec.mjs:115:1 › third care day completes at UTC midnight without needing navigation, while free rescue remains (0ms)
(node:12341) Warning: The 'NO_COLOR' env is ignored due to the 'FORCE_COLOR' env being set.
(Use `node --trace-warnings ...` to show where the warning was created)
  ✘  107 scripts/browser-tests/cat-life-onboarding.spec.mjs:139:1 › return recommendations stay useful for veterans, and three locales fit 390px and desktop (0ms)
(node:12342) Warning: The 'NO_COLOR' env is ignored due to the 'FORCE_COLOR' env being set.
(Use `node --trace-warnings ...` to show where the warning was created)
  ✘  108 scripts/browser-tests/cat-life-onboarding.spec.mjs:166:1 › focus, visibility and real background updates preserve unsubmitted names and import text (0ms)
(node:12343) Warning: The 'NO_COLOR' env is ignored due to the 'FORCE_COLOR' env being set.
(Use `node --trace-warnings ...` to show where the warning was created)
  ✘  109 scripts/browser-tests/cat-life-onboarding.spec.mjs:206:1 › an unclaimed third package survives midnight and reload without extending protection or allowing duplicates (0ms)
(node:12344) Warning: The 'NO_COLOR' env is ignored due to the 'FORCE_COLOR' env being set.
(Use `node --trace-warnings ...` to show where the warning was created)
  ✘  110 scripts/browser-tests/cat-life-onboarding.spec.mjs:234:1 › home rescues overlooked companions first and keeps in-place meals on the care route (0ms)
(node:12345) Warning: The 'NO_COLOR' env is ignored due to the 'FORCE_COLOR' env being set.
(Use `node --trace-warnings ...` to show where the warning was created)
  ✘  111 scripts/browser-tests/cat-life-release-history.spec.mjs:9:34 › 390px: release history stays folded until requested, preserving focus and expansion on refresh (0ms)
(node:12346) Warning: The 'NO_COLOR' env is ignored due to the 'FORCE_COLOR' env being set.
(Use `node --trace-warnings ...` to show where the warning was created)
  ✘  112 scripts/browser-tests/cat-life-release-history.spec.mjs:9:34 › 1280px: release history stays folded until requested, preserving focus and expansion on refresh (0ms)
(node:12347) Warning: The 'NO_COLOR' env is ignored due to the 'FORCE_COLOR' env being set.
(Use `node --trace-warnings ...` to show where the warning was created)
  ✘  113 scripts/browser-tests/cat-life-review-interactions.spec.mjs:64:3 › 390px: rescue successors stay stationary under an edge hover and accept ordinary clicks (0ms)
(node:12348) Warning: The 'NO_COLOR' env is ignored due to the 'FORCE_COLOR' env being set.
(Use `node --trace-warnings ...` to show where the warning was created)
  ✘  114 scripts/browser-tests/cat-life-review-interactions.spec.mjs:99:70 › 390px: live sampler rejects move after observing a redraw (0ms)
(node:12349) Warning: The 'NO_COLOR' env is ignored due to the 'FORCE_COLOR' env being set.
(Use `node --trace-warnings ...` to show where the warning was created)
  ✘  115 scripts/browser-tests/cat-life-review-interactions.spec.mjs:99:70 › 390px: live sampler rejects hidden after observing a redraw (0ms)
(node:12350) Warning: The 'NO_COLOR' env is ignored due to the 'FORCE_COLOR' env being set.
(Use `node --trace-warnings ...` to show where the warning was created)
  ✘  116 scripts/browser-tests/cat-life-review-interactions.spec.mjs:99:70 › 390px: live sampler rejects deleted after observing a redraw (0ms)
(node:12351) Warning: The 'NO_COLOR' env is ignored due to the 'FORCE_COLOR' env being set.
(Use `node --trace-warnings ...` to show where the warning was created)
  ✘  117 scripts/browser-tests/cat-life-review-interactions.spec.mjs:99:70 › 390px: live sampler rejects duplicate after observing a redraw (0ms)
(node:12352) Warning: The 'NO_COLOR' env is ignored due to the 'FORCE_COLOR' env being set.
(Use `node --trace-warnings ...` to show where the warning was created)
  ✘  118 scripts/browser-tests/cat-life-review-interactions.spec.mjs:122:3 › 390px: expanding ten memories retains visible keyboard focus without moving the control (0ms)
(node:12353) Warning: The 'NO_COLOR' env is ignored due to the 'FORCE_COLOR' env being set.
(Use `node --trace-warnings ...` to show where the warning was created)
  ✘  119 scripts/browser-tests/cat-life-review-interactions.spec.mjs:64:3 › 1280px: rescue successors stay stationary under an edge hover and accept ordinary clicks (0ms)
(node:12354) Warning: The 'NO_COLOR' env is ignored due to the 'FORCE_COLOR' env being set.
(Use `node --trace-warnings ...` to show where the warning was created)
  ✘  120 scripts/browser-tests/cat-life-review-interactions.spec.mjs:99:70 › 1280px: live sampler rejects move after observing a redraw (0ms)
(node:12355) Warning: The 'NO_COLOR' env is ignored due to the 'FORCE_COLOR' env being set.
(Use `node --trace-warnings ...` to show where the warning was created)
  ✘  121 scripts/browser-tests/cat-life-review-interactions.spec.mjs:99:70 › 1280px: live sampler rejects hidden after observing a redraw (0ms)
(node:12356) Warning: The 'NO_COLOR' env is ignored due to the 'FORCE_COLOR' env being set.
(Use `node --trace-warnings ...` to show where the warning was created)
  ✘  122 scripts/browser-tests/cat-life-review-interactions.spec.mjs:99:70 › 1280px: live sampler rejects deleted after observing a redraw (0ms)
(node:12357) Warning: The 'NO_COLOR' env is ignored due to the 'FORCE_COLOR' env being set.
(Use `node --trace-warnings ...` to show where the warning was created)
  ✘  123 scripts/browser-tests/cat-life-review-interactions.spec.mjs:99:70 › 1280px: live sampler rejects duplicate after observing a redraw (0ms)
(node:12358) Warning: The 'NO_COLOR' env is ignored due to the 'FORCE_COLOR' env being set.
(Use `node --trace-warnings ...` to show where the warning was created)
  ✘  124 scripts/browser-tests/cat-life-review-interactions.spec.mjs:122:3 › 1280px: expanding ten memories retains visible keyboard focus without moving the control (0ms)
(node:12359) Warning: The 'NO_COLOR' env is ignored due to the 'FORCE_COLOR' env being set.
(Use `node --trace-warnings ...` to show where the warning was created)
  ✘  125 scripts/browser-tests/cat-life-share.spec.mjs:38:3 › 390px zh-Hant: real PNG, decodable QR, public latest notes and responsive dialog (0ms)
(node:12360) Warning: The 'NO_COLOR' env is ignored due to the 'FORCE_COLOR' env being set.
(Use `node --trace-warnings ...` to show where the warning was created)
  ✘  126 scripts/browser-tests/cat-life-share.spec.mjs:38:3 › 390px en: real PNG, decodable QR, public latest notes and responsive dialog (0ms)
(node:12361) Warning: The 'NO_COLOR' env is ignored due to the 'FORCE_COLOR' env being set.
(Use `node --trace-warnings ...` to show where the warning was created)
  ✘  127 scripts/browser-tests/cat-life-share.spec.mjs:38:3 › 390px ja: real PNG, decodable QR, public latest notes and responsive dialog (0ms)
(node:12362) Warning: The 'NO_COLOR' env is ignored due to the 'FORCE_COLOR' env being set.
(Use `node --trace-warnings ...` to show where the warning was created)
  ✘  128 scripts/browser-tests/cat-life-share.spec.mjs:38:3 › 1040px zh-Hant: real PNG, decodable QR, public latest notes and responsive dialog (0ms)
(node:12363) Warning: The 'NO_COLOR' env is ignored due to the 'FORCE_COLOR' env being set.
(Use `node --trace-warnings ...` to show where the warning was created)
  ✘  129 scripts/browser-tests/cat-life-share.spec.mjs:38:3 › 1040px en: real PNG, decodable QR, public latest notes and responsive dialog (0ms)
(node:12364) Warning: The 'NO_COLOR' env is ignored due to the 'FORCE_COLOR' env being set.
(Use `node --trace-warnings ...` to show where the warning was created)
  ✘  130 scripts/browser-tests/cat-life-share.spec.mjs:38:3 › 1040px ja: real PNG, decodable QR, public latest notes and responsive dialog (0ms)
(node:12365) Warning: The 'NO_COLOR' env is ignored due to the 'FORCE_COLOR' env being set.
(Use `node --trace-warnings ...` to show where the warning was created)
  ✘  131 scripts/browser-tests/cat-life-share.spec.mjs:38:3 › 1280px zh-Hant: real PNG, decodable QR, public latest notes and responsive dialog (0ms)
(node:12366) Warning: The 'NO_COLOR' env is ignored due to the 'FORCE_COLOR' env being set.
(Use `node --trace-warnings ...` to show where the warning was created)
  ✘  132 scripts/browser-tests/cat-life-share.spec.mjs:38:3 › 1280px en: real PNG, decodable QR, public latest notes and responsive dialog (0ms)
(node:12367) Warning: The 'NO_COLOR' env is ignored due to the 'FORCE_COLOR' env being set.
(Use `node --trace-warnings ...` to show where the warning was created)
  ✘  133 scripts/browser-tests/cat-life-share.spec.mjs:38:3 › 1280px ja: real PNG, decodable QR, public latest notes and responsive dialog (0ms)
(node:12368) Warning: The 'NO_COLOR' env is ignored due to the 'FORCE_COLOR' env being set.
(Use `node --trace-warnings ...` to show where the warning was created)
  ✘  134 scripts/browser-tests/cat-life-share.spec.mjs:74:1 › explicit redraw and actual commerce completion keep the image, selection and focused controls (0ms)
(node:12369) Warning: The 'NO_COLOR' env is ignored due to the 'FORCE_COLOR' env being set.
(Use `node --trace-warnings ...` to show where the warning was created)
  ✘  135 scripts/browser-tests/cat-life-share.spec.mjs:88:79 › failed station-letter.webp can retry without offering a broken PNG (0ms)
(node:12370) Warning: The 'NO_COLOR' env is ignored due to the 'FORCE_COLOR' env being set.
(Use `node --trace-warnings ...` to show where the warning was created)
  ✘  136 scripts/browser-tests/cat-life-share.spec.mjs:88:79 › failed letter-title.ttf can retry without offering a broken PNG (0ms)
(node:12371) Warning: The 'NO_COLOR' env is ignored due to the 'FORCE_COLOR' env being set.
(Use `node --trace-warnings ...` to show where the warning was created)
  ✘  137 scripts/browser-tests/cat-life-share.spec.mjs:88:79 › failed qrcode.js can retry without offering a broken PNG (0ms)
(node:12372) Warning: The 'NO_COLOR' env is ignored due to the 'FORCE_COLOR' env being set.
(Use `node --trace-warnings ...` to show where the warning was created)
  ✘  138 scripts/browser-tests/cat-life-share.spec.mjs:98:1 › closing while generation is pending cannot resurrect a dialog or leak object URLs (0ms)
(node:12373) Warning: The 'NO_COLOR' env is ignored due to the 'FORCE_COLOR' env being set.
(Use `node --trace-warnings ...` to show where the warning was created)
  ✘  139 scripts/browser-tests/cat-life-share.spec.mjs:120:1 › clipboard failure selects manual copy, success copies the clean public link (0ms)
(node:12374) Warning: The 'NO_COLOR' env is ignored due to the 'FORCE_COLOR' env being set.
(Use `node --trace-warnings ...` to show where the warning was created)
  ✘  140 scripts/browser-tests/cat-life-share.spec.mjs:132:72 › native share success uses a prepared file and truthful feedback (0ms)
(node:12375) Warning: The 'NO_COLOR' env is ignored due to the 'FORCE_COLOR' env being set.
(Use `node --trace-warnings ...` to show where the warning was created)
  ✘  141 scripts/browser-tests/cat-life-share.spec.mjs:132:72 › native share cancel uses a prepared file and truthful feedback (0ms)
(node:12376) Warning: The 'NO_COLOR' env is ignored due to the 'FORCE_COLOR' env being set.
(Use `node --trace-warnings ...` to show where the warning was created)
  ✘  142 scripts/browser-tests/cat-life-share.spec.mjs:132:72 › native share failure uses a prepared file and truthful feedback (0ms)
(node:12377) Warning: The 'NO_COLOR' env is ignored due to the 'FORCE_COLOR' env being set.
(Use `node --trace-warnings ...` to show where the warning was created)
  ✘  143 scripts/browser-tests/cat-life-share.spec.mjs:132:72 › native share unsupported uses a prepared file and truthful feedback (0ms)
(node:12378) Warning: The 'NO_COLOR' env is ignored due to the 'FORCE_COLOR' env being set.
(Use `node --trace-warnings ...` to show where the warning was created)
  ✘  144 scripts/browser-tests/cat-life-storybook.spec.mjs:36:1 › keeps the storybook shell coherent across every desktop game page (0ms)
(node:12379) Warning: The 'NO_COLOR' env is ignored due to the 'FORCE_COLOR' env being set.
(Use `node --trace-warnings ...` to show where the warning was created)
  ✘  145 scripts/browser-tests/cat-life-storybook.spec.mjs:205:1 › keeps hospital treatment copy and patient profile selection aligned (0ms)
(node:12380) Warning: The 'NO_COLOR' env is ignored due to the 'FORCE_COLOR' env being set.
(Use `node --trace-warnings ...` to show where the warning was created)
  ✘  146 scripts/browser-tests/cat-life-storybook.spec.mjs:245:1 › fits the storybook shell, cat stage, shop tabs, and More menu at 390px (0ms)
(node:12381) Warning: The 'NO_COLOR' env is ignored due to the 'FORCE_COLOR' env being set.
(Use `node --trace-warnings ...` to show where the warning was created)
  ✘  147 scripts/browser-tests/cat-life-storybook.spec.mjs:314:1 › aligns the website account action with the language control (0ms)
(node:12382) Warning: The 'NO_COLOR' env is ignored due to the 'FORCE_COLOR' env being set.
(Use `node --trace-warnings ...` to show where the warning was created)
  ✘  148 scripts/browser-tests/site-mobile-header.spec.mjs:11:1 › keeps the localized mobile homepage navigation in an equal two-by-two grid (0ms)


  1) scripts/browser-tests/cat-life-cloud-save.spec.mjs:43:1 › migrates a legacy guest save before first cloud upload and blocks oversized follow-up writes 

    Error: browserType.launch: Executable doesn't exist at /Users/shaola/Library/Caches/ms-playwright/chromium_headless_shell-1234/chrome-headless-shell-mac-arm64/chrome-headless-shell
    ╔════════════════════════════════════════════════════════════╗
    ║ Looks like Playwright was just installed or updated.       ║
    ║ Please run the following command to download new browsers: ║
    ║                                                            ║
    ║     npx playwright install                                 ║
    ║                                                            ║
    ║ <3 Playwright Team                                         ║
    ╚════════════════════════════════════════════════════════════╝

    Error Context: test-results/cat-life-cloud-save-migrat-86ab6--oversized-follow-up-writes/error-context.md

  2) scripts/browser-tests/cat-life-cloud-save.spec.mjs:96:1 › lists recovery records and restores a selected cloud revision 

    Error: browserType.launch: Executable doesn't exist at /Users/shaola/Library/Caches/ms-playwright/chromium_headless_shell-1234/chrome-headless-shell-mac-arm64/chrome-headless-shell
    ╔════════════════════════════════════════════════════════════╗
    ║ Looks like Playwright was just installed or updated.       ║
    ║ Please run the following command to download new browsers: ║
    ║                                                            ║
    ║     npx playwright install                                 ║
    ║                                                            ║
    ║ <3 Playwright Team                                         ║
    ╚════════════════════════════════════════════════════════════╝

    Error Context: test-results/cat-life-cloud-save-lists--f6d19-s-a-selected-cloud-revision/error-context.md

  3) scripts/browser-tests/cat-life-cloud-save.spec.mjs:160:1 › shows the conflict chooser when another session wins the revision race 

    Error: browserType.launch: Executable doesn't exist at /Users/shaola/Library/Caches/ms-playwright/chromium_headless_shell-1234/chrome-headless-shell-mac-arm64/chrome-headless-shell
    ╔════════════════════════════════════════════════════════════╗
    ║ Looks like Playwright was just installed or updated.       ║
    ║ Please run the following command to download new browsers: ║
    ║                                                            ║
    ║     npx playwright install                                 ║
    ║                                                            ║
    ║ <3 Playwright Team                                         ║
    ╚════════════════════════════════════════════════════════════╝

    Error Context: test-results/cat-life-cloud-save-shows--e0783-sion-wins-the-revision-race/error-context.md

  4) scripts/browser-tests/cat-life-cloud-save.spec.mjs:199:1 › keeps member recovery controls reachable at mobile width 

    Error: browserType.launch: Executable doesn't exist at /Users/shaola/Library/Caches/ms-playwright/chromium_headless_shell-1234/chrome-headless-shell-mac-arm64/chrome-headless-shell
    ╔════════════════════════════════════════════════════════════╗
    ║ Looks like Playwright was just installed or updated.       ║
    ║ Please run the following command to download new browsers: ║
    ║                                                            ║
    ║     npx playwright install                                 ║
    ║                                                            ║
    ║ <3 Playwright Team                                         ║
    ╚════════════════════════════════════════════════════════════╝

    Error Context: test-results/cat-life-cloud-save-keeps--2456d-s-reachable-at-mobile-width/error-context.md

  5) scripts/browser-tests/cat-life-commerce-refresh.spec.mjs:81:3 › out-of-order commerce responses cannot overwrite latest state: older-success 

    Error: browserType.launch: Executable doesn't exist at /Users/shaola/Library/Caches/ms-playwright/chromium_headless_shell-1234/chrome-headless-shell-mac-arm64/chrome-headless-shell
    ╔════════════════════════════════════════════════════════════╗
    ║ Looks like Playwright was just installed or updated.       ║
    ║ Please run the following command to download new browsers: ║
    ║                                                            ║
    ║     npx playwright install                                 ║
    ║                                                            ║
    ║ <3 Playwright Team                                         ║
    ╚════════════════════════════════════════════════════════════╝

    Error Context: test-results/cat-life-commerce-refresh--e3fef--latest-state-older-success/error-context.md

  6) scripts/browser-tests/cat-life-commerce-refresh.spec.mjs:81:3 › out-of-order commerce responses cannot overwrite latest state: older-failure 

    Error: browserType.launch: Executable doesn't exist at /Users/shaola/Library/Caches/ms-playwright/chromium_headless_shell-1234/chrome-headless-shell-mac-arm64/chrome-headless-shell
    ╔════════════════════════════════════════════════════════════╗
    ║ Looks like Playwright was just installed or updated.       ║
    ║ Please run the following command to download new browsers: ║
    ║                                                            ║
    ║     npx playwright install                                 ║
    ║                                                            ║
    ║ <3 Playwright Team                                         ║
    ╚════════════════════════════════════════════════════════════╝

    Error Context: test-results/cat-life-commerce-refresh--b09a0--latest-state-older-failure/error-context.md

  7) scripts/browser-tests/cat-life-commerce-refresh.spec.mjs:81:3 › out-of-order commerce responses cannot overwrite latest state: newer-guest 

    Error: browserType.launch: Executable doesn't exist at /Users/shaola/Library/Caches/ms-playwright/chromium_headless_shell-1234/chrome-headless-shell-mac-arm64/chrome-headless-shell
    ╔════════════════════════════════════════════════════════════╗
    ║ Looks like Playwright was just installed or updated.       ║
    ║ Please run the following command to download new browsers: ║
    ║                                                            ║
    ║     npx playwright install                                 ║
    ║                                                            ║
    ║ <3 Playwright Team                                         ║
    ╚════════════════════════════════════════════════════════════╝

    Error Context: test-results/cat-life-commerce-refresh--4e3be-te-latest-state-newer-guest/error-context.md

  8) scripts/browser-tests/cat-life-commerce-refresh.spec.mjs:81:3 › out-of-order commerce responses cannot overwrite latest state: newer-failure 

    Error: browserType.launch: Executable doesn't exist at /Users/shaola/Library/Caches/ms-playwright/chromium_headless_shell-1234/chrome-headless-shell-mac-arm64/chrome-headless-shell
    ╔════════════════════════════════════════════════════════════╗
    ║ Looks like Playwright was just installed or updated.       ║
    ║ Please run the following command to download new browsers: ║
    ║                                                            ║
    ║     npx playwright install                                 ║
    ║                                                            ║
    ║ <3 Playwright Team                                         ║
    ╚════════════════════════════════════════════════════════════╝

    Error Context: test-results/cat-life-commerce-refresh--15ede--latest-state-newer-failure/error-context.md

  9) scripts/browser-tests/cat-life-commerce-refresh.spec.mjs:117:3 › a refresh rejects inconsistent endpoint identities: different-accounts 

    Error: browserType.launch: Executable doesn't exist at /Users/shaola/Library/Caches/ms-playwright/chromium_headless_shell-1234/chrome-headless-shell-mac-arm64/chrome-headless-shell
    ╔════════════════════════════════════════════════════════════╗
    ║ Looks like Playwright was just installed or updated.       ║
    ║ Please run the following command to download new browsers: ║
    ║                                                            ║
    ║     npx playwright install                                 ║
    ║                                                            ║
    ║ <3 Playwright Team                                         ║
    ╚════════════════════════════════════════════════════════════╝

    Error Context: test-results/cat-life-commerce-refresh--c76bf-entities-different-accounts/error-context.md

  10) scripts/browser-tests/cat-life-commerce-refresh.spec.mjs:117:3 › a refresh rejects inconsistent endpoint identities: different-authentication 

    Error: browserType.launch: Executable doesn't exist at /Users/shaola/Library/Caches/ms-playwright/chromium_headless_shell-1234/chrome-headless-shell-mac-arm64/chrome-headless-shell
    ╔════════════════════════════════════════════════════════════╗
    ║ Looks like Playwright was just installed or updated.       ║
    ║ Please run the following command to download new browsers: ║
    ║                                                            ║
    ║     npx playwright install                                 ║
    ║                                                            ║
    ║ <3 Playwright Team                                         ║
    ╚════════════════════════════════════════════════════════════╝

    Error Context: test-results/cat-life-commerce-refresh--07b08-es-different-authentication/error-context.md

  11) scripts/browser-tests/cat-life-commerce-refresh.spec.mjs:132:7 › arcade slot rules survive successful commerce and background render at 390px 

    Error: browserType.launch: Executable doesn't exist at /Users/shaola/Library/Caches/ms-playwright/chromium_headless_shell-1234/chrome-headless-shell-mac-arm64/chrome-headless-shell
    ╔════════════════════════════════════════════════════════════╗
    ║ Looks like Playwright was just installed or updated.       ║
    ║ Please run the following command to download new browsers: ║
    ║                                                            ║
    ║     npx playwright install                                 ║
    ║                                                            ║
    ║ <3 Playwright Team                                         ║
    ╚════════════════════════════════════════════════════════════╝

    Error Context: test-results/cat-life-commerce-refresh--0fa92--background-render-at-390px/error-context.md

  12) scripts/browser-tests/cat-life-commerce-refresh.spec.mjs:132:7 › arcade slot rules survive failed commerce and background render at 390px 

    Error: browserType.launch: Executable doesn't exist at /Users/shaola/Library/Caches/ms-playwright/chromium_headless_shell-1234/chrome-headless-shell-mac-arm64/chrome-headless-shell
    ╔════════════════════════════════════════════════════════════╗
    ║ Looks like Playwright was just installed or updated.       ║
    ║ Please run the following command to download new browsers: ║
    ║                                                            ║
    ║     npx playwright install                                 ║
    ║                                                            ║
    ║ <3 Playwright Team                                         ║
    ╚════════════════════════════════════════════════════════════╝

    Error Context: test-results/cat-life-commerce-refresh--ed318--background-render-at-390px/error-context.md

  13) scripts/browser-tests/cat-life-commerce-refresh.spec.mjs:132:7 › arcade lottery rules survive successful commerce and background render at 390px 

    Error: browserType.launch: Executable doesn't exist at /Users/shaola/Library/Caches/ms-playwright/chromium_headless_shell-1234/chrome-headless-shell-mac-arm64/chrome-headless-shell
    ╔════════════════════════════════════════════════════════════╗
    ║ Looks like Playwright was just installed or updated.       ║
    ║ Please run the following command to download new browsers: ║
    ║                                                            ║
    ║     npx playwright install                                 ║
    ║                                                            ║
    ║ <3 Playwright Team                                         ║
    ╚════════════════════════════════════════════════════════════╝

    Error Context: test-results/cat-life-commerce-refresh--a385f--background-render-at-390px/error-context.md

  14) scripts/browser-tests/cat-life-commerce-refresh.spec.mjs:132:7 › arcade lottery rules survive failed commerce and background render at 390px 

    Error: browserType.launch: Executable doesn't exist at /Users/shaola/Library/Caches/ms-playwright/chromium_headless_shell-1234/chrome-headless-shell-mac-arm64/chrome-headless-shell
    ╔════════════════════════════════════════════════════════════╗
    ║ Looks like Playwright was just installed or updated.       ║
    ║ Please run the following command to download new browsers: ║
    ║                                                            ║
    ║     npx playwright install                                 ║
    ║                                                            ║
    ║ <3 Playwright Team                                         ║
    ╚════════════════════════════════════════════════════════════╝

    Error Context: test-results/cat-life-commerce-refresh--e28f3--background-render-at-390px/error-context.md

  15) scripts/browser-tests/cat-life-commerce-refresh.spec.mjs:158:3 › lottery digit retains value and focus across background and commerce render at 390px 

    Error: browserType.launch: Executable doesn't exist at /Users/shaola/Library/Caches/ms-playwright/chromium_headless_shell-1234/chrome-headless-shell-mac-arm64/chrome-headless-shell
    ╔════════════════════════════════════════════════════════════╗
    ║ Looks like Playwright was just installed or updated.       ║
    ║ Please run the following command to download new browsers: ║
    ║                                                            ║
    ║     npx playwright install                                 ║
    ║                                                            ║
    ║ <3 Playwright Team                                         ║
    ╚════════════════════════════════════════════════════════════╝

    Error Context: test-results/cat-life-commerce-refresh--75be5-nd-commerce-render-at-390px/error-context.md

  16) scripts/browser-tests/cat-life-commerce-refresh.spec.mjs:174:3 › care rules remain open and focused across background and commerce render at 390px 

    Error: browserType.launch: Executable doesn't exist at /Users/shaola/Library/Caches/ms-playwright/chromium_headless_shell-1234/chrome-headless-shell-mac-arm64/chrome-headless-shell
    ╔════════════════════════════════════════════════════════════╗
    ║ Looks like Playwright was just installed or updated.       ║
    ║ Please run the following command to download new browsers: ║
    ║                                                            ║
    ║     npx playwright install                                 ║
    ║                                                            ║
    ║ <3 Playwright Team                                         ║
    ╚════════════════════════════════════════════════════════════╝

    Error Context: test-results/cat-life-commerce-refresh--95ed6-nd-commerce-render-at-390px/error-context.md

  17) scripts/browser-tests/cat-life-commerce-refresh.spec.mjs:198:5 › background focus rejects disabled replacement at 390px 

    Error: browserType.launch: Executable doesn't exist at /Users/shaola/Library/Caches/ms-playwright/chromium_headless_shell-1234/chrome-headless-shell-mac-arm64/chrome-headless-shell
    ╔════════════════════════════════════════════════════════════╗
    ║ Looks like Playwright was just installed or updated.       ║
    ║ Please run the following command to download new browsers: ║
    ║                                                            ║
    ║     npx playwright install                                 ║
    ║                                                            ║
    ║ <3 Playwright Team                                         ║
    ╚════════════════════════════════════════════════════════════╝

    Error Context: test-results/cat-life-commerce-refresh--1b002-sabled-replacement-at-390px/error-context.md

  18) scripts/browser-tests/cat-life-commerce-refresh.spec.mjs:198:5 › background focus rejects duplicate replacement at 390px 

    Error: browserType.launch: Executable doesn't exist at /Users/shaola/Library/Caches/ms-playwright/chromium_headless_shell-1234/chrome-headless-shell-mac-arm64/chrome-headless-shell
    ╔════════════════════════════════════════════════════════════╗
    ║ Looks like Playwright was just installed or updated.       ║
    ║ Please run the following command to download new browsers: ║
    ║                                                            ║
    ║     npx playwright install                                 ║
    ║                                                            ║
    ║ <3 Playwright Team                                         ║
    ╚════════════════════════════════════════════════════════════╝

    Error Context: test-results/cat-life-commerce-refresh--ffc00-licate-replacement-at-390px/error-context.md

  19) scripts/browser-tests/cat-life-commerce-refresh.spec.mjs:198:5 › background focus rejects other-region replacement at 390px 

    Error: browserType.launch: Executable doesn't exist at /Users/shaola/Library/Caches/ms-playwright/chromium_headless_shell-1234/chrome-headless-shell-mac-arm64/chrome-headless-shell
    ╔════════════════════════════════════════════════════════════╗
    ║ Looks like Playwright was just installed or updated.       ║
    ║ Please run the following command to download new browsers: ║
    ║                                                            ║
    ║     npx playwright install                                 ║
    ║                                                            ║
    ║ <3 Playwright Team                                         ║
    ╚════════════════════════════════════════════════════════════╝

    Error Context: test-results/cat-life-commerce-refresh--ce4c5-region-replacement-at-390px/error-context.md

  20) scripts/browser-tests/cat-life-commerce-refresh.spec.mjs:238:3 › member entitlement initialization updates ownership without interrupting editing at 390px 

    Error: browserType.launch: Executable doesn't exist at /Users/shaola/Library/Caches/ms-playwright/chromium_headless_shell-1234/chrome-headless-shell-mac-arm64/chrome-headless-shell
    ╔════════════════════════════════════════════════════════════╗
    ║ Looks like Playwright was just installed or updated.       ║
    ║ Please run the following command to download new browsers: ║
    ║                                                            ║
    ║     npx playwright install                                 ║
    ║                                                            ║
    ║ <3 Playwright Team                                         ║
    ╚════════════════════════════════════════════════════════════╝

    Error Context: test-results/cat-life-commerce-refresh--04609-terrupting-editing-at-390px/error-context.md

  21) scripts/browser-tests/cat-life-commerce-refresh.spec.mjs:273:7 › initial commerce success preserves cats draft and selection at 390px 

    Error: browserType.launch: Executable doesn't exist at /Users/shaola/Library/Caches/ms-playwright/chromium_headless_shell-1234/chrome-headless-shell-mac-arm64/chrome-headless-shell
    ╔════════════════════════════════════════════════════════════╗
    ║ Looks like Playwright was just installed or updated.       ║
    ║ Please run the following command to download new browsers: ║
    ║                                                            ║
    ║     npx playwright install                                 ║
    ║                                                            ║
    ║ <3 Playwright Team                                         ║
    ╚════════════════════════════════════════════════════════════╝

    Error Context: test-results/cat-life-commerce-refresh--5292d-raft-and-selection-at-390px/error-context.md

  22) scripts/browser-tests/cat-life-commerce-refresh.spec.mjs:273:7 › initial commerce success preserves save draft and selection at 390px 

    Error: browserType.launch: Executable doesn't exist at /Users/shaola/Library/Caches/ms-playwright/chromium_headless_shell-1234/chrome-headless-shell-mac-arm64/chrome-headless-shell
    ╔════════════════════════════════════════════════════════════╗
    ║ Looks like Playwright was just installed or updated.       ║
    ║ Please run the following command to download new browsers: ║
    ║                                                            ║
    ║     npx playwright install                                 ║
    ║                                                            ║
    ║ <3 Playwright Team                                         ║
    ╚════════════════════════════════════════════════════════════╝

    Error Context: test-results/cat-life-commerce-refresh--96ec5-raft-and-selection-at-390px/error-context.md

  23) scripts/browser-tests/cat-life-commerce-refresh.spec.mjs:294:5 › initial commerce success preserves rename button focus and unsubmitted draft at 390px 

    Error: browserType.launch: Executable doesn't exist at /Users/shaola/Library/Caches/ms-playwright/chromium_headless_shell-1234/chrome-headless-shell-mac-arm64/chrome-headless-shell
    ╔════════════════════════════════════════════════════════════╗
    ║ Looks like Playwright was just installed or updated.       ║
    ║ Please run the following command to download new browsers: ║
    ║                                                            ║
    ║     npx playwright install                                 ║
    ║                                                            ║
    ║ <3 Playwright Team                                         ║
    ╚════════════════════════════════════════════════════════════╝

    Error Context: test-results/cat-life-commerce-refresh--f4d40--unsubmitted-draft-at-390px/error-context.md

  24) scripts/browser-tests/cat-life-commerce-refresh.spec.mjs:273:7 › initial commerce failure preserves cats draft and selection at 390px 

    Error: browserType.launch: Executable doesn't exist at /Users/shaola/Library/Caches/ms-playwright/chromium_headless_shell-1234/chrome-headless-shell-mac-arm64/chrome-headless-shell
    ╔════════════════════════════════════════════════════════════╗
    ║ Looks like Playwright was just installed or updated.       ║
    ║ Please run the following command to download new browsers: ║
    ║                                                            ║
    ║     npx playwright install                                 ║
    ║                                                            ║
    ║ <3 Playwright Team                                         ║
    ╚════════════════════════════════════════════════════════════╝

    Error Context: test-results/cat-life-commerce-refresh--54548-raft-and-selection-at-390px/error-context.md

  25) scripts/browser-tests/cat-life-commerce-refresh.spec.mjs:273:7 › initial commerce failure preserves save draft and selection at 390px 

    Error: browserType.launch: Executable doesn't exist at /Users/shaola/Library/Caches/ms-playwright/chromium_headless_shell-1234/chrome-headless-shell-mac-arm64/chrome-headless-shell
    ╔════════════════════════════════════════════════════════════╗
    ║ Looks like Playwright was just installed or updated.       ║
    ║ Please run the following command to download new browsers: ║
    ║                                                            ║
    ║     npx playwright install                                 ║
    ║                                                            ║
    ║ <3 Playwright Team                                         ║
    ╚════════════════════════════════════════════════════════════╝

    Error Context: test-results/cat-life-commerce-refresh--b9ad3-raft-and-selection-at-390px/error-context.md

  26) scripts/browser-tests/cat-life-commerce-refresh.spec.mjs:294:5 › initial commerce failure preserves rename button focus and unsubmitted draft at 390px 

    Error: browserType.launch: Executable doesn't exist at /Users/shaola/Library/Caches/ms-playwright/chromium_headless_shell-1234/chrome-headless-shell-mac-arm64/chrome-headless-shell
    ╔════════════════════════════════════════════════════════════╗
    ║ Looks like Playwright was just installed or updated.       ║
    ║ Please run the following command to download new browsers: ║
    ║                                                            ║
    ║     npx playwright install                                 ║
    ║                                                            ║
    ║ <3 Playwright Team                                         ║
    ╚════════════════════════════════════════════════════════════╝

    Error Context: test-results/cat-life-commerce-refresh--c1b54--unsubmitted-draft-at-390px/error-context.md

  27) scripts/browser-tests/cat-life-commerce-refresh.spec.mjs:313:3 › late commerce response preserves current navigation focus without reopening an old page at 390px 

    Error: browserType.launch: Executable doesn't exist at /Users/shaola/Library/Caches/ms-playwright/chromium_headless_shell-1234/chrome-headless-shell-mac-arm64/chrome-headless-shell
    ╔════════════════════════════════════════════════════════════╗
    ║ Looks like Playwright was just installed or updated.       ║
    ║ Please run the following command to download new browsers: ║
    ║                                                            ║
    ║     npx playwright install                                 ║
    ║                                                            ║
    ║ <3 Playwright Team                                         ║
    ╚════════════════════════════════════════════════════════════╝

    Error Context: test-results/cat-life-commerce-refresh--3f57b-pening-an-old-page-at-390px/error-context.md

  28) scripts/browser-tests/cat-life-commerce-refresh.spec.mjs:132:7 › arcade slot rules survive successful commerce and background render at 1280px 

    Error: browserType.launch: Executable doesn't exist at /Users/shaola/Library/Caches/ms-playwright/chromium_headless_shell-1234/chrome-headless-shell-mac-arm64/chrome-headless-shell
    ╔════════════════════════════════════════════════════════════╗
    ║ Looks like Playwright was just installed or updated.       ║
    ║ Please run the following command to download new browsers: ║
    ║                                                            ║
    ║     npx playwright install                                 ║
    ║                                                            ║
    ║ <3 Playwright Team                                         ║
    ╚════════════════════════════════════════════════════════════╝

    Error Context: test-results/cat-life-commerce-refresh--70276-background-render-at-1280px/error-context.md

  29) scripts/browser-tests/cat-life-commerce-refresh.spec.mjs:132:7 › arcade slot rules survive failed commerce and background render at 1280px 

    Error: browserType.launch: Executable doesn't exist at /Users/shaola/Library/Caches/ms-playwright/chromium_headless_shell-1234/chrome-headless-shell-mac-arm64/chrome-headless-shell
    ╔════════════════════════════════════════════════════════════╗
    ║ Looks like Playwright was just installed or updated.       ║
    ║ Please run the following command to download new browsers: ║
    ║                                                            ║
    ║     npx playwright install                                 ║
    ║                                                            ║
    ║ <3 Playwright Team                                         ║
    ╚════════════════════════════════════════════════════════════╝

    Error Context: test-results/cat-life-commerce-refresh--f04e6-background-render-at-1280px/error-context.md

  30) scripts/browser-tests/cat-life-commerce-refresh.spec.mjs:132:7 › arcade lottery rules survive successful commerce and background render at 1280px 

    Error: browserType.launch: Executable doesn't exist at /Users/shaola/Library/Caches/ms-playwright/chromium_headless_shell-1234/chrome-headless-shell-mac-arm64/chrome-headless-shell
    ╔════════════════════════════════════════════════════════════╗
    ║ Looks like Playwright was just installed or updated.       ║
    ║ Please run the following command to download new browsers: ║
    ║                                                            ║
    ║     npx playwright install                                 ║
    ║                                                            ║
    ║ <3 Playwright Team                                         ║
    ╚════════════════════════════════════════════════════════════╝

    Error Context: test-results/cat-life-commerce-refresh--26fbb-background-render-at-1280px/error-context.md

  31) scripts/browser-tests/cat-life-commerce-refresh.spec.mjs:132:7 › arcade lottery rules survive failed commerce and background render at 1280px 

    Error: browserType.launch: Executable doesn't exist at /Users/shaola/Library/Caches/ms-playwright/chromium_headless_shell-1234/chrome-headless-shell-mac-arm64/chrome-headless-shell
    ╔════════════════════════════════════════════════════════════╗
    ║ Looks like Playwright was just installed or updated.       ║
    ║ Please run the following command to download new browsers: ║
    ║                                                            ║
    ║     npx playwright install                                 ║
    ║                                                            ║
    ║ <3 Playwright Team                                         ║
    ╚════════════════════════════════════════════════════════════╝

    Error Context: test-results/cat-life-commerce-refresh--3dd9c-background-render-at-1280px/error-context.md

  32) scripts/browser-tests/cat-life-commerce-refresh.spec.mjs:158:3 › lottery digit retains value and focus across background and commerce render at 1280px 

    Error: browserType.launch: Executable doesn't exist at /Users/shaola/Library/Caches/ms-playwright/chromium_headless_shell-1234/chrome-headless-shell-mac-arm64/chrome-headless-shell
    ╔════════════════════════════════════════════════════════════╗
    ║ Looks like Playwright was just installed or updated.       ║
    ║ Please run the following command to download new browsers: ║
    ║                                                            ║
    ║     npx playwright install                                 ║
    ║                                                            ║
    ║ <3 Playwright Team                                         ║
    ╚════════════════════════════════════════════════════════════╝

    Error Context: test-results/cat-life-commerce-refresh--51b94-d-commerce-render-at-1280px/error-context.md

  33) scripts/browser-tests/cat-life-commerce-refresh.spec.mjs:174:3 › care rules remain open and focused across background and commerce render at 1280px 

    Error: browserType.launch: Executable doesn't exist at /Users/shaola/Library/Caches/ms-playwright/chromium_headless_shell-1234/chrome-headless-shell-mac-arm64/chrome-headless-shell
    ╔════════════════════════════════════════════════════════════╗
    ║ Looks like Playwright was just installed or updated.       ║
    ║ Please run the following command to download new browsers: ║
    ║                                                            ║
    ║     npx playwright install                                 ║
    ║                                                            ║
    ║ <3 Playwright Team                                         ║
    ╚════════════════════════════════════════════════════════════╝

    Error Context: test-results/cat-life-commerce-refresh--4d863-d-commerce-render-at-1280px/error-context.md

  34) scripts/browser-tests/cat-life-commerce-refresh.spec.mjs:198:5 › background focus rejects disabled replacement at 1280px 

    Error: browserType.launch: Executable doesn't exist at /Users/shaola/Library/Caches/ms-playwright/chromium_headless_shell-1234/chrome-headless-shell-mac-arm64/chrome-headless-shell
    ╔════════════════════════════════════════════════════════════╗
    ║ Looks like Playwright was just installed or updated.       ║
    ║ Please run the following command to download new browsers: ║
    ║                                                            ║
    ║     npx playwright install                                 ║
    ║                                                            ║
    ║ <3 Playwright Team                                         ║
    ╚════════════════════════════════════════════════════════════╝

    Error Context: test-results/cat-life-commerce-refresh--8ba99-abled-replacement-at-1280px/error-context.md

  35) scripts/browser-tests/cat-life-commerce-refresh.spec.mjs:198:5 › background focus rejects duplicate replacement at 1280px 

    Error: browserType.launch: Executable doesn't exist at /Users/shaola/Library/Caches/ms-playwright/chromium_headless_shell-1234/chrome-headless-shell-mac-arm64/chrome-headless-shell
    ╔════════════════════════════════════════════════════════════╗
    ║ Looks like Playwright was just installed or updated.       ║
    ║ Please run the following command to download new browsers: ║
    ║                                                            ║
    ║     npx playwright install                                 ║
    ║                                                            ║
    ║ <3 Playwright Team                                         ║
    ╚════════════════════════════════════════════════════════════╝

    Error Context: test-results/cat-life-commerce-refresh--c71e4-icate-replacement-at-1280px/error-context.md

  36) scripts/browser-tests/cat-life-commerce-refresh.spec.mjs:198:5 › background focus rejects other-region replacement at 1280px 

    Error: browserType.launch: Executable doesn't exist at /Users/shaola/Library/Caches/ms-playwright/chromium_headless_shell-1234/chrome-headless-shell-mac-arm64/chrome-headless-shell
    ╔════════════════════════════════════════════════════════════╗
    ║ Looks like Playwright was just installed or updated.       ║
    ║ Please run the following command to download new browsers: ║
    ║                                                            ║
    ║     npx playwright install                                 ║
    ║                                                            ║
    ║ <3 Playwright Team                                         ║
    ╚════════════════════════════════════════════════════════════╝

    Error Context: test-results/cat-life-commerce-refresh--15c08-egion-replacement-at-1280px/error-context.md

  37) scripts/browser-tests/cat-life-commerce-refresh.spec.mjs:238:3 › member entitlement initialization updates ownership without interrupting editing at 1280px 

    Error: browserType.launch: Executable doesn't exist at /Users/shaola/Library/Caches/ms-playwright/chromium_headless_shell-1234/chrome-headless-shell-mac-arm64/chrome-headless-shell
    ╔════════════════════════════════════════════════════════════╗
    ║ Looks like Playwright was just installed or updated.       ║
    ║ Please run the following command to download new browsers: ║
    ║                                                            ║
    ║     npx playwright install                                 ║
    ║                                                            ║
    ║ <3 Playwright Team                                         ║
    ╚════════════════════════════════════════════════════════════╝

    Error Context: test-results/cat-life-commerce-refresh--aea85-errupting-editing-at-1280px/error-context.md

  38) scripts/browser-tests/cat-life-commerce-refresh.spec.mjs:273:7 › initial commerce success preserves cats draft and selection at 1280px 

    Error: browserType.launch: Executable doesn't exist at /Users/shaola/Library/Caches/ms-playwright/chromium_headless_shell-1234/chrome-headless-shell-mac-arm64/chrome-headless-shell
    ╔════════════════════════════════════════════════════════════╗
    ║ Looks like Playwright was just installed or updated.       ║
    ║ Please run the following command to download new browsers: ║
    ║                                                            ║
    ║     npx playwright install                                 ║
    ║                                                            ║
    ║ <3 Playwright Team                                         ║
    ╚════════════════════════════════════════════════════════════╝

    Error Context: test-results/cat-life-commerce-refresh--512db-aft-and-selection-at-1280px/error-context.md

  39) scripts/browser-tests/cat-life-commerce-refresh.spec.mjs:273:7 › initial commerce success preserves save draft and selection at 1280px 

    Error: browserType.launch: Executable doesn't exist at /Users/shaola/Library/Caches/ms-playwright/chromium_headless_shell-1234/chrome-headless-shell-mac-arm64/chrome-headless-shell
    ╔════════════════════════════════════════════════════════════╗
    ║ Looks like Playwright was just installed or updated.       ║
    ║ Please run the following command to download new browsers: ║
    ║                                                            ║
    ║     npx playwright install                                 ║
    ║                                                            ║
    ║ <3 Playwright Team                                         ║
    ╚════════════════════════════════════════════════════════════╝

    Error Context: test-results/cat-life-commerce-refresh--7ab31-aft-and-selection-at-1280px/error-context.md

  40) scripts/browser-tests/cat-life-commerce-refresh.spec.mjs:294:5 › initial commerce success preserves rename button focus and unsubmitted draft at 1280px 

    Error: browserType.launch: Executable doesn't exist at /Users/shaola/Library/Caches/ms-playwright/chromium_headless_shell-1234/chrome-headless-shell-mac-arm64/chrome-headless-shell
    ╔════════════════════════════════════════════════════════════╗
    ║ Looks like Playwright was just installed or updated.       ║
    ║ Please run the following command to download new browsers: ║
    ║                                                            ║
    ║     npx playwright install                                 ║
    ║                                                            ║
    ║ <3 Playwright Team                                         ║
    ╚════════════════════════════════════════════════════════════╝

    Error Context: test-results/cat-life-commerce-refresh--059c1-unsubmitted-draft-at-1280px/error-context.md

  41) scripts/browser-tests/cat-life-commerce-refresh.spec.mjs:273:7 › initial commerce failure preserves cats draft and selection at 1280px 

    Error: browserType.launch: Executable doesn't exist at /Users/shaola/Library/Caches/ms-playwright/chromium_headless_shell-1234/chrome-headless-shell-mac-arm64/chrome-headless-shell
    ╔════════════════════════════════════════════════════════════╗
    ║ Looks like Playwright was just installed or updated.       ║
    ║ Please run the following command to download new browsers: ║
    ║                                                            ║
    ║     npx playwright install                                 ║
    ║                                                            ║
    ║ <3 Playwright Team                                         ║
    ╚════════════════════════════════════════════════════════════╝

    Error Context: test-results/cat-life-commerce-refresh--60e23-aft-and-selection-at-1280px/error-context.md

  42) scripts/browser-tests/cat-life-commerce-refresh.spec.mjs:273:7 › initial commerce failure preserves save draft and selection at 1280px 

    Error: browserType.launch: Executable doesn't exist at /Users/shaola/Library/Caches/ms-playwright/chromium_headless_shell-1234/chrome-headless-shell-mac-arm64/chrome-headless-shell
    ╔════════════════════════════════════════════════════════════╗
    ║ Looks like Playwright was just installed or updated.       ║
    ║ Please run the following command to download new browsers: ║
    ║                                                            ║
    ║     npx playwright install                                 ║
    ║                                                            ║
    ║ <3 Playwright Team                                         ║
    ╚════════════════════════════════════════════════════════════╝

    Error Context: test-results/cat-life-commerce-refresh--ac885-aft-and-selection-at-1280px/error-context.md

  43) scripts/browser-tests/cat-life-commerce-refresh.spec.mjs:294:5 › initial commerce failure preserves rename button focus and unsubmitted draft at 1280px 

    Error: browserType.launch: Executable doesn't exist at /Users/shaola/Library/Caches/ms-playwright/chromium_headless_shell-1234/chrome-headless-shell-mac-arm64/chrome-headless-shell
    ╔════════════════════════════════════════════════════════════╗
    ║ Looks like Playwright was just installed or updated.       ║
    ║ Please run the following command to download new browsers: ║
    ║                                                            ║
    ║     npx playwright install                                 ║
    ║                                                            ║
    ║ <3 Playwright Team                                         ║
    ╚════════════════════════════════════════════════════════════╝

    Error Context: test-results/cat-life-commerce-refresh--49be1-unsubmitted-draft-at-1280px/error-context.md

  44) scripts/browser-tests/cat-life-commerce-refresh.spec.mjs:313:3 › late commerce response preserves current navigation focus without reopening an old page at 1280px 

    Error: browserType.launch: Executable doesn't exist at /Users/shaola/Library/Caches/ms-playwright/chromium_headless_shell-1234/chrome-headless-shell-mac-arm64/chrome-headless-shell
    ╔════════════════════════════════════════════════════════════╗
    ║ Looks like Playwright was just installed or updated.       ║
    ║ Please run the following command to download new browsers: ║
    ║                                                            ║
    ║     npx playwright install                                 ║
    ║                                                            ║
    ║ <3 Playwright Team                                         ║
    ╚════════════════════════════════════════════════════════════╝

    Error Context: test-results/cat-life-commerce-refresh--ec182-ening-an-old-page-at-1280px/error-context.md

  45) scripts/browser-tests/cat-life-commerce.spec.mjs:101:3 › room purchase, decoration, reload and revocation through UI at 1440px 

    Error: browserType.launch: Executable doesn't exist at /Users/shaola/Library/Caches/ms-playwright/chromium_headless_shell-1234/chrome-headless-shell-mac-arm64/chrome-headless-shell
    ╔════════════════════════════════════════════════════════════╗
    ║ Looks like Playwright was just installed or updated.       ║
    ║ Please run the following command to download new browsers: ║
    ║                                                            ║
    ║     npx playwright install                                 ║
    ║                                                            ║
    ║ <3 Playwright Team                                         ║
    ╚════════════════════════════════════════════════════════════╝

    Error Context: test-results/cat-life-commerce-room-pur-94bd0-cation-through-UI-at-1440px/error-context.md

  46) scripts/browser-tests/cat-life-commerce.spec.mjs:101:3 › room purchase, decoration, reload and revocation through UI at 390px 

    Error: browserType.launch: Executable doesn't exist at /Users/shaola/Library/Caches/ms-playwright/chromium_headless_shell-1234/chrome-headless-shell-mac-arm64/chrome-headless-shell
    ╔════════════════════════════════════════════════════════════╗
    ║ Looks like Playwright was just installed or updated.       ║
    ║ Please run the following command to download new browsers: ║
    ║                                                            ║
    ║     npx playwright install                                 ║
    ║                                                            ║
    ║ <3 Playwright Team                                         ║
    ╚════════════════════════════════════════════════════════════╝

    Error Context: test-results/cat-life-commerce-room-pur-31fae-ocation-through-UI-at-390px/error-context.md

  47) scripts/browser-tests/cat-life-commerce.spec.mjs:183:1 › bench avoidance repairs old full-room layouts visually, survives resize and constrains dragging 

    Error: browserType.launch: Executable doesn't exist at /Users/shaola/Library/Caches/ms-playwright/chromium_headless_shell-1234/chrome-headless-shell-mac-arm64/chrome-headless-shell
    ╔════════════════════════════════════════════════════════════╗
    ║ Looks like Playwright was just installed or updated.       ║
    ║ Please run the following command to download new browsers: ║
    ║                                                            ║
    ║     npx playwright install                                 ║
    ║                                                            ║
    ║ <3 Playwright Team                                         ║
    ╚════════════════════════════════════════════════════════════╝

    Error Context: test-results/cat-life-commerce-bench-av-aa960-ize-and-constrains-dragging/error-context.md

  48) scripts/browser-tests/cat-life-commerce.spec.mjs:269:3 › localized offer scope and support links fit mobile: en 

    Error: browserType.launch: Executable doesn't exist at /Users/shaola/Library/Caches/ms-playwright/chromium_headless_shell-1234/chrome-headless-shell-mac-arm64/chrome-headless-shell
    ╔════════════════════════════════════════════════════════════╗
    ║ Looks like Playwright was just installed or updated.       ║
    ║ Please run the following command to download new browsers: ║
    ║                                                            ║
    ║     npx playwright install                                 ║
    ║                                                            ║
    ║ <3 Playwright Team                                         ║
    ╚════════════════════════════════════════════════════════════╝

    Error Context: test-results/cat-life-commerce-localize-65bba-support-links-fit-mobile-en/error-context.md

  49) scripts/browser-tests/cat-life-commerce.spec.mjs:269:3 › localized offer scope and support links fit mobile: zh-CN 

    Error: browserType.launch: Executable doesn't exist at /Users/shaola/Library/Caches/ms-playwright/chromium_headless_shell-1234/chrome-headless-shell-mac-arm64/chrome-headless-shell
    ╔════════════════════════════════════════════════════════════╗
    ║ Looks like Playwright was just installed or updated.       ║
    ║ Please run the following command to download new browsers: ║
    ║                                                            ║
    ║     npx playwright install                                 ║
    ║                                                            ║
    ║ <3 Playwright Team                                         ║
    ╚════════════════════════════════════════════════════════════╝

    Error Context: test-results/cat-life-commerce-localize-2f19a-port-links-fit-mobile-zh-CN/error-context.md

  50) scripts/browser-tests/cat-life-commerce.spec.mjs:269:3 › localized offer scope and support links fit mobile: zh-Hant 

    Error: browserType.launch: Executable doesn't exist at /Users/shaola/Library/Caches/ms-playwright/chromium_headless_shell-1234/chrome-headless-shell-mac-arm64/chrome-headless-shell
    ╔════════════════════════════════════════════════════════════╗
    ║ Looks like Playwright was just installed or updated.       ║
    ║ Please run the following command to download new browsers: ║
    ║                                                            ║
    ║     npx playwright install                                 ║
    ║                                                            ║
    ║ <3 Playwright Team                                         ║
    ╚════════════════════════════════════════════════════════════╝

    Error Context: test-results/cat-life-commerce-localize-4985b-rt-links-fit-mobile-zh-Hant/error-context.md

  51) scripts/browser-tests/cat-life-commerce.spec.mjs:269:3 › localized offer scope and support links fit mobile: ja 

    Error: browserType.launch: Executable doesn't exist at /Users/shaola/Library/Caches/ms-playwright/chromium_headless_shell-1234/chrome-headless-shell-mac-arm64/chrome-headless-shell
    ╔════════════════════════════════════════════════════════════╗
    ║ Looks like Playwright was just installed or updated.       ║
    ║ Please run the following command to download new browsers: ║
    ║                                                            ║
    ║     npx playwright install                                 ║
    ║                                                            ║
    ║ <3 Playwright Team                                         ║
    ╚════════════════════════════════════════════════════════════╝

    Error Context: test-results/cat-life-commerce-localize-cb47e-support-links-fit-mobile-ja/error-context.md

  52) scripts/browser-tests/cat-life-commerce.spec.mjs:304:1 › uncertain redemption preserves the retry key and never promises no debit 

    Error: browserType.launch: Executable doesn't exist at /Users/shaola/Library/Caches/ms-playwright/chromium_headless_shell-1234/chrome-headless-shell-mac-arm64/chrome-headless-shell
    ╔════════════════════════════════════════════════════════════╗
    ║ Looks like Playwright was just installed or updated.       ║
    ║ Please run the following command to download new browsers: ║
    ║                                                            ║
    ║     npx playwright install                                 ║
    ║                                                            ║
    ║ <3 Playwright Team                                         ║
    ╚════════════════════════════════════════════════════════════╝

    Error Context: test-results/cat-life-commerce-uncertai-e747f-and-never-promises-no-debit/error-context.md

  53) scripts/browser-tests/cat-life-commerce.spec.mjs:327:1 › redeems an active skin with server data only and applies the official entitlement 

    Error: browserType.launch: Executable doesn't exist at /Users/shaola/Library/Caches/ms-playwright/chromium_headless_shell-1234/chrome-headless-shell-mac-arm64/chrome-headless-shell
    ╔════════════════════════════════════════════════════════════╗
    ║ Looks like Playwright was just installed or updated.       ║
    ║ Please run the following command to download new browsers: ║
    ║                                                            ║
    ║     npx playwright install                                 ║
    ║                                                            ║
    ║ <3 Playwright Team                                         ║
    ╚════════════════════════════════════════════════════════════╝

    Error Context: test-results/cat-life-commerce-redeems--ee0fa-es-the-official-entitlement/error-context.md

  54) scripts/browser-tests/cat-life-commerce.spec.mjs:398:1 › shows active products to guests but routes redemption through member sign-in 

    Error: browserType.launch: Executable doesn't exist at /Users/shaola/Library/Caches/ms-playwright/chromium_headless_shell-1234/chrome-headless-shell-mac-arm64/chrome-headless-shell
    ╔════════════════════════════════════════════════════════════╗
    ║ Looks like Playwright was just installed or updated.       ║
    ║ Please run the following command to download new browsers: ║
    ║                                                            ║
    ║     npx playwright install                                 ║
    ║                                                            ║
    ║ <3 Playwright Team                                         ║
    ╚════════════════════════════════════════════════════════════╝

    Error Context: test-results/cat-life-commerce-shows-ac-5f058-tion-through-member-sign-in/error-context.md

  55) scripts/browser-tests/cat-life-commerce.spec.mjs:419:1 › keeps the normal shop and member store as separate pages 

    Error: browserType.launch: Executable doesn't exist at /Users/shaola/Library/Caches/ms-playwright/chromium_headless_shell-1234/chrome-headless-shell-mac-arm64/chrome-headless-shell
    ╔════════════════════════════════════════════════════════════╗
    ║ Looks like Playwright was just installed or updated.       ║
    ║ Please run the following command to download new browsers: ║
    ║                                                            ║
    ║     npx playwright install                                 ║
    ║                                                            ║
    ║ <3 Playwright Team                                         ║
    ╚════════════════════════════════════════════════════════════╝

    Error Context: test-results/cat-life-commerce-keeps-th-c690a-ber-store-as-separate-pages/error-context.md

  56) scripts/browser-tests/cat-life-commerce.spec.mjs:464:1 › keeps live player condition only in the masthead and exposes work progression 

    Error: browserType.launch: Executable doesn't exist at /Users/shaola/Library/Caches/ms-playwright/chromium_headless_shell-1234/chrome-headless-shell-mac-arm64/chrome-headless-shell
    ╔════════════════════════════════════════════════════════════╗
    ║ Looks like Playwright was just installed or updated.       ║
    ║ Please run the following command to download new browsers: ║
    ║                                                            ║
    ║     npx playwright install                                 ║
    ║                                                            ║
    ║ <3 Playwright Team                                         ║
    ╚════════════════════════════════════════════════════════════╝

    Error Context: test-results/cat-life-commerce-keeps-li-a8222-nd-exposes-work-progression/error-context.md

  57) scripts/browser-tests/cat-life-commerce.spec.mjs:476:1 › keeps compact mouse controls while restoring 44px touch targets 

    Error: browserType.launch: Executable doesn't exist at /Users/shaola/Library/Caches/ms-playwright/chromium_headless_shell-1234/chrome-headless-shell-mac-arm64/chrome-headless-shell
    ╔════════════════════════════════════════════════════════════╗
    ║ Looks like Playwright was just installed or updated.       ║
    ║ Please run the following command to download new browsers: ║
    ║                                                            ║
    ║     npx playwright install                                 ║
    ║                                                            ║
    ║ <3 Playwright Team                                         ║
    ╚════════════════════════════════════════════════════════════╝

    Error Context: test-results/cat-life-commerce-keeps-co-4c6a0-estoring-44px-touch-targets/error-context.md

  58) scripts/browser-tests/cat-life-commerce.spec.mjs:490:1 › opens the separate member store from mobile More without horizontal overflow 

    Error: browserType.launch: Executable doesn't exist at /Users/shaola/Library/Caches/ms-playwright/chromium_headless_shell-1234/chrome-headless-shell-mac-arm64/chrome-headless-shell
    ╔════════════════════════════════════════════════════════════╗
    ║ Looks like Playwright was just installed or updated.       ║
    ║ Please run the following command to download new browsers: ║
    ║                                                            ║
    ║     npx playwright install                                 ║
    ║                                                            ║
    ║ <3 Playwright Team                                         ║
    ╚════════════════════════════════════════════════════════════╝

    Error Context: test-results/cat-life-commerce-opens-th-c2b9e-without-horizontal-overflow/error-context.md

  59) scripts/browser-tests/cat-life-commerce.spec.mjs:510:1 › unlocks the complete station room option set from an account entitlement 

    Error: browserType.launch: Executable doesn't exist at /Users/shaola/Library/Caches/ms-playwright/chromium_headless_shell-1234/chrome-headless-shell-mac-arm64/chrome-headless-shell
    ╔════════════════════════════════════════════════════════════╗
    ║ Looks like Playwright was just installed or updated.       ║
    ║ Please run the following command to download new browsers: ║
    ║                                                            ║
    ║     npx playwright install                                 ║
    ║                                                            ║
    ║ <3 Playwright Team                                         ║
    ╚════════════════════════════════════════════════════════════╝

    Error Context: test-results/cat-life-commerce-unlocks--9e80d-from-an-account-entitlement/error-context.md

  60) scripts/browser-tests/cat-life-commerce.spec.mjs:539:1 › keeps forged premium room values visually locked for a guest and fits mobile width 

    Error: browserType.launch: Executable doesn't exist at /Users/shaola/Library/Caches/ms-playwright/chromium_headless_shell-1234/chrome-headless-shell-mac-arm64/chrome-headless-shell
    ╔════════════════════════════════════════════════════════════╗
    ║ Looks like Playwright was just installed or updated.       ║
    ║ Please run the following command to download new browsers: ║
    ║                                                            ║
    ║     npx playwright install                                 ║
    ║                                                            ║
    ║ <3 Playwright Team                                         ║
    ╚════════════════════════════════════════════════════════════╝

    Error Context: test-results/cat-life-commerce-keeps-fo-d1ba4-guest-and-fits-mobile-width/error-context.md

  61) scripts/browser-tests/cat-life-commerce.spec.mjs:579:1 › does not reuse another account offline entitlement cache after an account switch 

    Error: browserType.launch: Executable doesn't exist at /Users/shaola/Library/Caches/ms-playwright/chromium_headless_shell-1234/chrome-headless-shell-mac-arm64/chrome-headless-shell
    ╔════════════════════════════════════════════════════════════╗
    ║ Looks like Playwright was just installed or updated.       ║
    ║ Please run the following command to download new browsers: ║
    ║                                                            ║
    ║     npx playwright install                                 ║
    ║                                                            ║
    ║ <3 Playwright Team                                         ║
    ╚════════════════════════════════════════════════════════════╝

    Error Context: test-results/cat-life-commerce-does-not-ef435-che-after-an-account-switch/error-context.md

  62) scripts/browser-tests/cat-life-commerce.spec.mjs:601:1 › keeps cosmetics offline after verifying the same account without enabling redemption 

    Error: browserType.launch: Executable doesn't exist at /Users/shaola/Library/Caches/ms-playwright/chromium_headless_shell-1234/chrome-headless-shell-mac-arm64/chrome-headless-shell
    ╔════════════════════════════════════════════════════════════╗
    ║ Looks like Playwright was just installed or updated.       ║
    ║ Please run the following command to download new browsers: ║
    ║                                                            ║
    ║     npx playwright install                                 ║
    ║                                                            ║
    ║ <3 Playwright Team                                         ║
    ╚════════════════════════════════════════════════════════════╝

    Error Context: test-results/cat-life-commerce-keeps-co-bb7fd-without-enabling-redemption/error-context.md

  63) scripts/browser-tests/cat-life-commerce.spec.mjs:629:1 › cached account and cosmetics cannot start the game when the session is unavailable 

    Error: browserType.launch: Executable doesn't exist at /Users/shaola/Library/Caches/ms-playwright/chromium_headless_shell-1234/chrome-headless-shell-mac-arm64/chrome-headless-shell
    ╔════════════════════════════════════════════════════════════╗
    ║ Looks like Playwright was just installed or updated.       ║
    ║ Please run the following command to download new browsers: ║
    ║                                                            ║
    ║     npx playwright install                                 ║
    ║                                                            ║
    ║ <3 Playwright Team                                         ║
    ╚════════════════════════════════════════════════════════════╝

    Error Context: test-results/cat-life-commerce-cached-a-fc539--the-session-is-unavailable/error-context.md

  64) scripts/browser-tests/cat-life-commerce.spec.mjs:649:1 › removes equipped premium visuals after the server revokes their entitlements 

    Error: browserType.launch: Executable doesn't exist at /Users/shaola/Library/Caches/ms-playwright/chromium_headless_shell-1234/chrome-headless-shell-mac-arm64/chrome-headless-shell
    ╔════════════════════════════════════════════════════════════╗
    ║ Looks like Playwright was just installed or updated.       ║
    ║ Please run the following command to download new browsers: ║
    ║                                                            ║
    ║     npx playwright install                                 ║
    ║                                                            ║
    ║ <3 Playwright Team                                         ║
    ╚════════════════════════════════════════════════════════════╝

    Error Context: test-results/cat-life-commerce-removes--84d00--revokes-their-entitlements/error-context.md

  65) scripts/browser-tests/cat-life-gentle-care.spec.mjs:43:1 › leaving does not overwrite a compatible slot changed outside the running game 

    Error: browserType.launch: Executable doesn't exist at /Users/shaola/Library/Caches/ms-playwright/chromium_headless_shell-1234/chrome-headless-shell-mac-arm64/chrome-headless-shell
    ╔════════════════════════════════════════════════════════════╗
    ║ Looks like Playwright was just installed or updated.       ║
    ║ Please run the following command to download new browsers: ║
    ║                                                            ║
    ║     npx playwright install                                 ║
    ║                                                            ║
    ║ <3 Playwright Team                                         ║
    ╚════════════════════════════════════════════════════════════╝

    Error Context: test-results/cat-life-gentle-care-leavi-bd065-ed-outside-the-running-game/error-context.md

  66) scripts/browser-tests/cat-life-gentle-care.spec.mjs:59:1 › 390px: welcome back after a week, rescue and emergency meal remain usable after reload 

    Error: browserType.launch: Executable doesn't exist at /Users/shaola/Library/Caches/ms-playwright/chromium_headless_shell-1234/chrome-headless-shell-mac-arm64/chrome-headless-shell
    ╔════════════════════════════════════════════════════════════╗
    ║ Looks like Playwright was just installed or updated.       ║
    ║ Please run the following command to download new browsers: ║
    ║                                                            ║
    ║     npx playwright install                                 ║
    ║                                                            ║
    ║ <3 Playwright Team                                         ║
    ╚════════════════════════════════════════════════════════════╝

    Error Context: test-results/cat-life-gentle-care-390px-92f09--remain-usable-after-reload/error-context.md

  67) scripts/browser-tests/cat-life-gentle-care.spec.mjs:84:1 › temporary care connects cats, hospital, collection and backpack without consuming supplies 

    Error: browserType.launch: Executable doesn't exist at /Users/shaola/Library/Caches/ms-playwright/chromium_headless_shell-1234/chrome-headless-shell-mac-arm64/chrome-headless-shell
    ╔════════════════════════════════════════════════════════════╗
    ║ Looks like Playwright was just installed or updated.       ║
    ║ Please run the following command to download new browsers: ║
    ║                                                            ║
    ║     npx playwright install                                 ║
    ║                                                            ║
    ║ <3 Playwright Team                                         ║
    ╚════════════════════════════════════════════════════════════╝

    Error Context: test-results/cat-life-gentle-care-tempo-e7069--without-consuming-supplies/error-context.md

  68) scripts/browser-tests/cat-life-gentle-care.spec.mjs:99:1 › old loss stays opt-in and recovery keeps a local backup and the same bond 

    Error: browserType.launch: Executable doesn't exist at /Users/shaola/Library/Caches/ms-playwright/chromium_headless_shell-1234/chrome-headless-shell-mac-arm64/chrome-headless-shell
    ╔════════════════════════════════════════════════════════════╗
    ║ Looks like Playwright was just installed or updated.       ║
    ║ Please run the following command to download new browsers: ║
    ║                                                            ║
    ║     npx playwright install                                 ║
    ║                                                            ║
    ║ <3 Playwright Team                                         ║
    ╚════════════════════════════════════════════════════════════╝

    Error Context: test-results/cat-life-gentle-care-old-l-9c417-al-backup-and-the-same-bond/error-context.md

  69) scripts/browser-tests/cat-life-gentle-care.spec.mjs:115:1 › focus plus reload preserves two partial 20-minute care intervals 

    Error: browserType.launch: Executable doesn't exist at /Users/shaola/Library/Caches/ms-playwright/chromium_headless_shell-1234/chrome-headless-shell-mac-arm64/chrome-headless-shell
    ╔════════════════════════════════════════════════════════════╗
    ║ Looks like Playwright was just installed or updated.       ║
    ║ Please run the following command to download new browsers: ║
    ║                                                            ║
    ║     npx playwright install                                 ║
    ║                                                            ║
    ║ <3 Playwright Team                                         ║
    ╚════════════════════════════════════════════════════════════╝

    Error Context: test-results/cat-life-gentle-care-focus-1a963-al-20-minute-care-intervals/error-context.md

  70) scripts/browser-tests/cat-life-gentle-care.spec.mjs:133:1 › v2 import honors old cat trackers despite fresh meta and shows the new release notice 

    Error: browserType.launch: Executable doesn't exist at /Users/shaola/Library/Caches/ms-playwright/chromium_headless_shell-1234/chrome-headless-shell-mac-arm64/chrome-headless-shell
    ╔════════════════════════════════════════════════════════════╗
    ║ Looks like Playwright was just installed or updated.       ║
    ║ Please run the following command to download new browsers: ║
    ║                                                            ║
    ║     npx playwright install                                 ║
    ║                                                            ║
    ║ <3 Playwright Team                                         ║
    ╚════════════════════════════════════════════════════════════╝

    Error Context: test-results/cat-life-gentle-care-v2-im-451e2-hows-the-new-release-notice/error-context.md

  71) scripts/browser-tests/cat-life-interaction-polish.spec.mjs:18:39 › 390px veteran: guidance locates one care action; settlement is inline once 

    Error: browserType.launch: Executable doesn't exist at /Users/shaola/Library/Caches/ms-playwright/chromium_headless_shell-1234/chrome-headless-shell-mac-arm64/chrome-headless-shell
    ╔════════════════════════════════════════════════════════════╗
    ║ Looks like Playwright was just installed or updated.       ║
    ║ Please run the following command to download new browsers: ║
    ║                                                            ║
    ║     npx playwright install                                 ║
    ║                                                            ║
    ║ <3 Playwright Team                                         ║
    ╚════════════════════════════════════════════════════════════╝

    Error Context: test-results/cat-life-interaction-polis-c6caa-n-settlement-is-inline-once/error-context.md

  72) scripts/browser-tests/cat-life-interaction-polish.spec.mjs:18:39 › 390px novice: guidance locates one care action; settlement is inline once 

    Error: browserType.launch: Executable doesn't exist at /Users/shaola/Library/Caches/ms-playwright/chromium_headless_shell-1234/chrome-headless-shell-mac-arm64/chrome-headless-shell
    ╔════════════════════════════════════════════════════════════╗
    ║ Looks like Playwright was just installed or updated.       ║
    ║ Please run the following command to download new browsers: ║
    ║                                                            ║
    ║     npx playwright install                                 ║
    ║                                                            ║
    ║ <3 Playwright Team                                         ║
    ╚════════════════════════════════════════════════════════════╝

    Error Context: test-results/cat-life-interaction-polis-fdc1a-n-settlement-is-inline-once/error-context.md

  73) scripts/browser-tests/cat-life-interaction-polish.spec.mjs:46:3 › 390px: find additional care opens details without consuming; orange focus survives redraw 

    Error: browserType.launch: Executable doesn't exist at /Users/shaola/Library/Caches/ms-playwright/chromium_headless_shell-1234/chrome-headless-shell-mac-arm64/chrome-headless-shell
    ╔════════════════════════════════════════════════════════════╗
    ║ Looks like Playwright was just installed or updated.       ║
    ║ Please run the following command to download new browsers: ║
    ║                                                            ║
    ║     npx playwright install                                 ║
    ║                                                            ║
    ║ <3 Playwright Team                                         ║
    ╚════════════════════════════════════════════════════════════╝

    Error Context: test-results/cat-life-interaction-polis-1f19c-range-focus-survives-redraw/error-context.md

  74) scripts/browser-tests/cat-life-interaction-polish.spec.mjs:18:39 › 1280px veteran: guidance locates one care action; settlement is inline once 

    Error: browserType.launch: Executable doesn't exist at /Users/shaola/Library/Caches/ms-playwright/chromium_headless_shell-1234/chrome-headless-shell-mac-arm64/chrome-headless-shell
    ╔════════════════════════════════════════════════════════════╗
    ║ Looks like Playwright was just installed or updated.       ║
    ║ Please run the following command to download new browsers: ║
    ║                                                            ║
    ║     npx playwright install                                 ║
    ║                                                            ║
    ║ <3 Playwright Team                                         ║
    ╚════════════════════════════════════════════════════════════╝

    Error Context: test-results/cat-life-interaction-polis-85ebc-n-settlement-is-inline-once/error-context.md

  75) scripts/browser-tests/cat-life-interaction-polish.spec.mjs:18:39 › 1280px novice: guidance locates one care action; settlement is inline once 

    Error: browserType.launch: Executable doesn't exist at /Users/shaola/Library/Caches/ms-playwright/chromium_headless_shell-1234/chrome-headless-shell-mac-arm64/chrome-headless-shell
    ╔════════════════════════════════════════════════════════════╗
    ║ Looks like Playwright was just installed or updated.       ║
    ║ Please run the following command to download new browsers: ║
    ║                                                            ║
    ║     npx playwright install                                 ║
    ║                                                            ║
    ║ <3 Playwright Team                                         ║
    ╚════════════════════════════════════════════════════════════╝

    Error Context: test-results/cat-life-interaction-polis-4d6ff-n-settlement-is-inline-once/error-context.md

  76) scripts/browser-tests/cat-life-interaction-polish.spec.mjs:46:3 › 1280px: find additional care opens details without consuming; orange focus survives redraw 

    Error: browserType.launch: Executable doesn't exist at /Users/shaola/Library/Caches/ms-playwright/chromium_headless_shell-1234/chrome-headless-shell-mac-arm64/chrome-headless-shell
    ╔════════════════════════════════════════════════════════════╗
    ║ Looks like Playwright was just installed or updated.       ║
    ║ Please run the following command to download new browsers: ║
    ║                                                            ║
    ║     npx playwright install                                 ║
    ║                                                            ║
    ║ <3 Playwright Team                                         ║
    ╚════════════════════════════════════════════════════════════╝

    Error Context: test-results/cat-life-interaction-polis-48181-range-focus-survives-redraw/error-context.md

  77) scripts/browser-tests/cat-life-interaction-polish.spec.mjs:70:1 › home care keeps success toast; failed care on the cat page keeps errors 

    Error: browserType.launch: Executable doesn't exist at /Users/shaola/Library/Caches/ms-playwright/chromium_headless_shell-1234/chrome-headless-shell-mac-arm64/chrome-headless-shell
    ╔════════════════════════════════════════════════════════════╗
    ║ Looks like Playwright was just installed or updated.       ║
    ║ Please run the following command to download new browsers: ║
    ║                                                            ║
    ║     npx playwright install                                 ║
    ║                                                            ║
    ║ <3 Playwright Team                                         ║
    ╚════════════════════════════════════════════════════════════╝

    Error Context: test-results/cat-life-interaction-polis-ed7ef-n-the-cat-page-keeps-errors/error-context.md

  78) scripts/browser-tests/cat-life-interactions.spec.mjs:16:40 › 390px: scene, honest receipt, stable three-action layout and additional care 

    Error: browserType.launch: Executable doesn't exist at /Users/shaola/Library/Caches/ms-playwright/chromium_headless_shell-1234/chrome-headless-shell-mac-arm64/chrome-headless-shell
    ╔════════════════════════════════════════════════════════════╗
    ║ Looks like Playwright was just installed or updated.       ║
    ║ Please run the following command to download new browsers: ║
    ║                                                            ║
    ║     npx playwright install                                 ║
    ║                                                            ║
    ║ <3 Playwright Team                                         ║
    ╚════════════════════════════════════════════════════════════╝

    Error Context: test-results/cat-life-interactions-390p-90621--layout-and-additional-care/error-context.md

  79) scripts/browser-tests/cat-life-interactions.spec.mjs:16:40 › 1040px: scene, honest receipt, stable three-action layout and additional care 

    Error: browserType.launch: Executable doesn't exist at /Users/shaola/Library/Caches/ms-playwright/chromium_headless_shell-1234/chrome-headless-shell-mac-arm64/chrome-headless-shell
    ╔════════════════════════════════════════════════════════════╗
    ║ Looks like Playwright was just installed or updated.       ║
    ║ Please run the following command to download new browsers: ║
    ║                                                            ║
    ║     npx playwright install                                 ║
    ║                                                            ║
    ║ <3 Playwright Team                                         ║
    ╚════════════════════════════════════════════════════════════╝

    Error Context: test-results/cat-life-interactions-1040-6f05e--layout-and-additional-care/error-context.md

  80) scripts/browser-tests/cat-life-interactions.spec.mjs:16:40 › 1280px: scene, honest receipt, stable three-action layout and additional care 

    Error: browserType.launch: Executable doesn't exist at /Users/shaola/Library/Caches/ms-playwright/chromium_headless_shell-1234/chrome-headless-shell-mac-arm64/chrome-headless-shell
    ╔════════════════════════════════════════════════════════════╗
    ║ Looks like Playwright was just installed or updated.       ║
    ║ Please run the following command to download new browsers: ║
    ║                                                            ║
    ║     npx playwright install                                 ║
    ║                                                            ║
    ║ <3 Playwright Team                                         ║
    ╚════════════════════════════════════════════════════════════╝

    Error Context: test-results/cat-life-interactions-1280-bf702--layout-and-additional-care/error-context.md

  81) scripts/browser-tests/cat-life-interactions.spec.mjs:40:1 › double click across replacement settles once; background render resumes the animation clock 

    Error: browserType.launch: Executable doesn't exist at /Users/shaola/Library/Caches/ms-playwright/chromium_headless_shell-1234/chrome-headless-shell-mac-arm64/chrome-headless-shell
    ╔════════════════════════════════════════════════════════════╗
    ║ Looks like Playwright was just installed or updated.       ║
    ║ Please run the following command to download new browsers: ║
    ║                                                            ║
    ║     npx playwright install                                 ║
    ║                                                            ║
    ║ <3 Playwright Team                                         ║
    ╚════════════════════════════════════════════════════════════╝

    Error Context: test-results/cat-life-interactions-doub-d1cfe-resumes-the-animation-clock/error-context.md

  82) scripts/browser-tests/cat-life-interactions.spec.mjs:57:1 › rest and play have distinct animation, reduced motion disables it; reload clears only UI feedback 

    Error: browserType.launch: Executable doesn't exist at /Users/shaola/Library/Caches/ms-playwright/chromium_headless_shell-1234/chrome-headless-shell-mac-arm64/chrome-headless-shell
    ╔════════════════════════════════════════════════════════════╗
    ║ Looks like Playwright was just installed or updated.       ║
    ║ Please run the following command to download new browsers: ║
    ║                                                            ║
    ║     npx playwright install                                 ║
    ║                                                            ║
    ║ <3 Playwright Team                                         ║
    ╚════════════════════════════════════════════════════════════╝

    Error Context: test-results/cat-life-interactions-rest-69d78-oad-clears-only-UI-feedback/error-context.md

  83) scripts/browser-tests/cat-life-memories.spec.mjs:20:1 › 390px: actual care creates memories; home opens the correct journal, reload and rename retain entries 

    Error: browserType.launch: Executable doesn't exist at /Users/shaola/Library/Caches/ms-playwright/chromium_headless_shell-1234/chrome-headless-shell-mac-arm64/chrome-headless-shell
    ╔════════════════════════════════════════════════════════════╗
    ║ Looks like Playwright was just installed or updated.       ║
    ║ Please run the following command to download new browsers: ║
    ║                                                            ║
    ║     npx playwright install                                 ║
    ║                                                            ║
    ║ <3 Playwright Team                                         ║
    ╚════════════════════════════════════════════════════════════╝

    Error Context: test-results/cat-life-memories-390px-ac-df572-d-and-rename-retain-entries/error-context.md

  84) scripts/browser-tests/cat-life-memories.spec.mjs:57:1 › journal expansion survives actions and focus refresh while nickname drafts are kept 

    Error: browserType.launch: Executable doesn't exist at /Users/shaola/Library/Caches/ms-playwright/chromium_headless_shell-1234/chrome-headless-shell-mac-arm64/chrome-headless-shell
    ╔════════════════════════════════════════════════════════════╗
    ║ Looks like Playwright was just installed or updated.       ║
    ║ Please run the following command to download new browsers: ║
    ║                                                            ║
    ║     npx playwright install                                 ║
    ║                                                            ║
    ║ <3 Playwright Team                                         ║
    ╚════════════════════════════════════════════════════════════╝

    Error Context: test-results/cat-life-memories-journal--13ee4-le-nickname-drafts-are-kept/error-context.md

  85) scripts/browser-tests/cat-life-memories.spec.mjs:84:1 › most recent memory selects its own cat instead of the previously selected cat 

    Error: browserType.launch: Executable doesn't exist at /Users/shaola/Library/Caches/ms-playwright/chromium_headless_shell-1234/chrome-headless-shell-mac-arm64/chrome-headless-shell
    ╔════════════════════════════════════════════════════════════╗
    ║ Looks like Playwright was just installed or updated.       ║
    ║ Please run the following command to download new browsers: ║
    ║                                                            ║
    ║     npx playwright install                                 ║
    ║                                                            ║
    ║ <3 Playwright Team                                         ║
    ╚════════════════════════════════════════════════════════════╝

    Error Context: test-results/cat-life-memories-most-rec-10770-the-previously-selected-cat/error-context.md

  86) scripts/browser-tests/cat-life-memories.spec.mjs:105:3 › zh-CN: legacy milestones have no invented dates; complete bond and future journal remain readable 

    Error: browserType.launch: Executable doesn't exist at /Users/shaola/Library/Caches/ms-playwright/chromium_headless_shell-1234/chrome-headless-shell-mac-arm64/chrome-headless-shell
    ╔════════════════════════════════════════════════════════════╗
    ║ Looks like Playwright was just installed or updated.       ║
    ║ Please run the following command to download new browsers: ║
    ║                                                            ║
    ║     npx playwright install                                 ║
    ║                                                            ║
    ║ <3 Playwright Team                                         ║
    ╚════════════════════════════════════════════════════════════╝

    Error Context: test-results/cat-life-memories-zh-CN-le-35ff2-ure-journal-remain-readable/error-context.md

  87) scripts/browser-tests/cat-life-memories.spec.mjs:105:3 › en: legacy milestones have no invented dates; complete bond and future journal remain readable 

    Error: browserType.launch: Executable doesn't exist at /Users/shaola/Library/Caches/ms-playwright/chromium_headless_shell-1234/chrome-headless-shell-mac-arm64/chrome-headless-shell
    ╔════════════════════════════════════════════════════════════╗
    ║ Looks like Playwright was just installed or updated.       ║
    ║ Please run the following command to download new browsers: ║
    ║                                                            ║
    ║     npx playwright install                                 ║
    ║                                                            ║
    ║ <3 Playwright Team                                         ║
    ╚════════════════════════════════════════════════════════════╝

    Error Context: test-results/cat-life-memories-en-legac-53886-ure-journal-remain-readable/error-context.md

  88) scripts/browser-tests/cat-life-memories.spec.mjs:105:3 › ja: legacy milestones have no invented dates; complete bond and future journal remain readable 

    Error: browserType.launch: Executable doesn't exist at /Users/shaola/Library/Caches/ms-playwright/chromium_headless_shell-1234/chrome-headless-shell-mac-arm64/chrome-headless-shell
    ╔════════════════════════════════════════════════════════════╗
    ║ Looks like Playwright was just installed or updated.       ║
    ║ Please run the following command to download new browsers: ║
    ║                                                            ║
    ║     npx playwright install                                 ║
    ║                                                            ║
    ║ <3 Playwright Team                                         ║
    ╚════════════════════════════════════════════════════════════╝

    Error Context: test-results/cat-life-memories-ja-legac-28fbc-ure-journal-remain-readable/error-context.md

  89) scripts/browser-tests/cat-life-motion.spec.mjs:25:40 › 390px: CSP-safe rig actually draws; feeding preserves settlement, focus and canvas through redraw 

    Error: browserType.launch: Executable doesn't exist at /Users/shaola/Library/Caches/ms-playwright/chromium_headless_shell-1234/chrome-headless-shell-mac-arm64/chrome-headless-shell
    ╔════════════════════════════════════════════════════════════╗
    ║ Looks like Playwright was just installed or updated.       ║
    ║ Please run the following command to download new browsers: ║
    ║                                                            ║
    ║     npx playwright install                                 ║
    ║                                                            ║
    ║ <3 Playwright Team                                         ║
    ╚════════════════════════════════════════════════════════════╝

    Error Context: test-results/cat-life-motion-390px-CSP--82885-s-and-canvas-through-redraw/error-context.md

  90) scripts/browser-tests/cat-life-motion.spec.mjs:25:40 › 1040px: CSP-safe rig actually draws; feeding preserves settlement, focus and canvas through redraw 

    Error: browserType.launch: Executable doesn't exist at /Users/shaola/Library/Caches/ms-playwright/chromium_headless_shell-1234/chrome-headless-shell-mac-arm64/chrome-headless-shell
    ╔════════════════════════════════════════════════════════════╗
    ║ Looks like Playwright was just installed or updated.       ║
    ║ Please run the following command to download new browsers: ║
    ║                                                            ║
    ║     npx playwright install                                 ║
    ║                                                            ║
    ║ <3 Playwright Team                                         ║
    ╚════════════════════════════════════════════════════════════╝

    Error Context: test-results/cat-life-motion-1040px-CSP-9c9da-s-and-canvas-through-redraw/error-context.md

  91) scripts/browser-tests/cat-life-motion.spec.mjs:25:40 › 1280px: CSP-safe rig actually draws; feeding preserves settlement, focus and canvas through redraw 

    Error: browserType.launch: Executable doesn't exist at /Users/shaola/Library/Caches/ms-playwright/chromium_headless_shell-1234/chrome-headless-shell-mac-arm64/chrome-headless-shell
    ╔════════════════════════════════════════════════════════════╗
    ║ Looks like Playwright was just installed or updated.       ║
    ║ Please run the following command to download new browsers: ║
    ║                                                            ║
    ║     npx playwright install                                 ║
    ║                                                            ║
    ║ <3 Playwright Team                                         ║
    ╚════════════════════════════════════════════════════════════╝

    Error Context: test-results/cat-life-motion-1280px-CSP-41a7e-s-and-canvas-through-redraw/error-context.md

  92) scripts/browser-tests/cat-life-motion.spec.mjs:55:1 › reduced motion, membership and non-orange/sheltered/dead cats retain their original art 

    Error: browserType.launch: Executable doesn't exist at /Users/shaola/Library/Caches/ms-playwright/chromium_headless_shell-1234/chrome-headless-shell-mac-arm64/chrome-headless-shell
    ╔════════════════════════════════════════════════════════════╗
    ║ Looks like Playwright was just installed or updated.       ║
    ║ Please run the following command to download new browsers: ║
    ║                                                            ║
    ║     npx playwright install                                 ║
    ║                                                            ║
    ║ <3 Playwright Team                                         ║
    ╚════════════════════════════════════════════════════════════╝

    Error Context: test-results/cat-life-motion-reduced-mo-7beac-s-retain-their-original-art/error-context.md

  93) scripts/browser-tests/cat-life-motion.spec.mjs:76:1 › asset failure keeps a visible image and care still settles 

    Error: browserType.launch: Executable doesn't exist at /Users/shaola/Library/Caches/ms-playwright/chromium_headless_shell-1234/chrome-headless-shell-mac-arm64/chrome-headless-shell
    ╔════════════════════════════════════════════════════════════╗
    ║ Looks like Playwright was just installed or updated.       ║
    ║ Please run the following command to download new browsers: ║
    ║                                                            ║
    ║     npx playwright install                                 ║
    ║                                                            ║
    ║ <3 Playwright Team                                         ║
    ╚════════════════════════════════════════════════════════════╝

    Error Context: test-results/cat-life-motion-asset-fail-156bc-mage-and-care-still-settles/error-context.md

  94) scripts/browser-tests/cat-life-motion.spec.mjs:84:1 › home and room use animated cats; repeated routes and save replacement cannot retain stale canvases 

    Error: browserType.launch: Executable doesn't exist at /Users/shaola/Library/Caches/ms-playwright/chromium_headless_shell-1234/chrome-headless-shell-mac-arm64/chrome-headless-shell
    ╔════════════════════════════════════════════════════════════╗
    ║ Looks like Playwright was just installed or updated.       ║
    ║ Please run the following command to download new browsers: ║
    ║                                                            ║
    ║     npx playwright install                                 ║
    ║                                                            ║
    ║ <3 Playwright Team                                         ║
    ╚════════════════════════════════════════════════════════════╝

    Error Context: test-results/cat-life-motion-home-and-r-556f7-annot-retain-stale-canvases/error-context.md

  95) scripts/browser-tests/cat-life-motion.spec.mjs:103:1 › entering the room during a care reaction resumes the rig when the reaction expires 

    Error: browserType.launch: Executable doesn't exist at /Users/shaola/Library/Caches/ms-playwright/chromium_headless_shell-1234/chrome-headless-shell-mac-arm64/chrome-headless-shell
    ╔════════════════════════════════════════════════════════════╗
    ║ Looks like Playwright was just installed or updated.       ║
    ║ Please run the following command to download new browsers: ║
    ║                                                            ║
    ║     npx playwright install                                 ║
    ║                                                            ║
    ║ <3 Playwright Team                                         ║
    ╚════════════════════════════════════════════════════════════╝

    Error Context: test-results/cat-life-motion-entering-t-7ff38-g-when-the-reaction-expires/error-context.md

  96) scripts/browser-tests/cat-life-music.spec.mjs:34:3 › 390px: approved AAC decodes after gesture, loops and survives all page changes without restarting 

    Error: browserType.launch: Executable doesn't exist at /Users/shaola/Library/Caches/ms-playwright/chromium_headless_shell-1234/chrome-headless-shell-mac-arm64/chrome-headless-shell
    ╔════════════════════════════════════════════════════════════╗
    ║ Looks like Playwright was just installed or updated.       ║
    ║ Please run the following command to download new browsers: ║
    ║                                                            ║
    ║     npx playwright install                                 ║
    ║                                                            ║
    ║ <3 Playwright Team                                         ║
    ╚════════════════════════════════════════════════════════════╝

    Error Context: test-results/cat-life-music-390px-appro-f8391--changes-without-restarting/error-context.md

  97) scripts/browser-tests/cat-life-music.spec.mjs:49:3 › 390px: mute, volume and hidden/BFCache restoration pause and resume the same decoded track 

    Error: browserType.launch: Executable doesn't exist at /Users/shaola/Library/Caches/ms-playwright/chromium_headless_shell-1234/chrome-headless-shell-mac-arm64/chrome-headless-shell
    ╔════════════════════════════════════════════════════════════╗
    ║ Looks like Playwright was just installed or updated.       ║
    ║ Please run the following command to download new browsers: ║
    ║                                                            ║
    ║     npx playwright install                                 ║
    ║                                                            ║
    ║ <3 Playwright Team                                         ║
    ╚════════════════════════════════════════════════════════════╝

    Error Context: test-results/cat-life-music-390px-mute--a883e-sume-the-same-decoded-track/error-context.md

  98) scripts/browser-tests/cat-life-music.spec.mjs:34:3 › 1280px: approved AAC decodes after gesture, loops and survives all page changes without restarting 

    Error: browserType.launch: Executable doesn't exist at /Users/shaola/Library/Caches/ms-playwright/chromium_headless_shell-1234/chrome-headless-shell-mac-arm64/chrome-headless-shell
    ╔════════════════════════════════════════════════════════════╗
    ║ Looks like Playwright was just installed or updated.       ║
    ║ Please run the following command to download new browsers: ║
    ║                                                            ║
    ║     npx playwright install                                 ║
    ║                                                            ║
    ║ <3 Playwright Team                                         ║
    ╚════════════════════════════════════════════════════════════╝

    Error Context: test-results/cat-life-music-1280px-appr-9984e--changes-without-restarting/error-context.md

  99) scripts/browser-tests/cat-life-music.spec.mjs:49:3 › 1280px: mute, volume and hidden/BFCache restoration pause and resume the same decoded track 

    Error: browserType.launch: Executable doesn't exist at /Users/shaola/Library/Caches/ms-playwright/chromium_headless_shell-1234/chrome-headless-shell-mac-arm64/chrome-headless-shell
    ╔════════════════════════════════════════════════════════════╗
    ║ Looks like Playwright was just installed or updated.       ║
    ║ Please run the following command to download new browsers: ║
    ║                                                            ║
    ║     npx playwright install                                 ║
    ║                                                            ║
    ║ <3 Playwright Team                                         ║
    ╚════════════════════════════════════════════════════════════╝

    Error Context: test-results/cat-life-music-1280px-mute-cb80f-sume-the-same-decoded-track/error-context.md

  100) scripts/browser-tests/cat-life-music.spec.mjs:76:1 › native decoded loop crosses the 75-second boundary without a silent padding gap 

    Error: browserType.launch: Executable doesn't exist at /Users/shaola/Library/Caches/ms-playwright/chromium_headless_shell-1234/chrome-headless-shell-mac-arm64/chrome-headless-shell
    ╔════════════════════════════════════════════════════════════╗
    ║ Looks like Playwright was just installed or updated.       ║
    ║ Please run the following command to download new browsers: ║
    ║                                                            ║
    ║     npx playwright install                                 ║
    ║                                                            ║
    ║ <3 Playwright Team                                         ║
    ╚════════════════════════════════════════════════════════════╝

    Error Context: test-results/cat-life-music-native-deco-6af8e-ithout-a-silent-padding-gap/error-context.md

  101) scripts/browser-tests/cat-life-music.spec.mjs:92:1 › delayed asset cannot play after mute; failed requests stay quiet until a fresh gesture 

    Error: browserType.launch: Executable doesn't exist at /Users/shaola/Library/Caches/ms-playwright/chromium_headless_shell-1234/chrome-headless-shell-mac-arm64/chrome-headless-shell
    ╔════════════════════════════════════════════════════════════╗
    ║ Looks like Playwright was just installed or updated.       ║
    ║ Please run the following command to download new browsers: ║
    ║                                                            ║
    ║     npx playwright install                                 ║
    ║                                                            ║
    ║ <3 Playwright Team                                         ║
    ╚════════════════════════════════════════════════════════════╝

    Error Context: test-results/cat-life-music-delayed-ass-191f4-quiet-until-a-fresh-gesture/error-context.md

  102) scripts/browser-tests/cat-life-music.spec.mjs:112:1 › existing custom music stays selected, pauses/resumes, and clearing restores the new default 

    Error: browserType.launch: Executable doesn't exist at /Users/shaola/Library/Caches/ms-playwright/chromium_headless_shell-1234/chrome-headless-shell-mac-arm64/chrome-headless-shell
    ╔════════════════════════════════════════════════════════════╗
    ║ Looks like Playwright was just installed or updated.       ║
    ║ Please run the following command to download new browsers: ║
    ║                                                            ║
    ║     npx playwright install                                 ║
    ║                                                            ║
    ║ <3 Playwright Team                                         ║
    ╚════════════════════════════════════════════════════════════╝

    Error Context: test-results/cat-life-music-existing-cu-910a0-ng-restores-the-new-default/error-context.md

  103) scripts/browser-tests/cat-life-onboarding.spec.mjs:17:1 › 390px first visit: meet, claim once, feed, play and finish real work; progress survives reload 

    Error: browserType.launch: Executable doesn't exist at /Users/shaola/Library/Caches/ms-playwright/chromium_headless_shell-1234/chrome-headless-shell-mac-arm64/chrome-headless-shell
    ╔════════════════════════════════════════════════════════════╗
    ║ Looks like Playwright was just installed or updated.       ║
    ║ Please run the following command to download new browsers: ║
    ║                                                            ║
    ║     npx playwright install                                 ║
    ║                                                            ║
    ║ <3 Playwright Team                                         ║
    ╚════════════════════════════════════════════════════════════╝

    Error Context: test-results/cat-life-onboarding-390px--faf4f-rk-progress-survives-reload/error-context.md

  104) scripts/browser-tests/cat-life-onboarding.spec.mjs:55:1 › a week away retains the second package and care date; welcome-home does not earn a learning day 

    Error: browserType.launch: Executable doesn't exist at /Users/shaola/Library/Caches/ms-playwright/chromium_headless_shell-1234/chrome-headless-shell-mac-arm64/chrome-headless-shell
    ╔════════════════════════════════════════════════════════════╗
    ║ Looks like Playwright was just installed or updated.       ║
    ║ Please run the following command to download new browsers: ║
    ║                                                            ║
    ║     npx playwright install                                 ║
    ║                                                            ║
    ║ <3 Playwright Team                                         ║
    ╚════════════════════════════════════════════════════════════╝

    Error Context: test-results/cat-life-onboarding-a-week-d4020-oes-not-earn-a-learning-day/error-context.md

  105) scripts/browser-tests/cat-life-onboarding.spec.mjs:86:1 › first clinic aid works with no coins, synchronizes with hospital UI and cannot be reused 

    Error: browserType.launch: Executable doesn't exist at /Users/shaola/Library/Caches/ms-playwright/chromium_headless_shell-1234/chrome-headless-shell-mac-arm64/chrome-headless-shell
    ╔════════════════════════════════════════════════════════════╗
    ║ Looks like Playwright was just installed or updated.       ║
    ║ Please run the following command to download new browsers: ║
    ║                                                            ║
    ║     npx playwright install                                 ║
    ║                                                            ║
    ║ <3 Playwright Team                                         ║
    ╚════════════════════════════════════════════════════════════╝

    Error Context: test-results/cat-life-onboarding-first--ebc41-tal-UI-and-cannot-be-reused/error-context.md

  106) scripts/browser-tests/cat-life-onboarding.spec.mjs:115:1 › third care day completes at UTC midnight without needing navigation, while free rescue remains 

    Error: browserType.launch: Executable doesn't exist at /Users/shaola/Library/Caches/ms-playwright/chromium_headless_shell-1234/chrome-headless-shell-mac-arm64/chrome-headless-shell
    ╔════════════════════════════════════════════════════════════╗
    ║ Looks like Playwright was just installed or updated.       ║
    ║ Please run the following command to download new browsers: ║
    ║                                                            ║
    ║     npx playwright install                                 ║
    ║                                                            ║
    ║ <3 Playwright Team                                         ║
    ╚════════════════════════════════════════════════════════════╝

    Error Context: test-results/cat-life-onboarding-third--f7b4f-n-while-free-rescue-remains/error-context.md

  107) scripts/browser-tests/cat-life-onboarding.spec.mjs:139:1 › return recommendations stay useful for veterans, and three locales fit 390px and desktop 

    Error: browserType.launch: Executable doesn't exist at /Users/shaola/Library/Caches/ms-playwright/chromium_headless_shell-1234/chrome-headless-shell-mac-arm64/chrome-headless-shell
    ╔════════════════════════════════════════════════════════════╗
    ║ Looks like Playwright was just installed or updated.       ║
    ║ Please run the following command to download new browsers: ║
    ║                                                            ║
    ║     npx playwright install                                 ║
    ║                                                            ║
    ║ <3 Playwright Team                                         ║
    ╚════════════════════════════════════════════════════════════╝

    Error Context: test-results/cat-life-onboarding-return-a31f4-cales-fit-390px-and-desktop/error-context.md

  108) scripts/browser-tests/cat-life-onboarding.spec.mjs:166:1 › focus, visibility and real background updates preserve unsubmitted names and import text 

    Error: browserType.launch: Executable doesn't exist at /Users/shaola/Library/Caches/ms-playwright/chromium_headless_shell-1234/chrome-headless-shell-mac-arm64/chrome-headless-shell
    ╔════════════════════════════════════════════════════════════╗
    ║ Looks like Playwright was just installed or updated.       ║
    ║ Please run the following command to download new browsers: ║
    ║                                                            ║
    ║     npx playwright install                                 ║
    ║                                                            ║
    ║ <3 Playwright Team                                         ║
    ╚════════════════════════════════════════════════════════════╝

    Error Context: test-results/cat-life-onboarding-focus--0d5a7-itted-names-and-import-text/error-context.md

  109) scripts/browser-tests/cat-life-onboarding.spec.mjs:206:1 › an unclaimed third package survives midnight and reload without extending protection or allowing duplicates 

    Error: browserType.launch: Executable doesn't exist at /Users/shaola/Library/Caches/ms-playwright/chromium_headless_shell-1234/chrome-headless-shell-mac-arm64/chrome-headless-shell
    ╔════════════════════════════════════════════════════════════╗
    ║ Looks like Playwright was just installed or updated.       ║
    ║ Please run the following command to download new browsers: ║
    ║                                                            ║
    ║     npx playwright install                                 ║
    ║                                                            ║
    ║ <3 Playwright Team                                         ║
    ╚════════════════════════════════════════════════════════════╝

    Error Context: test-results/cat-life-onboarding-an-unc-7de13-tion-or-allowing-duplicates/error-context.md

  110) scripts/browser-tests/cat-life-onboarding.spec.mjs:234:1 › home rescues overlooked companions first and keeps in-place meals on the care route 

    Error: browserType.launch: Executable doesn't exist at /Users/shaola/Library/Caches/ms-playwright/chromium_headless_shell-1234/chrome-headless-shell-mac-arm64/chrome-headless-shell
    ╔════════════════════════════════════════════════════════════╗
    ║ Looks like Playwright was just installed or updated.       ║
    ║ Please run the following command to download new browsers: ║
    ║                                                            ║
    ║     npx playwright install                                 ║
    ║                                                            ║
    ║ <3 Playwright Team                                         ║
    ╚════════════════════════════════════════════════════════════╝

    Error Context: test-results/cat-life-onboarding-home-r-cabaf-ace-meals-on-the-care-route/error-context.md

  111) scripts/browser-tests/cat-life-release-history.spec.mjs:9:34 › 390px: release history stays folded until requested, preserving focus and expansion on refresh 

    Error: browserType.launch: Executable doesn't exist at /Users/shaola/Library/Caches/ms-playwright/chromium_headless_shell-1234/chrome-headless-shell-mac-arm64/chrome-headless-shell
    ╔════════════════════════════════════════════════════════════╗
    ║ Looks like Playwright was just installed or updated.       ║
    ║ Please run the following command to download new browsers: ║
    ║                                                            ║
    ║     npx playwright install                                 ║
    ║                                                            ║
    ║ <3 Playwright Team                                         ║
    ╚════════════════════════════════════════════════════════════╝

    Error Context: test-results/cat-life-release-history-3-160ec-us-and-expansion-on-refresh/error-context.md

  112) scripts/browser-tests/cat-life-release-history.spec.mjs:9:34 › 1280px: release history stays folded until requested, preserving focus and expansion on refresh 

    Error: browserType.launch: Executable doesn't exist at /Users/shaola/Library/Caches/ms-playwright/chromium_headless_shell-1234/chrome-headless-shell-mac-arm64/chrome-headless-shell
    ╔════════════════════════════════════════════════════════════╗
    ║ Looks like Playwright was just installed or updated.       ║
    ║ Please run the following command to download new browsers: ║
    ║                                                            ║
    ║     npx playwright install                                 ║
    ║                                                            ║
    ║ <3 Playwright Team                                         ║
    ╚════════════════════════════════════════════════════════════╝

    Error Context: test-results/cat-life-release-history-1-def0d-us-and-expansion-on-refresh/error-context.md

  113) scripts/browser-tests/cat-life-review-interactions.spec.mjs:64:3 › 390px: rescue successors stay stationary under an edge hover and accept ordinary clicks 

    Error: browserType.launch: Executable doesn't exist at /Users/shaola/Library/Caches/ms-playwright/chromium_headless_shell-1234/chrome-headless-shell-mac-arm64/chrome-headless-shell
    ╔════════════════════════════════════════════════════════════╗
    ║ Looks like Playwright was just installed or updated.       ║
    ║ Please run the following command to download new browsers: ║
    ║                                                            ║
    ║     npx playwright install                                 ║
    ║                                                            ║
    ║ <3 Playwright Team                                         ║
    ╚════════════════════════════════════════════════════════════╝

    Error Context: test-results/cat-life-review-interactio-3fe5d--and-accept-ordinary-clicks/error-context.md

  114) scripts/browser-tests/cat-life-review-interactions.spec.mjs:99:70 › 390px: live sampler rejects move after observing a redraw 

    Error: browserType.launch: Executable doesn't exist at /Users/shaola/Library/Caches/ms-playwright/chromium_headless_shell-1234/chrome-headless-shell-mac-arm64/chrome-headless-shell
    ╔════════════════════════════════════════════════════════════╗
    ║ Looks like Playwright was just installed or updated.       ║
    ║ Please run the following command to download new browsers: ║
    ║                                                            ║
    ║     npx playwright install                                 ║
    ║                                                            ║
    ║ <3 Playwright Team                                         ║
    ╚════════════════════════════════════════════════════════════╝

    Error Context: test-results/cat-life-review-interactio-f496f-ve-after-observing-a-redraw/error-context.md

  115) scripts/browser-tests/cat-life-review-interactions.spec.mjs:99:70 › 390px: live sampler rejects hidden after observing a redraw 

    Error: browserType.launch: Executable doesn't exist at /Users/shaola/Library/Caches/ms-playwright/chromium_headless_shell-1234/chrome-headless-shell-mac-arm64/chrome-headless-shell
    ╔════════════════════════════════════════════════════════════╗
    ║ Looks like Playwright was just installed or updated.       ║
    ║ Please run the following command to download new browsers: ║
    ║                                                            ║
    ║     npx playwright install                                 ║
    ║                                                            ║
    ║ <3 Playwright Team                                         ║
    ╚════════════════════════════════════════════════════════════╝

    Error Context: test-results/cat-life-review-interactio-632cc-en-after-observing-a-redraw/error-context.md

  116) scripts/browser-tests/cat-life-review-interactions.spec.mjs:99:70 › 390px: live sampler rejects deleted after observing a redraw 

    Error: browserType.launch: Executable doesn't exist at /Users/shaola/Library/Caches/ms-playwright/chromium_headless_shell-1234/chrome-headless-shell-mac-arm64/chrome-headless-shell
    ╔════════════════════════════════════════════════════════════╗
    ║ Looks like Playwright was just installed or updated.       ║
    ║ Please run the following command to download new browsers: ║
    ║                                                            ║
    ║     npx playwright install                                 ║
    ║                                                            ║
    ║ <3 Playwright Team                                         ║
    ╚════════════════════════════════════════════════════════════╝

    Error Context: test-results/cat-life-review-interactio-be389-ed-after-observing-a-redraw/error-context.md

  117) scripts/browser-tests/cat-life-review-interactions.spec.mjs:99:70 › 390px: live sampler rejects duplicate after observing a redraw 

    Error: browserType.launch: Executable doesn't exist at /Users/shaola/Library/Caches/ms-playwright/chromium_headless_shell-1234/chrome-headless-shell-mac-arm64/chrome-headless-shell
    ╔════════════════════════════════════════════════════════════╗
    ║ Looks like Playwright was just installed or updated.       ║
    ║ Please run the following command to download new browsers: ║
    ║                                                            ║
    ║     npx playwright install                                 ║
    ║                                                            ║
    ║ <3 Playwright Team                                         ║
    ╚════════════════════════════════════════════════════════════╝

    Error Context: test-results/cat-life-review-interactio-7f791-te-after-observing-a-redraw/error-context.md

  118) scripts/browser-tests/cat-life-review-interactions.spec.mjs:122:3 › 390px: expanding ten memories retains visible keyboard focus without moving the control 

    Error: browserType.launch: Executable doesn't exist at /Users/shaola/Library/Caches/ms-playwright/chromium_headless_shell-1234/chrome-headless-shell-mac-arm64/chrome-headless-shell
    ╔════════════════════════════════════════════════════════════╗
    ║ Looks like Playwright was just installed or updated.       ║
    ║ Please run the following command to download new browsers: ║
    ║                                                            ║
    ║     npx playwright install                                 ║
    ║                                                            ║
    ║ <3 Playwright Team                                         ║
    ╚════════════════════════════════════════════════════════════╝

    Error Context: test-results/cat-life-review-interactio-4bf40--without-moving-the-control/error-context.md

  119) scripts/browser-tests/cat-life-review-interactions.spec.mjs:64:3 › 1280px: rescue successors stay stationary under an edge hover and accept ordinary clicks 

    Error: browserType.launch: Executable doesn't exist at /Users/shaola/Library/Caches/ms-playwright/chromium_headless_shell-1234/chrome-headless-shell-mac-arm64/chrome-headless-shell
    ╔════════════════════════════════════════════════════════════╗
    ║ Looks like Playwright was just installed or updated.       ║
    ║ Please run the following command to download new browsers: ║
    ║                                                            ║
    ║     npx playwright install                                 ║
    ║                                                            ║
    ║ <3 Playwright Team                                         ║
    ╚════════════════════════════════════════════════════════════╝

    Error Context: test-results/cat-life-review-interactio-34b9b--and-accept-ordinary-clicks/error-context.md

  120) scripts/browser-tests/cat-life-review-interactions.spec.mjs:99:70 › 1280px: live sampler rejects move after observing a redraw 

    Error: browserType.launch: Executable doesn't exist at /Users/shaola/Library/Caches/ms-playwright/chromium_headless_shell-1234/chrome-headless-shell-mac-arm64/chrome-headless-shell
    ╔════════════════════════════════════════════════════════════╗
    ║ Looks like Playwright was just installed or updated.       ║
    ║ Please run the following command to download new browsers: ║
    ║                                                            ║
    ║     npx playwright install                                 ║
    ║                                                            ║
    ║ <3 Playwright Team                                         ║
    ╚════════════════════════════════════════════════════════════╝

    Error Context: test-results/cat-life-review-interactio-c2833-ve-after-observing-a-redraw/error-context.md

  121) scripts/browser-tests/cat-life-review-interactions.spec.mjs:99:70 › 1280px: live sampler rejects hidden after observing a redraw 

    Error: browserType.launch: Executable doesn't exist at /Users/shaola/Library/Caches/ms-playwright/chromium_headless_shell-1234/chrome-headless-shell-mac-arm64/chrome-headless-shell
    ╔════════════════════════════════════════════════════════════╗
    ║ Looks like Playwright was just installed or updated.       ║
    ║ Please run the following command to download new browsers: ║
    ║                                                            ║
    ║     npx playwright install                                 ║
    ║                                                            ║
    ║ <3 Playwright Team                                         ║
    ╚════════════════════════════════════════════════════════════╝

    Error Context: test-results/cat-life-review-interactio-e0ec6-en-after-observing-a-redraw/error-context.md

  122) scripts/browser-tests/cat-life-review-interactions.spec.mjs:99:70 › 1280px: live sampler rejects deleted after observing a redraw 

    Error: browserType.launch: Executable doesn't exist at /Users/shaola/Library/Caches/ms-playwright/chromium_headless_shell-1234/chrome-headless-shell-mac-arm64/chrome-headless-shell
    ╔════════════════════════════════════════════════════════════╗
    ║ Looks like Playwright was just installed or updated.       ║
    ║ Please run the following command to download new browsers: ║
    ║                                                            ║
    ║     npx playwright install                                 ║
    ║                                                            ║
    ║ <3 Playwright Team                                         ║
    ╚════════════════════════════════════════════════════════════╝

    Error Context: test-results/cat-life-review-interactio-ecbf8-ed-after-observing-a-redraw/error-context.md

  123) scripts/browser-tests/cat-life-review-interactions.spec.mjs:99:70 › 1280px: live sampler rejects duplicate after observing a redraw 

    Error: browserType.launch: Executable doesn't exist at /Users/shaola/Library/Caches/ms-playwright/chromium_headless_shell-1234/chrome-headless-shell-mac-arm64/chrome-headless-shell
    ╔════════════════════════════════════════════════════════════╗
    ║ Looks like Playwright was just installed or updated.       ║
    ║ Please run the following command to download new browsers: ║
    ║                                                            ║
    ║     npx playwright install                                 ║
    ║                                                            ║
    ║ <3 Playwright Team                                         ║
    ╚════════════════════════════════════════════════════════════╝

    Error Context: test-results/cat-life-review-interactio-11ed6-te-after-observing-a-redraw/error-context.md

  124) scripts/browser-tests/cat-life-review-interactions.spec.mjs:122:3 › 1280px: expanding ten memories retains visible keyboard focus without moving the control 

    Error: browserType.launch: Executable doesn't exist at /Users/shaola/Library/Caches/ms-playwright/chromium_headless_shell-1234/chrome-headless-shell-mac-arm64/chrome-headless-shell
    ╔════════════════════════════════════════════════════════════╗
    ║ Looks like Playwright was just installed or updated.       ║
    ║ Please run the following command to download new browsers: ║
    ║                                                            ║
    ║     npx playwright install                                 ║
    ║                                                            ║
    ║ <3 Playwright Team                                         ║
    ╚════════════════════════════════════════════════════════════╝

    Error Context: test-results/cat-life-review-interactio-1e864--without-moving-the-control/error-context.md

  125) scripts/browser-tests/cat-life-share.spec.mjs:38:3 › 390px zh-Hant: real PNG, decodable QR, public latest notes and responsive dialog 

    Error: browserType.launch: Executable doesn't exist at /Users/shaola/Library/Caches/ms-playwright/chromium_headless_shell-1234/chrome-headless-shell-mac-arm64/chrome-headless-shell
    ╔════════════════════════════════════════════════════════════╗
    ║ Looks like Playwright was just installed or updated.       ║
    ║ Please run the following command to download new browsers: ║
    ║                                                            ║
    ║     npx playwright install                                 ║
    ║                                                            ║
    ║ <3 Playwright Team                                         ║
    ╚════════════════════════════════════════════════════════════╝

    Error Context: test-results/cat-life-share-390px-zh-Ha-7cbc8-notes-and-responsive-dialog/error-context.md

  126) scripts/browser-tests/cat-life-share.spec.mjs:38:3 › 390px en: real PNG, decodable QR, public latest notes and responsive dialog 

    Error: browserType.launch: Executable doesn't exist at /Users/shaola/Library/Caches/ms-playwright/chromium_headless_shell-1234/chrome-headless-shell-mac-arm64/chrome-headless-shell
    ╔════════════════════════════════════════════════════════════╗
    ║ Looks like Playwright was just installed or updated.       ║
    ║ Please run the following command to download new browsers: ║
    ║                                                            ║
    ║     npx playwright install                                 ║
    ║                                                            ║
    ║ <3 Playwright Team                                         ║
    ╚════════════════════════════════════════════════════════════╝

    Error Context: test-results/cat-life-share-390px-en-re-b2477-notes-and-responsive-dialog/error-context.md

  127) scripts/browser-tests/cat-life-share.spec.mjs:38:3 › 390px ja: real PNG, decodable QR, public latest notes and responsive dialog 

    Error: browserType.launch: Executable doesn't exist at /Users/shaola/Library/Caches/ms-playwright/chromium_headless_shell-1234/chrome-headless-shell-mac-arm64/chrome-headless-shell
    ╔════════════════════════════════════════════════════════════╗
    ║ Looks like Playwright was just installed or updated.       ║
    ║ Please run the following command to download new browsers: ║
    ║                                                            ║
    ║     npx playwright install                                 ║
    ║                                                            ║
    ║ <3 Playwright Team                                         ║
    ╚════════════════════════════════════════════════════════════╝

    Error Context: test-results/cat-life-share-390px-ja-re-2eb76-notes-and-responsive-dialog/error-context.md

  128) scripts/browser-tests/cat-life-share.spec.mjs:38:3 › 1040px zh-Hant: real PNG, decodable QR, public latest notes and responsive dialog 

    Error: browserType.launch: Executable doesn't exist at /Users/shaola/Library/Caches/ms-playwright/chromium_headless_shell-1234/chrome-headless-shell-mac-arm64/chrome-headless-shell
    ╔════════════════════════════════════════════════════════════╗
    ║ Looks like Playwright was just installed or updated.       ║
    ║ Please run the following command to download new browsers: ║
    ║                                                            ║
    ║     npx playwright install                                 ║
    ║                                                            ║
    ║ <3 Playwright Team                                         ║
    ╚════════════════════════════════════════════════════════════╝

    Error Context: test-results/cat-life-share-1040px-zh-H-e5660-notes-and-responsive-dialog/error-context.md

  129) scripts/browser-tests/cat-life-share.spec.mjs:38:3 › 1040px en: real PNG, decodable QR, public latest notes and responsive dialog 

    Error: browserType.launch: Executable doesn't exist at /Users/shaola/Library/Caches/ms-playwright/chromium_headless_shell-1234/chrome-headless-shell-mac-arm64/chrome-headless-shell
    ╔════════════════════════════════════════════════════════════╗
    ║ Looks like Playwright was just installed or updated.       ║
    ║ Please run the following command to download new browsers: ║
    ║                                                            ║
    ║     npx playwright install                                 ║
    ║                                                            ║
    ║ <3 Playwright Team                                         ║
    ╚════════════════════════════════════════════════════════════╝

    Error Context: test-results/cat-life-share-1040px-en-r-81659-notes-and-responsive-dialog/error-context.md

  130) scripts/browser-tests/cat-life-share.spec.mjs:38:3 › 1040px ja: real PNG, decodable QR, public latest notes and responsive dialog 

    Error: browserType.launch: Executable doesn't exist at /Users/shaola/Library/Caches/ms-playwright/chromium_headless_shell-1234/chrome-headless-shell-mac-arm64/chrome-headless-shell
    ╔════════════════════════════════════════════════════════════╗
    ║ Looks like Playwright was just installed or updated.       ║
    ║ Please run the following command to download new browsers: ║
    ║                                                            ║
    ║     npx playwright install                                 ║
    ║                                                            ║
    ║ <3 Playwright Team                                         ║
    ╚════════════════════════════════════════════════════════════╝

    Error Context: test-results/cat-life-share-1040px-ja-r-ac4d2-notes-and-responsive-dialog/error-context.md

  131) scripts/browser-tests/cat-life-share.spec.mjs:38:3 › 1280px zh-Hant: real PNG, decodable QR, public latest notes and responsive dialog 

    Error: browserType.launch: Executable doesn't exist at /Users/shaola/Library/Caches/ms-playwright/chromium_headless_shell-1234/chrome-headless-shell-mac-arm64/chrome-headless-shell
    ╔════════════════════════════════════════════════════════════╗
    ║ Looks like Playwright was just installed or updated.       ║
    ║ Please run the following command to download new browsers: ║
    ║                                                            ║
    ║     npx playwright install                                 ║
    ║                                                            ║
    ║ <3 Playwright Team                                         ║
    ╚════════════════════════════════════════════════════════════╝

    Error Context: test-results/cat-life-share-1280px-zh-H-7676d-notes-and-responsive-dialog/error-context.md

  132) scripts/browser-tests/cat-life-share.spec.mjs:38:3 › 1280px en: real PNG, decodable QR, public latest notes and responsive dialog 

    Error: browserType.launch: Executable doesn't exist at /Users/shaola/Library/Caches/ms-playwright/chromium_headless_shell-1234/chrome-headless-shell-mac-arm64/chrome-headless-shell
    ╔════════════════════════════════════════════════════════════╗
    ║ Looks like Playwright was just installed or updated.       ║
    ║ Please run the following command to download new browsers: ║
    ║                                                            ║
    ║     npx playwright install                                 ║
    ║                                                            ║
    ║ <3 Playwright Team                                         ║
    ╚════════════════════════════════════════════════════════════╝

    Error Context: test-results/cat-life-share-1280px-en-r-46ebc-notes-and-responsive-dialog/error-context.md

  133) scripts/browser-tests/cat-life-share.spec.mjs:38:3 › 1280px ja: real PNG, decodable QR, public latest notes and responsive dialog 

    Error: browserType.launch: Executable doesn't exist at /Users/shaola/Library/Caches/ms-playwright/chromium_headless_shell-1234/chrome-headless-shell-mac-arm64/chrome-headless-shell
    ╔════════════════════════════════════════════════════════════╗
    ║ Looks like Playwright was just installed or updated.       ║
    ║ Please run the following command to download new browsers: ║
    ║                                                            ║
    ║     npx playwright install                                 ║
    ║                                                            ║
    ║ <3 Playwright Team                                         ║
    ╚════════════════════════════════════════════════════════════╝

    Error Context: test-results/cat-life-share-1280px-ja-r-9589c-notes-and-responsive-dialog/error-context.md

  134) scripts/browser-tests/cat-life-share.spec.mjs:74:1 › explicit redraw and actual commerce completion keep the image, selection and focused controls 

    Error: browserType.launch: Executable doesn't exist at /Users/shaola/Library/Caches/ms-playwright/chromium_headless_shell-1234/chrome-headless-shell-mac-arm64/chrome-headless-shell
    ╔════════════════════════════════════════════════════════════╗
    ║ Looks like Playwright was just installed or updated.       ║
    ║ Please run the following command to download new browsers: ║
    ║                                                            ║
    ║     npx playwright install                                 ║
    ║                                                            ║
    ║ <3 Playwright Team                                         ║
    ╚════════════════════════════════════════════════════════════╝

    Error Context: test-results/cat-life-share-explicit-re-a2a17-ection-and-focused-controls/error-context.md

  135) scripts/browser-tests/cat-life-share.spec.mjs:88:79 › failed station-letter.webp can retry without offering a broken PNG 

    Error: browserType.launch: Executable doesn't exist at /Users/shaola/Library/Caches/ms-playwright/chromium_headless_shell-1234/chrome-headless-shell-mac-arm64/chrome-headless-shell
    ╔════════════════════════════════════════════════════════════╗
    ║ Looks like Playwright was just installed or updated.       ║
    ║ Please run the following command to download new browsers: ║
    ║                                                            ║
    ║     npx playwright install                                 ║
    ║                                                            ║
    ║ <3 Playwright Team                                         ║
    ╚════════════════════════════════════════════════════════════╝

    Error Context: test-results/cat-life-share-failed-stat-fcfd7-thout-offering-a-broken-PNG/error-context.md

  136) scripts/browser-tests/cat-life-share.spec.mjs:88:79 › failed letter-title.ttf can retry without offering a broken PNG 

    Error: browserType.launch: Executable doesn't exist at /Users/shaola/Library/Caches/ms-playwright/chromium_headless_shell-1234/chrome-headless-shell-mac-arm64/chrome-headless-shell
    ╔════════════════════════════════════════════════════════════╗
    ║ Looks like Playwright was just installed or updated.       ║
    ║ Please run the following command to download new browsers: ║
    ║                                                            ║
    ║     npx playwright install                                 ║
    ║                                                            ║
    ║ <3 Playwright Team                                         ║
    ╚════════════════════════════════════════════════════════════╝

    Error Context: test-results/cat-life-share-failed-lett-6b45f-thout-offering-a-broken-PNG/error-context.md

  137) scripts/browser-tests/cat-life-share.spec.mjs:88:79 › failed qrcode.js can retry without offering a broken PNG 

    Error: browserType.launch: Executable doesn't exist at /Users/shaola/Library/Caches/ms-playwright/chromium_headless_shell-1234/chrome-headless-shell-mac-arm64/chrome-headless-shell
    ╔════════════════════════════════════════════════════════════╗
    ║ Looks like Playwright was just installed or updated.       ║
    ║ Please run the following command to download new browsers: ║
    ║                                                            ║
    ║     npx playwright install                                 ║
    ║                                                            ║
    ║ <3 Playwright Team                                         ║
    ╚════════════════════════════════════════════════════════════╝

    Error Context: test-results/cat-life-share-failed-qrco-3dd22-thout-offering-a-broken-PNG/error-context.md

  138) scripts/browser-tests/cat-life-share.spec.mjs:98:1 › closing while generation is pending cannot resurrect a dialog or leak object URLs 

    Error: browserType.launch: Executable doesn't exist at /Users/shaola/Library/Caches/ms-playwright/chromium_headless_shell-1234/chrome-headless-shell-mac-arm64/chrome-headless-shell
    ╔════════════════════════════════════════════════════════════╗
    ║ Looks like Playwright was just installed or updated.       ║
    ║ Please run the following command to download new browsers: ║
    ║                                                            ║
    ║     npx playwright install                                 ║
    ║                                                            ║
    ║ <3 Playwright Team                                         ║
    ╚════════════════════════════════════════════════════════════╝

    Error Context: test-results/cat-life-share-closing-whi-7fe9b--dialog-or-leak-object-URLs/error-context.md

  139) scripts/browser-tests/cat-life-share.spec.mjs:120:1 › clipboard failure selects manual copy, success copies the clean public link 

    Error: browserType.launch: Executable doesn't exist at /Users/shaola/Library/Caches/ms-playwright/chromium_headless_shell-1234/chrome-headless-shell-mac-arm64/chrome-headless-shell
    ╔════════════════════════════════════════════════════════════╗
    ║ Looks like Playwright was just installed or updated.       ║
    ║ Please run the following command to download new browsers: ║
    ║                                                            ║
    ║     npx playwright install                                 ║
    ║                                                            ║
    ║ <3 Playwright Team                                         ║
    ╚════════════════════════════════════════════════════════════╝

    Error Context: test-results/cat-life-share-clipboard-f-32542-opies-the-clean-public-link/error-context.md

  140) scripts/browser-tests/cat-life-share.spec.mjs:132:72 › native share success uses a prepared file and truthful feedback 

    Error: browserType.launch: Executable doesn't exist at /Users/shaola/Library/Caches/ms-playwright/chromium_headless_shell-1234/chrome-headless-shell-mac-arm64/chrome-headless-shell
    ╔════════════════════════════════════════════════════════════╗
    ║ Looks like Playwright was just installed or updated.       ║
    ║ Please run the following command to download new browsers: ║
    ║                                                            ║
    ║     npx playwright install                                 ║
    ║                                                            ║
    ║ <3 Playwright Team                                         ║
    ╚════════════════════════════════════════════════════════════╝

    Error Context: test-results/cat-life-share-native-shar-22cd6--file-and-truthful-feedback/error-context.md

  141) scripts/browser-tests/cat-life-share.spec.mjs:132:72 › native share cancel uses a prepared file and truthful feedback 

    Error: browserType.launch: Executable doesn't exist at /Users/shaola/Library/Caches/ms-playwright/chromium_headless_shell-1234/chrome-headless-shell-mac-arm64/chrome-headless-shell
    ╔════════════════════════════════════════════════════════════╗
    ║ Looks like Playwright was just installed or updated.       ║
    ║ Please run the following command to download new browsers: ║
    ║                                                            ║
    ║     npx playwright install                                 ║
    ║                                                            ║
    ║ <3 Playwright Team                                         ║
    ╚════════════════════════════════════════════════════════════╝

    Error Context: test-results/cat-life-share-native-shar-521e4--file-and-truthful-feedback/error-context.md

  142) scripts/browser-tests/cat-life-share.spec.mjs:132:72 › native share failure uses a prepared file and truthful feedback 

    Error: browserType.launch: Executable doesn't exist at /Users/shaola/Library/Caches/ms-playwright/chromium_headless_shell-1234/chrome-headless-shell-mac-arm64/chrome-headless-shell
    ╔════════════════════════════════════════════════════════════╗
    ║ Looks like Playwright was just installed or updated.       ║
    ║ Please run the following command to download new browsers: ║
    ║                                                            ║
    ║     npx playwright install                                 ║
    ║                                                            ║
    ║ <3 Playwright Team                                         ║
    ╚════════════════════════════════════════════════════════════╝

    Error Context: test-results/cat-life-share-native-shar-a9232--file-and-truthful-feedback/error-context.md

  143) scripts/browser-tests/cat-life-share.spec.mjs:132:72 › native share unsupported uses a prepared file and truthful feedback 

    Error: browserType.launch: Executable doesn't exist at /Users/shaola/Library/Caches/ms-playwright/chromium_headless_shell-1234/chrome-headless-shell-mac-arm64/chrome-headless-shell
    ╔════════════════════════════════════════════════════════════╗
    ║ Looks like Playwright was just installed or updated.       ║
    ║ Please run the following command to download new browsers: ║
    ║                                                            ║
    ║     npx playwright install                                 ║
    ║                                                            ║
    ║ <3 Playwright Team                                         ║
    ╚════════════════════════════════════════════════════════════╝

    Error Context: test-results/cat-life-share-native-shar-1f5f1--file-and-truthful-feedback/error-context.md

  144) scripts/browser-tests/cat-life-storybook.spec.mjs:36:1 › keeps the storybook shell coherent across every desktop game page 

    Error: browserType.launch: Executable doesn't exist at /Users/shaola/Library/Caches/ms-playwright/chromium_headless_shell-1234/chrome-headless-shell-mac-arm64/chrome-headless-shell
    ╔════════════════════════════════════════════════════════════╗
    ║ Looks like Playwright was just installed or updated.       ║
    ║ Please run the following command to download new browsers: ║
    ║                                                            ║
    ║     npx playwright install                                 ║
    ║                                                            ║
    ║ <3 Playwright Team                                         ║
    ╚════════════════════════════════════════════════════════════╝

    Error Context: test-results/cat-life-storybook-keeps-t-fb812-oss-every-desktop-game-page/error-context.md

  145) scripts/browser-tests/cat-life-storybook.spec.mjs:205:1 › keeps hospital treatment copy and patient profile selection aligned 

    Error: browserType.launch: Executable doesn't exist at /Users/shaola/Library/Caches/ms-playwright/chromium_headless_shell-1234/chrome-headless-shell-mac-arm64/chrome-headless-shell
    ╔════════════════════════════════════════════════════════════╗
    ║ Looks like Playwright was just installed or updated.       ║
    ║ Please run the following command to download new browsers: ║
    ║                                                            ║
    ║     npx playwright install                                 ║
    ║                                                            ║
    ║ <3 Playwright Team                                         ║
    ╚════════════════════════════════════════════════════════════╝

    Error Context: test-results/cat-life-storybook-keeps-h-306f2-t-profile-selection-aligned/error-context.md

  146) scripts/browser-tests/cat-life-storybook.spec.mjs:245:1 › fits the storybook shell, cat stage, shop tabs, and More menu at 390px 

    Error: browserType.launch: Executable doesn't exist at /Users/shaola/Library/Caches/ms-playwright/chromium_headless_shell-1234/chrome-headless-shell-mac-arm64/chrome-headless-shell
    ╔════════════════════════════════════════════════════════════╗
    ║ Looks like Playwright was just installed or updated.       ║
    ║ Please run the following command to download new browsers: ║
    ║                                                            ║
    ║     npx playwright install                                 ║
    ║                                                            ║
    ║ <3 Playwright Team                                         ║
    ╚════════════════════════════════════════════════════════════╝

    Error Context: test-results/cat-life-storybook-fits-th-21dd4-tabs-and-More-menu-at-390px/error-context.md

  147) scripts/browser-tests/cat-life-storybook.spec.mjs:314:1 › aligns the website account action with the language control 

    Error: browserType.launch: Executable doesn't exist at /Users/shaola/Library/Caches/ms-playwright/chromium_headless_shell-1234/chrome-headless-shell-mac-arm64/chrome-headless-shell
    ╔════════════════════════════════════════════════════════════╗
    ║ Looks like Playwright was just installed or updated.       ║
    ║ Please run the following command to download new browsers: ║
    ║                                                            ║
    ║     npx playwright install                                 ║
    ║                                                            ║
    ║ <3 Playwright Team                                         ║
    ╚════════════════════════════════════════════════════════════╝

    Error Context: test-results/cat-life-storybook-aligns--114f9-n-with-the-language-control/error-context.md

  148) scripts/browser-tests/site-mobile-header.spec.mjs:11:1 › keeps the localized mobile homepage navigation in an equal two-by-two grid 

    Error: browserType.launch: Executable doesn't exist at /Users/shaola/Library/Caches/ms-playwright/chromium_headless_shell-1234/chrome-headless-shell-mac-arm64/chrome-headless-shell
    ╔════════════════════════════════════════════════════════════╗
    ║ Looks like Playwright was just installed or updated.       ║
    ║ Please run the following command to download new browsers: ║
    ║                                                            ║
    ║     npx playwright install                                 ║
    ║                                                            ║
    ║ <3 Playwright Team                                         ║
    ╚════════════════════════════════════════════════════════════╝

    Error Context: test-results/site-mobile-header-keeps-t-094a3-in-an-equal-two-by-two-grid/error-context.md

  148 failed
    scripts/browser-tests/cat-life-cloud-save.spec.mjs:43:1 › migrates a legacy guest save before first cloud upload and blocks oversized follow-up writes 
    scripts/browser-tests/cat-life-cloud-save.spec.mjs:96:1 › lists recovery records and restores a selected cloud revision 
    scripts/browser-tests/cat-life-cloud-save.spec.mjs:160:1 › shows the conflict chooser when another session wins the revision race 
    scripts/browser-tests/cat-life-cloud-save.spec.mjs:199:1 › keeps member recovery controls reachable at mobile width 
    scripts/browser-tests/cat-life-commerce-refresh.spec.mjs:81:3 › out-of-order commerce responses cannot overwrite latest state: older-success 
    scripts/browser-tests/cat-life-commerce-refresh.spec.mjs:81:3 › out-of-order commerce responses cannot overwrite latest state: older-failure 
    scripts/browser-tests/cat-life-commerce-refresh.spec.mjs:81:3 › out-of-order commerce responses cannot overwrite latest state: newer-guest 
    scripts/browser-tests/cat-life-commerce-refresh.spec.mjs:81:3 › out-of-order commerce responses cannot overwrite latest state: newer-failure 
    scripts/browser-tests/cat-life-commerce-refresh.spec.mjs:117:3 › a refresh rejects inconsistent endpoint identities: different-accounts 
    scripts/browser-tests/cat-life-commerce-refresh.spec.mjs:117:3 › a refresh rejects inconsistent endpoint identities: different-authentication 
    scripts/browser-tests/cat-life-commerce-refresh.spec.mjs:132:7 › arcade slot rules survive successful commerce and background render at 390px 
    scripts/browser-tests/cat-life-commerce-refresh.spec.mjs:132:7 › arcade slot rules survive failed commerce and background render at 390px 
    scripts/browser-tests/cat-life-commerce-refresh.spec.mjs:132:7 › arcade lottery rules survive successful commerce and background render at 390px 
    scripts/browser-tests/cat-life-commerce-refresh.spec.mjs:132:7 › arcade lottery rules survive failed commerce and background render at 390px 
    scripts/browser-tests/cat-life-commerce-refresh.spec.mjs:158:3 › lottery digit retains value and focus across background and commerce render at 390px 
    scripts/browser-tests/cat-life-commerce-refresh.spec.mjs:174:3 › care rules remain open and focused across background and commerce render at 390px 
    scripts/browser-tests/cat-life-commerce-refresh.spec.mjs:198:5 › background focus rejects disabled replacement at 390px 
    scripts/browser-tests/cat-life-commerce-refresh.spec.mjs:198:5 › background focus rejects duplicate replacement at 390px 
    scripts/browser-tests/cat-life-commerce-refresh.spec.mjs:198:5 › background focus rejects other-region replacement at 390px 
    scripts/browser-tests/cat-life-commerce-refresh.spec.mjs:238:3 › member entitlement initialization updates ownership without interrupting editing at 390px 
    scripts/browser-tests/cat-life-commerce-refresh.spec.mjs:273:7 › initial commerce success preserves cats draft and selection at 390px 
    scripts/browser-tests/cat-life-commerce-refresh.spec.mjs:273:7 › initial commerce success preserves save draft and selection at 390px 
    scripts/browser-tests/cat-life-commerce-refresh.spec.mjs:294:5 › initial commerce success preserves rename button focus and unsubmitted draft at 390px 
    scripts/browser-tests/cat-life-commerce-refresh.spec.mjs:273:7 › initial commerce failure preserves cats draft and selection at 390px 
    scripts/browser-tests/cat-life-commerce-refresh.spec.mjs:273:7 › initial commerce failure preserves save draft and selection at 390px 
    scripts/browser-tests/cat-life-commerce-refresh.spec.mjs:294:5 › initial commerce failure preserves rename button focus and unsubmitted draft at 390px 
    scripts/browser-tests/cat-life-commerce-refresh.spec.mjs:313:3 › late commerce response preserves current navigation focus without reopening an old page at 390px 
    scripts/browser-tests/cat-life-commerce-refresh.spec.mjs:132:7 › arcade slot rules survive successful commerce and background render at 1280px 
    scripts/browser-tests/cat-life-commerce-refresh.spec.mjs:132:7 › arcade slot rules survive failed commerce and background render at 1280px 
    scripts/browser-tests/cat-life-commerce-refresh.spec.mjs:132:7 › arcade lottery rules survive successful commerce and background render at 1280px 
    scripts/browser-tests/cat-life-commerce-refresh.spec.mjs:132:7 › arcade lottery rules survive failed commerce and background render at 1280px 
    scripts/browser-tests/cat-life-commerce-refresh.spec.mjs:158:3 › lottery digit retains value and focus across background and commerce render at 1280px 
    scripts/browser-tests/cat-life-commerce-refresh.spec.mjs:174:3 › care rules remain open and focused across background and commerce render at 1280px 
    scripts/browser-tests/cat-life-commerce-refresh.spec.mjs:198:5 › background focus rejects disabled replacement at 1280px 
    scripts/browser-tests/cat-life-commerce-refresh.spec.mjs:198:5 › background focus rejects duplicate replacement at 1280px 
    scripts/browser-tests/cat-life-commerce-refresh.spec.mjs:198:5 › background focus rejects other-region replacement at 1280px 
    scripts/browser-tests/cat-life-commerce-refresh.spec.mjs:238:3 › member entitlement initialization updates ownership without interrupting editing at 1280px 
    scripts/browser-tests/cat-life-commerce-refresh.spec.mjs:273:7 › initial commerce success preserves cats draft and selection at 1280px 
    scripts/browser-tests/cat-life-commerce-refresh.spec.mjs:273:7 › initial commerce success preserves save draft and selection at 1280px 
    scripts/browser-tests/cat-life-commerce-refresh.spec.mjs:294:5 › initial commerce success preserves rename button focus and unsubmitted draft at 1280px 
    scripts/browser-tests/cat-life-commerce-refresh.spec.mjs:273:7 › initial commerce failure preserves cats draft and selection at 1280px 
    scripts/browser-tests/cat-life-commerce-refresh.spec.mjs:273:7 › initial commerce failure preserves save draft and selection at 1280px 
    scripts/browser-tests/cat-life-commerce-refresh.spec.mjs:294:5 › initial commerce failure preserves rename button focus and unsubmitted draft at 1280px 
    scripts/browser-tests/cat-life-commerce-refresh.spec.mjs:313:3 › late commerce response preserves current navigation focus without reopening an old page at 1280px 
    scripts/browser-tests/cat-life-commerce.spec.mjs:101:3 › room purchase, decoration, reload and revocation through UI at 1440px 
    scripts/browser-tests/cat-life-commerce.spec.mjs:101:3 › room purchase, decoration, reload and revocation through UI at 390px 
    scripts/browser-tests/cat-life-commerce.spec.mjs:183:1 › bench avoidance repairs old full-room layouts visually, survives resize and constrains dragging 
    scripts/browser-tests/cat-life-commerce.spec.mjs:269:3 › localized offer scope and support links fit mobile: en 
    scripts/browser-tests/cat-life-commerce.spec.mjs:269:3 › localized offer scope and support links fit mobile: zh-CN 
    scripts/browser-tests/cat-life-commerce.spec.mjs:269:3 › localized offer scope and support links fit mobile: zh-Hant 
    scripts/browser-tests/cat-life-commerce.spec.mjs:269:3 › localized offer scope and support links fit mobile: ja 
    scripts/browser-tests/cat-life-commerce.spec.mjs:304:1 › uncertain redemption preserves the retry key and never promises no debit 
    scripts/browser-tests/cat-life-commerce.spec.mjs:327:1 › redeems an active skin with server data only and applies the official entitlement 
    scripts/browser-tests/cat-life-commerce.spec.mjs:398:1 › shows active products to guests but routes redemption through member sign-in 
    scripts/browser-tests/cat-life-commerce.spec.mjs:419:1 › keeps the normal shop and member store as separate pages 
    scripts/browser-tests/cat-life-commerce.spec.mjs:464:1 › keeps live player condition only in the masthead and exposes work progression 
    scripts/browser-tests/cat-life-commerce.spec.mjs:476:1 › keeps compact mouse controls while restoring 44px touch targets 
    scripts/browser-tests/cat-life-commerce.spec.mjs:490:1 › opens the separate member store from mobile More without horizontal overflow 
    scripts/browser-tests/cat-life-commerce.spec.mjs:510:1 › unlocks the complete station room option set from an account entitlement 
    scripts/browser-tests/cat-life-commerce.spec.mjs:539:1 › keeps forged premium room values visually locked for a guest and fits mobile width 
    scripts/browser-tests/cat-life-commerce.spec.mjs:579:1 › does not reuse another account offline entitlement cache after an account switch 
    scripts/browser-tests/cat-life-commerce.spec.mjs:601:1 › keeps cosmetics offline after verifying the same account without enabling redemption 
    scripts/browser-tests/cat-life-commerce.spec.mjs:629:1 › cached account and cosmetics cannot start the game when the session is unavailable 
    scripts/browser-tests/cat-life-commerce.spec.mjs:649:1 › removes equipped premium visuals after the server revokes their entitlements 
    scripts/browser-tests/cat-life-gentle-care.spec.mjs:43:1 › leaving does not overwrite a compatible slot changed outside the running game 
    scripts/browser-tests/cat-life-gentle-care.spec.mjs:59:1 › 390px: welcome back after a week, rescue and emergency meal remain usable after reload 
    scripts/browser-tests/cat-life-gentle-care.spec.mjs:84:1 › temporary care connects cats, hospital, collection and backpack without consuming supplies 
    scripts/browser-tests/cat-life-gentle-care.spec.mjs:99:1 › old loss stays opt-in and recovery keeps a local backup and the same bond 
    scripts/browser-tests/cat-life-gentle-care.spec.mjs:115:1 › focus plus reload preserves two partial 20-minute care intervals 
    scripts/browser-tests/cat-life-gentle-care.spec.mjs:133:1 › v2 import honors old cat trackers despite fresh meta and shows the new release notice 
    scripts/browser-tests/cat-life-interaction-polish.spec.mjs:18:39 › 390px veteran: guidance locates one care action; settlement is inline once 
    scripts/browser-tests/cat-life-interaction-polish.spec.mjs:18:39 › 390px novice: guidance locates one care action; settlement is inline once 
    scripts/browser-tests/cat-life-interaction-polish.spec.mjs:46:3 › 390px: find additional care opens details without consuming; orange focus survives redraw 
    scripts/browser-tests/cat-life-interaction-polish.spec.mjs:18:39 › 1280px veteran: guidance locates one care action; settlement is inline once 
    scripts/browser-tests/cat-life-interaction-polish.spec.mjs:18:39 › 1280px novice: guidance locates one care action; settlement is inline once 
    scripts/browser-tests/cat-life-interaction-polish.spec.mjs:46:3 › 1280px: find additional care opens details without consuming; orange focus survives redraw 
    scripts/browser-tests/cat-life-interaction-polish.spec.mjs:70:1 › home care keeps success toast; failed care on the cat page keeps errors 
    scripts/browser-tests/cat-life-interactions.spec.mjs:16:40 › 390px: scene, honest receipt, stable three-action layout and additional care 
    scripts/browser-tests/cat-life-interactions.spec.mjs:16:40 › 1040px: scene, honest receipt, stable three-action layout and additional care 
    scripts/browser-tests/cat-life-interactions.spec.mjs:16:40 › 1280px: scene, honest receipt, stable three-action layout and additional care 
    scripts/browser-tests/cat-life-interactions.spec.mjs:40:1 › double click across replacement settles once; background render resumes the animation clock 
    scripts/browser-tests/cat-life-interactions.spec.mjs:57:1 › rest and play have distinct animation, reduced motion disables it; reload clears only UI feedback 
    scripts/browser-tests/cat-life-memories.spec.mjs:20:1 › 390px: actual care creates memories; home opens the correct journal, reload and rename retain entries 
    scripts/browser-tests/cat-life-memories.spec.mjs:57:1 › journal expansion survives actions and focus refresh while nickname drafts are kept 
    scripts/browser-tests/cat-life-memories.spec.mjs:84:1 › most recent memory selects its own cat instead of the previously selected cat 
    scripts/browser-tests/cat-life-memories.spec.mjs:105:3 › zh-CN: legacy milestones have no invented dates; complete bond and future journal remain readable 
    scripts/browser-tests/cat-life-memories.spec.mjs:105:3 › en: legacy milestones have no invented dates; complete bond and future journal remain readable 
    scripts/browser-tests/cat-life-memories.spec.mjs:105:3 › ja: legacy milestones have no invented dates; complete bond and future journal remain readable 
    scripts/browser-tests/cat-life-motion.spec.mjs:25:40 › 390px: CSP-safe rig actually draws; feeding preserves settlement, focus and canvas through redraw 
    scripts/browser-tests/cat-life-motion.spec.mjs:25:40 › 1040px: CSP-safe rig actually draws; feeding preserves settlement, focus and canvas through redraw 
    scripts/browser-tests/cat-life-motion.spec.mjs:25:40 › 1280px: CSP-safe rig actually draws; feeding preserves settlement, focus and canvas through redraw 
    scripts/browser-tests/cat-life-motion.spec.mjs:55:1 › reduced motion, membership and non-orange/sheltered/dead cats retain their original art 
    scripts/browser-tests/cat-life-motion.spec.mjs:76:1 › asset failure keeps a visible image and care still settles 
    scripts/browser-tests/cat-life-motion.spec.mjs:84:1 › home and room use animated cats; repeated routes and save replacement cannot retain stale canvases 
    scripts/browser-tests/cat-life-motion.spec.mjs:103:1 › entering the room during a care reaction resumes the rig when the reaction expires 
    scripts/browser-tests/cat-life-music.spec.mjs:34:3 › 390px: approved AAC decodes after gesture, loops and survives all page changes without restarting 
    scripts/browser-tests/cat-life-music.spec.mjs:49:3 › 390px: mute, volume and hidden/BFCache restoration pause and resume the same decoded track 
    scripts/browser-tests/cat-life-music.spec.mjs:34:3 › 1280px: approved AAC decodes after gesture, loops and survives all page changes without restarting 
    scripts/browser-tests/cat-life-music.spec.mjs:49:3 › 1280px: mute, volume and hidden/BFCache restoration pause and resume the same decoded track 
    scripts/browser-tests/cat-life-music.spec.mjs:76:1 › native decoded loop crosses the 75-second boundary without a silent padding gap 
    scripts/browser-tests/cat-life-music.spec.mjs:92:1 › delayed asset cannot play after mute; failed requests stay quiet until a fresh gesture 
    scripts/browser-tests/cat-life-music.spec.mjs:112:1 › existing custom music stays selected, pauses/resumes, and clearing restores the new default 
    scripts/browser-tests/cat-life-onboarding.spec.mjs:17:1 › 390px first visit: meet, claim once, feed, play and finish real work; progress survives reload 
    scripts/browser-tests/cat-life-onboarding.spec.mjs:55:1 › a week away retains the second package and care date; welcome-home does not earn a learning day 
    scripts/browser-tests/cat-life-onboarding.spec.mjs:86:1 › first clinic aid works with no coins, synchronizes with hospital UI and cannot be reused 
    scripts/browser-tests/cat-life-onboarding.spec.mjs:115:1 › third care day completes at UTC midnight without needing navigation, while free rescue remains 
    scripts/browser-tests/cat-life-onboarding.spec.mjs:139:1 › return recommendations stay useful for veterans, and three locales fit 390px and desktop 
    scripts/browser-tests/cat-life-onboarding.spec.mjs:166:1 › focus, visibility and real background updates preserve unsubmitted names and import text 
    scripts/browser-tests/cat-life-onboarding.spec.mjs:206:1 › an unclaimed third package survives midnight and reload without extending protection or allowing duplicates 
    scripts/browser-tests/cat-life-onboarding.spec.mjs:234:1 › home rescues overlooked companions first and keeps in-place meals on the care route 
    scripts/browser-tests/cat-life-release-history.spec.mjs:9:34 › 390px: release history stays folded until requested, preserving focus and expansion on refresh 
    scripts/browser-tests/cat-life-release-history.spec.mjs:9:34 › 1280px: release history stays folded until requested, preserving focus and expansion on refresh 
    scripts/browser-tests/cat-life-review-interactions.spec.mjs:64:3 › 390px: rescue successors stay stationary under an edge hover and accept ordinary clicks 
    scripts/browser-tests/cat-life-review-interactions.spec.mjs:99:70 › 390px: live sampler rejects move after observing a redraw 
    scripts/browser-tests/cat-life-review-interactions.spec.mjs:99:70 › 390px: live sampler rejects hidden after observing a redraw 
    scripts/browser-tests/cat-life-review-interactions.spec.mjs:99:70 › 390px: live sampler rejects deleted after observing a redraw 
    scripts/browser-tests/cat-life-review-interactions.spec.mjs:99:70 › 390px: live sampler rejects duplicate after observing a redraw 
    scripts/browser-tests/cat-life-review-interactions.spec.mjs:122:3 › 390px: expanding ten memories retains visible keyboard focus without moving the control 
    scripts/browser-tests/cat-life-review-interactions.spec.mjs:64:3 › 1280px: rescue successors stay stationary under an edge hover and accept ordinary clicks 
    scripts/browser-tests/cat-life-review-interactions.spec.mjs:99:70 › 1280px: live sampler rejects move after observing a redraw 
    scripts/browser-tests/cat-life-review-interactions.spec.mjs:99:70 › 1280px: live sampler rejects hidden after observing a redraw 
    scripts/browser-tests/cat-life-review-interactions.spec.mjs:99:70 › 1280px: live sampler rejects deleted after observing a redraw 
    scripts/browser-tests/cat-life-review-interactions.spec.mjs:99:70 › 1280px: live sampler rejects duplicate after observing a redraw 
    scripts/browser-tests/cat-life-review-interactions.spec.mjs:122:3 › 1280px: expanding ten memories retains visible keyboard focus without moving the control 
    scripts/browser-tests/cat-life-share.spec.mjs:38:3 › 390px zh-Hant: real PNG, decodable QR, public latest notes and responsive dialog 
    scripts/browser-tests/cat-life-share.spec.mjs:38:3 › 390px en: real PNG, decodable QR, public latest notes and responsive dialog 
    scripts/browser-tests/cat-life-share.spec.mjs:38:3 › 390px ja: real PNG, decodable QR, public latest notes and responsive dialog 
    scripts/browser-tests/cat-life-share.spec.mjs:38:3 › 1040px zh-Hant: real PNG, decodable QR, public latest notes and responsive dialog 
    scripts/browser-tests/cat-life-share.spec.mjs:38:3 › 1040px en: real PNG, decodable QR, public latest notes and responsive dialog 
    scripts/browser-tests/cat-life-share.spec.mjs:38:3 › 1040px ja: real PNG, decodable QR, public latest notes and responsive dialog 
    scripts/browser-tests/cat-life-share.spec.mjs:38:3 › 1280px zh-Hant: real PNG, decodable QR, public latest notes and responsive dialog 
    scripts/browser-tests/cat-life-share.spec.mjs:38:3 › 1280px en: real PNG, decodable QR, public latest notes and responsive dialog 
    scripts/browser-tests/cat-life-share.spec.mjs:38:3 › 1280px ja: real PNG, decodable QR, public latest notes and responsive dialog 
    scripts/browser-tests/cat-life-share.spec.mjs:74:1 › explicit redraw and actual commerce completion keep the image, selection and focused controls 
    scripts/browser-tests/cat-life-share.spec.mjs:88:79 › failed station-letter.webp can retry without offering a broken PNG 
    scripts/browser-tests/cat-life-share.spec.mjs:88:79 › failed letter-title.ttf can retry without offering a broken PNG 
    scripts/browser-tests/cat-life-share.spec.mjs:88:79 › failed qrcode.js can retry without offering a broken PNG 
    scripts/browser-tests/cat-life-share.spec.mjs:98:1 › closing while generation is pending cannot resurrect a dialog or leak object URLs 
    scripts/browser-tests/cat-life-share.spec.mjs:120:1 › clipboard failure selects manual copy, success copies the clean public link 
    scripts/browser-tests/cat-life-share.spec.mjs:132:72 › native share success uses a prepared file and truthful feedback 
    scripts/browser-tests/cat-life-share.spec.mjs:132:72 › native share cancel uses a prepared file and truthful feedback 
    scripts/browser-tests/cat-life-share.spec.mjs:132:72 › native share failure uses a prepared file and truthful feedback 
    scripts/browser-tests/cat-life-share.spec.mjs:132:72 › native share unsupported uses a prepared file and truthful feedback 
    scripts/browser-tests/cat-life-storybook.spec.mjs:36:1 › keeps the storybook shell coherent across every desktop game page 
    scripts/browser-tests/cat-life-storybook.spec.mjs:205:1 › keeps hospital treatment copy and patient profile selection aligned 
    scripts/browser-tests/cat-life-storybook.spec.mjs:245:1 › fits the storybook shell, cat stage, shop tabs, and More menu at 390px 
    scripts/browser-tests/cat-life-storybook.spec.mjs:314:1 › aligns the website account action with the language control 
    scripts/browser-tests/site-mobile-header.spec.mjs:11:1 › keeps the localized mobile homepage navigation in an equal two-by-two grid 
